     1                                  org 100h
     2                                  
     3 00000000 8CC8                    mov ax,cs	; 00000000  8CC8                              
     4 00000002 05                      db 5 ; add ax,imm byte
     5 00000003 1000                    dw 10h ; byte 10h
     6                                  ;add ax,0x10	; 00000002  051000                            
     7 00000005 50                      push ax	; 00000005  50                                
     8 00000006 050001                  add ax,0x100	; 00000006  050001                            
     9 00000009 8ED8                    mov ds,ax	; 00000009  8ED8                              
    10 0000000B B81300                  mov ax,0x13	; 0000000B  B81300                            
    11 0000000E 50                      push ax	; 0000000E  50                                
    12 0000000F CB                      retf	; 0000000F  CB                                
    13 00000010 90                      nop	; 00000010  90                                
    14 00000011 90                      nop	; 00000011  90                                
    15 00000012 90                      nop	; 00000012  90                                
    16 00000013 E8(E00F)                call 0xfe0	; 00000013  E8CA0F                            
    17 00000016 B800B8                  mov ax,0xb800	; 00000016  B800B8                            
    18 00000019 8EC0                    mov es,ax	; 00000019  8EC0                              
    19 0000001B B04F                    mov al,0x4f	; 0000001B  B04F                              
    20 0000001D E661                    out byte 0x61,al	; 0000001D  E661                              
    21 0000001F B0B6                    mov al,0xb6	; 0000001F  B0B6                              
    22 00000021 E643                    out byte 0x43,al	; 00000021  E643                              
    23 00000023 B80400                  mov ax,0x4	; 00000023  B80400                            
    24 00000026 CD10                    int byte 0x10	; 00000026  CD10                              
    25 00000028 BAD903                  mov dx,0x3d9	; 00000028  BAD903                            
    26 0000002B B010                    mov al,0x10	; 0000002B  B010                              
    27 0000002D EE                      out dx,al	; 0000002D  EE                                
    28 0000002E B203                    mov dl,0x3	; 0000002E  B203                              
    29 00000030 E8(2101)                call 0x121	; 00000030  E8EE00                            
    30 00000033 BF5001                  mov di,0x150	; 00000033  BF5001                            
    31 00000036 BE0000                  mov si,0x0	; 00000036  BE0000                            
    32 00000039 BBF4FF                  mov bx,0xfff4	; 00000039  BBF4FF                            
    33 0000003C B91700                  mov cx,0x17	; 0000003C  B91700                            
    34 0000003F BAF71F                  mov dx,0x1ff7	; 0000003F  BAF71F                            
    35 00000042 BD47E0                  mov bp,0xe047	; 00000042  BD47E0                            
    36 00000045 FC                      cld	; 00000045  FC                                
    37 00000046 A5                      movsw	; 00000046  A5                                
    38 00000047 A5                      movsw	; 00000047  A5                                
    39 00000048 A5                      movsw	; 00000048  A5                                
    40 00000049 A5                      movsw	; 00000049  A5                                
    41 0000004A A4                      movsb	; 0000004A  A4                                
    42 0000004B 01D7                    add di,dx	; 0000004B  03FA                              
    43 0000004D 87D5                    xchg dx,bp	; 0000004D  87D5                              
    44 0000004F E2(46)                  loop 0x46	; 0000004F  E2F5                              
    45 00000051 81EF7023                sub di,0x2370	; 00000051  81EF7023                          
    46 00000055 03BFE604                add di,[bx+0x4e6]	; 00000055  03BFE604                          
    47 00000059 83C302                  add bx,0x2	; 00000059  83C302                            
    48 0000005C 0F85(3C00)              jnz 0x3c	; 0000005C  75DE                              
    49 00000060 BEE604                  mov si,0x4e6	; 0000005E  BEE604                            
    50 00000063 BD1201                  mov bp,0x112	; 00000061  BD1201                            
    51 00000066 B400                    mov ah,0x0	; 00000064  B400                              
    52 00000068 CD1A                    int byte 0x1a	; 00000066  CD1A                              
    53 0000006A 89D3                    mov bx,dx	; 00000068  8BDA                              
    54 0000006C B400                    mov ah,0x0	; 0000006A  B400                              
    55 0000006E CD1A                    int byte 0x1a	; 0000006C  CD1A                              
    56 00000070 39D3                    cmp bx,dx	; 0000006E  3BDA                              
    57 00000072 0F84(6A00)              jz 0x6a	; 00000070  74F8                              
    58 00000076 B401                    mov ah,0x1	; 00000072  B401                              
    59 00000078 CD16                    int byte 0x16	; 00000074  CD16                              
    60 0000007A 0F84(8400)              jz 0x84	; 00000076  740C                              
    61 0000007E E8(C00F)                call 0xfc0	; 00000078  E8450F                            
    62 00000081 90                      nop	; 0000007B  90                                
    63 00000082 3C13                    cmp al,0x13	; 0000007C  3C13                              
    64 00000084 0F85(8400)              jnz 0x84	; 0000007E  7504                              
    65 00000088 F61EA02F                neg byte [0x2fa0]	; 00000080  F61EA02F                          
    66 0000008C AD                      lodsw	; 00000084  AD                                
    67 0000008D 803EA02F00              cmp byte [0x2fa0],0x0	; 00000085  803EA02F00                        
    68 00000092 0F8F(9200)              jg 0x92	; 0000008A  7F06                              
    69 00000096 E8(600F)                call 0xf60	; 0000008C  E8D10E                            
    70 00000099 E9(9800)                jmp 0x98	; 0000008F  EB07                              
    71 0000009C 90                      nop	; 00000091  90                                
    72 0000009D E642                    out byte 0x42,al	; 00000092  E642                              
    73 0000009F 88E0                    mov al,ah	; 00000094  8AC4                              
    74 000000A1 E642                    out byte 0x42,al	; 00000096  E642                              
    75 000000A3 83ED02                  sub bp,0x2	; 00000098  83ED02                            
    76 000000A6 0F85(6400)              jnz 0x64	; 0000009B  75C7                              
    77 000000AA B203                    mov dl,0x3	; 0000009D  B203                              
    78 000000AC E8(2101)                call 0x121	; 0000009F  E87F00                            
    79 000000AF B90500                  mov cx,0x5	; 000000A2  B90500                            
    80 000000B2 BEF805                  mov si,0x5f8	; 000000A5  BEF805                            
    81 000000B5 FC                      cld	; 000000A8  FC                                
    82 000000B6 AD                      lodsw	; 000000A9  AD                                
    83 000000B7 89C2                    mov dx,ax	; 000000AA  8BD0                              
    84 000000B9 B700                    mov bh,0x0	; 000000AC  B700                              
    85 000000BB B402                    mov ah,0x2	; 000000AE  B402                              
    86 000000BD CD10                    int byte 0x10	; 000000B0  CD10                              
    87 000000BF AC                      lodsb	; 000000B2  AC                                
    88 000000C0 3C00                    cmp al,0x0	; 000000B3  3C00                              
    89 000000C2 0F84(C000)              jz 0xc0	; 000000B5  7409                              
    90 000000C6 BB0200                  mov bx,0x2	; 000000B7  BB0200                            
    91 000000C9 B40E                    mov ah,0xe	; 000000BA  B40E                              
    92 000000CB CD10                    int byte 0x10	; 000000BC  CD10                              
    93 000000CD E9(B200)                jmp 0xb2	; 000000BE  EBF2                              
    94 000000D0 E2(A8)                  loop 0xa8	; 000000C0  E2E6                              
    95 000000D2 C6068F2F01              mov byte [0x2f8f],0x1	; 000000C2  C6068F2F01                        
    96 000000D7 E8(C00F)                call 0xfc0	; 000000C7  E8F60E                            
    97 000000DA 80FC24                  cmp ah,0x24	; 000000CA  80FC24                            
    98 000000DD 0F84(EE00)              jz 0xee	; 000000CD  741F                              
    99 000000E1 90                      nop	; 000000CF  90                                
   100 000000E2 90                      nop	; 000000D0  90                                
   101 000000E3 C6068F2F00              mov byte [0x2f8f],0x0	; 000000D1  C6068F2F00                        
   102 000000E8 90                      nop	; 000000D6  90                                
   103 000000E9 90                      nop	; 000000D7  90                                
   104 000000EA 90                      nop	; 000000D8  90                                
   105 000000EB 90                      nop	; 000000D9  90                                
   106 000000EC 90                      nop	; 000000DA  90                                
   107 000000ED 90                      nop	; 000000DB  90                                
   108 000000EE 90                      nop	; 000000DC  90                                
   109 000000EF 90                      nop	; 000000DD  90                                
   110 000000F0 90                      nop	; 000000DE  90                                
   111 000000F1 90                      nop	; 000000DF  90                                
   112 000000F2 3C20                    cmp al,0x20	; 000000E0  3C20                              
   113 000000F4 0F84(EE00)              jz 0xee	; 000000E2  740A                              
   114 000000F8 3C13                    cmp al,0x13	; 000000E4  3C13                              
   115 000000FA 0F85(C200)              jnz 0xc2	; 000000E6  75DA                              
   116 000000FE F61EA02F                neg byte [0x2fa0]	; 000000E8  F61EA02F                          
   117 00000102 E9(C200)                jmp 0xc2	; 000000EC  EBD4                              
   118 00000105 C706242D0000            mov word [0x2d24],0x0	; 000000EE  C706242D0000                      
   119 0000010B C606F00603              mov byte [0x6f0],0x3	; 000000F4  C606F00603                        
   120 00000110 C706F1060000            mov word [0x6f1],0x0	; 000000F9  C706F1060000                      
   121 00000116 06                      push es	; 000000FF  06                                
   122 00000117 1E                      push ds	; 00000100  1E                                
   123 00000118 07                      pop es	; 00000101  07                                
   124 00000119 BF7E2F                  mov di,0x2f7e	; 00000102  BF7E2F                            
   125 0000011C B90500                  mov cx,0x5	; 00000105  B90500                            
   126 0000011F FC                      cld	; 00000108  FC                                
   127 00000120 B000                    mov al,0x0	; 00000109  B000                              
   128 00000122 F3AA                    rep stosb	; 0000010B  F3AA                              
   129 00000124 07                      pop es	; 0000010D  07                                
   130 00000125 E8(2E01)                call 0x12e	; 0000010E  E81D00                            
   131 00000128 B002                    mov al,0x2	; 00000111  B002                              
   132 0000012A E642                    out byte 0x42,al	; 00000113  E642                              
   133 0000012C 30C0                    xor al,al	; 00000115  32C0                              
   134 0000012E E642                    out byte 0x42,al	; 00000117  E642                              
   135 00000130 BE7806                  mov si,0x678	; 00000119  BE7806                            
   136 00000133 B90200                  mov cx,0x2	; 0000011C  B90200                            
   137 00000136 E9(A800)                jmp 0xa8	; 0000011F  EB87                              
   138 00000139 B90000                  mov cx,0x0	; 00000121  B90000                            
   139 0000013C E2(24)                  loop 0x124	; 00000124  E2FE                              
   140 0000013E B90000                  mov cx,0x0	; 00000126  B90000                            
   141 00000141 FECA                    dec dl	; 00000129  FECA                              
   142 00000143 0F85(2401)              jnz 0x124	; 0000012B  75F7                              
   143 00000147 C3                      ret	; 0000012D  C3                                
   144 00000148 B80400                  mov ax,0x4	; 0000012E  B80400                            
   145 0000014B CD10                    int byte 0x10	; 00000131  CD10                              
   146 0000014D B40B                    mov ah,0xb	; 00000133  B40B                              
   147 0000014F BB0001                  mov bx,0x100	; 00000135  BB0001                            
   148 00000152 CD10                    int byte 0x10	; 00000138  CD10                              
   149 00000154 B40B                    mov ah,0xb	; 0000013A  B40B                              
   150 00000156 BB1000                  mov bx,0x10	; 0000013C  BB1000                            
   151 00000159 CD10                    int byte 0x10	; 0000013F  CD10                              
   152 0000015B B632                    mov dh,0x32	; 00000141  B632                              
   153 0000015D BF0D00                  mov di,0xd	; 00000143  BF0D00                            
   154 00000160 BB090A                  mov bx,0xa09	; 00000146  BB090A                            
   155 00000163 B23E                    mov dl,0x3e	; 00000149  B23E                              
   156 00000165 8A07                    mov al,[bx]	; 0000014B  8A07                              
   157 00000167 43                      inc bx	; 0000014D  43                                
   158 00000168 3C00                    cmp al,0x0	; 0000014E  3C00                              
   159 0000016A 0F84(7301)              jz 0x173	; 00000150  7421                              
   160 0000016E B400                    mov ah,0x0	; 00000152  B400                              
   161 00000170 89C6                    mov si,ax	; 00000154  8BF0                              
   162 00000172 C1E600                  shl si,0x0	; 00000156  D1E6                              
   163 00000175 C1E600                  shl si,0x0	; 00000158  D1E6                              
   164 00000178 81C69109                add si,0x991	; 0000015A  81C69109                          
   165 0000017C BDFF1F                  mov bp,0x1fff	; 0000015E  BDFF1F                            
   166 0000017F B90400                  mov cx,0x4	; 00000161  B90400                            
   167 00000182 FC                      cld	; 00000164  FC                                
   168 00000183 A4                      movsb	; 00000165  A4                                
   169 00000184 01EF                    add di,bp	; 00000166  03FD                              
   170 00000186 F7DD                    neg bp	; 00000168  F7DD                              
   171 00000188 83C54E                  add bp,0x4e	; 0000016A  83C54E                            
   172 0000018B E2(65)                  loop 0x165	; 0000016D  E2F6                              
   173 0000018D 81EFA000                sub di,0xa0	; 0000016F  81EFA000                          
   174 00000191 47                      inc di	; 00000173  47                                
   175 00000192 FECA                    dec dl	; 00000174  FECA                              
   176 00000194 0F85(4B01)              jnz 0x14b	; 00000176  75D3                              
   177 00000198 83C762                  add di,0x62	; 00000178  83C762                            
   178 0000019B FECE                    dec dh	; 0000017B  FECE                              
   179 0000019D 0F85(4901)              jnz 0x149	; 0000017D  75CA                              
   180 000001A1 06                      push es	; 0000017F  06                                
   181 000001A2 1E                      push ds	; 00000180  1E                                
   182 000001A3 07                      pop es	; 00000181  07                                
   183 000001A4 C606992CE6              mov byte [0x2c99],0xe6	; 00000182  C606992CE6                        
   184 000001A9 BEEA19                  mov si,0x19ea	; 00000187  BEEA19                            
   185 000001AC BF7316                  mov di,0x1673	; 0000018A  BF7316                            
   186 000001AF B97703                  mov cx,0x377	; 0000018D  B97703                            
   187 000001B2 FC                      cld	; 00000190  FC                                
   188 000001B3 F3A4                    rep movsb	; 00000191  F3A4                              
   189 000001B5 07                      pop es	; 00000193  07                                
   190 000001B6 B618                    mov dh,0x18	; 00000194  B618                              
   191 000001B8 BFAF00                  mov di,0xaf	; 00000196  BFAF00                            
   192 000001BB BB9216                  mov bx,0x1692	; 00000199  BB9216                            
   193 000001BE B21D                    mov dl,0x1d	; 0000019C  B21D                              
   194 000001C0 8A07                    mov al,[bx]	; 0000019E  8A07                              
   195 000001C2 43                      inc bx	; 000001A0  43                                
   196 000001C3 3C02                    cmp al,0x2	; 000001A1  3C02                              
   197 000001C5 0F82(CA01)              jc 0x1ca	; 000001A3  7225                              
   198 000001C9 B400                    mov ah,0x0	; 000001A5  B400                              
   199 000001CB 89C6                    mov si,ax	; 000001A7  8BF0                              
   200 000001CD C1E600                  shl si,0x0	; 000001A9  D1E6                              
   201 000001D0 C1E600                  shl si,0x0	; 000001AB  D1E6                              
   202 000001D3 C1E600                  shl si,0x0	; 000001AD  D1E6                              
   203 000001D6 C1E600                  shl si,0x0	; 000001AF  D1E6                              
   204 000001D9 81C61516                add si,0x1615	; 000001B1  81C61516                          
   205 000001DD BDFE1F                  mov bp,0x1ffe	; 000001B5  BDFE1F                            
   206 000001E0 B90800                  mov cx,0x8	; 000001B8  B90800                            
   207 000001E3 FC                      cld	; 000001BB  FC                                
   208 000001E4 A5                      movsw	; 000001BC  A5                                
   209 000001E5 01EF                    add di,bp	; 000001BD  03FD                              
   210 000001E7 F7DD                    neg bp	; 000001BF  F7DD                              
   211 000001E9 83C54C                  add bp,0x4c	; 000001C1  83C54C                            
   212 000001EC E2(BC)                  loop 0x1bc	; 000001C4  E2F6                              
   213 000001EE 81EF4001                sub di,0x140	; 000001C6  81EF4001                          
   214 000001F2 83C702                  add di,0x2	; 000001CA  83C702                            
   215 000001F5 FECA                    dec dl	; 000001CD  FECA                              
   216 000001F7 0F85(9E01)              jnz 0x19e	; 000001CF  75CD                              
   217 000001FB 43                      inc bx	; 000001D1  43                                
   218 000001FC 81C70601                add di,0x106	; 000001D2  81C70601                          
   219 00000200 FECE                    dec dh	; 000001D6  FECE                              
   220 00000202 0F85(9C01)              jnz 0x19c	; 000001D8  75C2                              
   221 00000206 B402                    mov ah,0x2	; 000001DA  B402                              
   222 00000208 BA0101                  mov dx,0x101	; 000001DC  BA0101                            
   223 0000020B B700                    mov bh,0x0	; 000001DF  B700                              
   224 0000020D CD10                    int byte 0x10	; 000001E1  CD10                              
   225 0000020F BEC306                  mov si,0x6c3	; 000001E3  BEC306                            
   226 00000212 B92700                  mov cx,0x27	; 000001E6  B92700                            
   227 00000215 FC                      cld	; 000001E9  FC                                
   228 00000216 AC                      lodsb	; 000001EA  AC                                
   229 00000217 BB0300                  mov bx,0x3	; 000001EB  BB0300                            
   230 0000021A B40E                    mov ah,0xe	; 000001EE  B40E                              
   231 0000021C CD10                    int byte 0x10	; 000001F0  CD10                              
   232 0000021E E2(EA)                  loop 0x1ea	; 000001F2  E2F6                              
   233 00000220 06                      push es	; 000001F4  06                                
   234 00000221 1E                      push ds	; 000001F5  1E                                
   235 00000222 07                      pop es	; 000001F6  07                                
   236 00000223 BF882F                  mov di,0x2f88	; 000001F7  BF882F                            
   237 00000226 BE832F                  mov si,0x2f83	; 000001FA  BE832F                            
   238 00000229 B90500                  mov cx,0x5	; 000001FD  B90500                            
   239 0000022C F3A4                    rep movsb	; 00000200  F3A4                              
   240 0000022E 07                      pop es	; 00000202  07                                
   241 0000022F BF000A                  mov di,0xa00	; 00000203  BF000A                            
   242 00000232 E8(C40E)                call 0xec4	; 00000206  E8BB0C                            
   243 00000235 E8(780E)                call 0xe78	; 00000209  E86C0C                            
   244 00000238 A1F106                  mov ax,[0x6f1]	; 0000020C  A1F106                            
   245 0000023B 40                      inc ax	; 0000020F  40                                
   246 0000023C 83F80C                  cmp ax,0xc	; 00000210  3D0C00                            
   247 0000023F 0F8E(1802)              jng 0x218	; 00000213  7E03                              
   248 00000243 B80C00                  mov ax,0xc	; 00000215  B80C00                            
   249 00000246 A3F106                  mov [0x6f1],ax	; 00000218  A3F106                            
   250 00000249 89C6                    mov si,ax	; 0000021B  8BF0                              
   251 0000024B C1E600                  shl si,0x0	; 0000021D  D1E6                              
   252 0000024E C1E600                  shl si,0x0	; 0000021F  D1E6                              
   253 00000251 8DB4EF06                lea si,[si+0x6ef]	; 00000221  8DB4EF06                          
   254 00000255 FC                      cld	; 00000225  FC                                
   255 00000256 AC                      lodsb	; 00000226  AC                                
   256 00000257 A29A2C                  mov [0x2c9a],al	; 00000227  A29A2C                            
   257 0000025A AC                      lodsb	; 0000022A  AC                                
   258 0000025B A2262D                  mov [0x2d26],al	; 0000022B  A2262D                            
   259 0000025E AD                      lodsw	; 0000022E  AD                                
   260 0000025F A3272D                  mov [0x2d27],ax	; 0000022F  A3272D                            
   261 00000262 8B1EF106                mov bx,[0x6f1]	; 00000232  8B1EF106                          
   262 00000266 83FB08                  cmp bx,0x8	; 00000236  83FB08                            
   263 00000269 0F8E(3E02)              jng 0x23e	; 00000239  7E03                              
   264 0000026D BB0800                  mov bx,0x8	; 0000023B  BB0800                            
   265 00000270 BF191D                  mov di,0x1d19	; 0000023E  BF191D                            
   266 00000273 BE2E2D                  mov si,0x2d2e	; 00000241  BE2E2D                            
   267 00000276 BAFC1F                  mov dx,0x1ffc	; 00000244  BAFC1F                            
   268 00000279 BD4CE0                  mov bp,0xe04c	; 00000247  BD4CE0                            
   269 0000027C B90E00                  mov cx,0xe	; 0000024A  B90E00                            
   270 0000027F 83C603                  add si,0x3	; 0000024D  83C603                            
   271 00000282 FC                      cld	; 00000250  FC                                
   272 00000283 A5                      movsw	; 00000251  A5                                
   273 00000284 A5                      movsw	; 00000252  A5                                
   274 00000285 01D7                    add di,dx	; 00000253  03FA                              
   275 00000287 87D5                    xchg dx,bp	; 00000255  87D5                              
   276 00000289 E2(51)                  loop 0x251	; 00000257  E2F8                              
   277 0000028B 81EFB004                sub di,0x4b0	; 00000259  81EFB004                          
   278 0000028F 4B                      dec bx	; 0000025D  4B                                
   279 00000290 0F85(4A02)              jnz 0x24a	; 0000025E  75EA                              
   280 00000294 8A1EF006                mov bl,[0x6f0]	; 00000260  8A1EF006                          
   281 00000298 B700                    mov bh,0x0	; 00000264  B700                              
   282 0000029A 4B                      dec bx	; 00000266  4B                                
   283 0000029B 0F84(9F02)              jz 0x29f	; 00000267  7436                              
   284 0000029F 89DF                    mov di,bx	; 00000269  8BFB                              
   285 000002A1 C1E700                  shl di,0x0	; 0000026B  D1E7                              
   286 000002A4 C1E700                  shl di,0x0	; 0000026D  D1E7                              
   287 000002A7 01DF                    add di,bx	; 0000026F  03FB                              
   288 000002A9 C1E700                  shl di,0x0	; 00000271  D1E7                              
   289 000002AC C1E700                  shl di,0x0	; 00000273  D1E7                              
   290 000002AF C1E700                  shl di,0x0	; 00000275  D1E7                              
   291 000002B2 C1E700                  shl di,0x0	; 00000277  D1E7                              
   292 000002B5 C1E700                  shl di,0x0	; 00000279  D1E7                              
   293 000002B8 C1E700                  shl di,0x0	; 0000027B  D1E7                              
   294 000002BB C1E700                  shl di,0x0	; 0000027D  D1E7                              
   295 000002BE F7DF                    neg di	; 0000027F  F7DF                              
   296 000002C0 81C73B1F                add di,0x1f3b	; 00000281  81C73B1F                          
   297 000002C4 BE591F                  mov si,0x1f59	; 00000285  BE591F                            
   298 000002C7 BAFC1F                  mov dx,0x1ffc	; 00000288  BAFC1F                            
   299 000002CA BD4CE0                  mov bp,0xe04c	; 0000028B  BD4CE0                            
   300 000002CD B90E00                  mov cx,0xe	; 0000028E  B90E00                            
   301 000002D0 A5                      movsw	; 00000291  A5                                
   302 000002D1 A5                      movsw	; 00000292  A5                                
   303 000002D2 01D7                    add di,dx	; 00000293  03FA                              
   304 000002D4 87D5                    xchg dx,bp	; 00000295  87D5                              
   305 000002D6 E2(91)                  loop 0x291	; 00000297  E2F8                              
   306 000002D8 83C750                  add di,0x50	; 00000299  83C750                            
   307 000002DB 4B                      dec bx	; 0000029C  4B                                
   308 000002DC 0F85(8502)              jnz 0x285	; 0000029D  75E6                              
   309 000002E0 06                      push es	; 0000029F  06                                
   310 000002E1 1E                      push ds	; 000002A0  1E                                
   311 000002E2 07                      pop es	; 000002A1  07                                
   312 000002E3 FC                      cld	; 000002A2  FC                                
   313 000002E4 BF902F                  mov di,0x2f90	; 000002A3  BF902F                            
   314 000002E7 B90400                  mov cx,0x4	; 000002A6  B90400                            
   315 000002EA B80000                  mov ax,0x0	; 000002A9  B80000                            
   316 000002ED F3AB                    rep stosw	; 000002AC  F3AB                              
   317 000002EF C7069B2C0000            mov word [0x2c9b],0x0	; 000002AE  C7069B2C0000                      
   318 000002F5 C606C92C00              mov byte [0x2cc9],0x0	; 000002B4  C606C92C00                        
   319 000002FA C606BC2C00              mov byte [0x2cbc],0x0	; 000002B9  C606BC2C00                        
   320 000002FF 8D362507                lea si,[0x725]	; 000002BE  8D362507                          
   321 00000303 8D3E2D2A                lea di,[0x2a2d]	; 000002C2  8D3E2D2A                          
   322 00000307 B96C02                  mov cx,0x26c	; 000002C6  B96C02                            
   323 0000030A F3A4                    rep movsb	; 000002C9  F3A4                              
   324 0000030C 07                      pop es	; 000002CB  07                                
   325 0000030D E8(D908)                call 0x8d9	; 000002CC  E80A06                            
   326 00000310 BBF001                  mov bx,0x1f0	; 000002CF  BBF001                            
   327 00000313 FC                      cld	; 000002D2  FC                                
   328 00000314 8DB7392A                lea si,[bx+0x2a39]	; 000002D3  8DB7392A                          
   329 00000318 8BBF2E2A                mov di,[bx+0x2a2e]	; 000002D7  8BBF2E2A                          
   330 0000031C B90E00                  mov cx,0xe	; 000002DB  B90E00                            
   331 0000031F BA4CE0                  mov dx,0xe04c	; 000002DE  BA4CE0                            
   332 00000322 BDFC1F                  mov bp,0x1ffc	; 000002E1  BDFC1F                            
   333 00000325 A5                      movsw	; 000002E4  A5                                
   334 00000326 A5                      movsw	; 000002E5  A5                                
   335 00000327 01D7                    add di,dx	; 000002E6  03FA                              
   336 00000329 87D5                    xchg dx,bp	; 000002E8  87D5                              
   337 0000032B E2(E4)                  loop 0x2e4	; 000002EA  E2F8                              
   338 0000032D 83EB7C                  sub bx,0x7c	; 000002EC  83EB7C                            
   339 00000330 0F85(D302)              jnz 0x2d3	; 000002EF  75E2                              
   340 00000334 BE091E                  mov si,0x1e09	; 000002F1  BE091E                            
   341 00000337 8B3E2E2A                mov di,[0x2a2e]	; 000002F4  8B3E2E2A                          
   342 0000033B BA4CE0                  mov dx,0xe04c	; 000002F8  BA4CE0                            
   343 0000033E B90E00                  mov cx,0xe	; 000002FB  B90E00                            
   344 00000341 FC                      cld	; 000002FE  FC                                
   345 00000342 A5                      movsw	; 000002FF  A5                                
   346 00000343 A5                      movsw	; 00000300  A5                                
   347 00000344 01D7                    add di,dx	; 00000301  03FA                              
   348 00000346 F7DA                    neg dx	; 00000303  F7DA                              
   349 00000348 83C248                  add dx,0x48	; 00000305  83C248                            
   350 0000034B E2(FF)                  loop 0x2ff	; 00000308  E2F5                              
   351 0000034D BA0000                  mov dx,0x0	; 0000030A  BA0000                            
   352 00000350 B402                    mov ah,0x2	; 0000030D  B402                              
   353 00000352 B700                    mov bh,0x0	; 0000030F  B700                              
   354 00000354 CD10                    int byte 0x10	; 00000311  CD10                              
   355 00000356 BF070C                  mov di,0xc07	; 00000313  BF070C                            
   356 00000359 BD0600                  mov bp,0x6	; 00000316  BD0600                            
   357 0000035C 3E8A86E906              mov al,[ds:bp+0x6e9]	; 00000319  3E8A86E906                        
   358 00000361 B90100                  mov cx,0x1	; 0000031E  B90100                            
   359 00000364 BB0200                  mov bx,0x2	; 00000321  BB0200                            
   360 00000367 B409                    mov ah,0x9	; 00000324  B409                              
   361 00000369 CD10                    int byte 0x10	; 00000326  CD10                              
   362 0000036B 1E                      push ds	; 00000328  1E                                
   363 0000036C 06                      push es	; 00000329  06                                
   364 0000036D 1F                      pop ds	; 0000032A  1F                                
   365 0000036E BE0000                  mov si,0x0	; 0000032B  BE0000                            
   366 00000371 BAFE1F                  mov dx,0x1ffe	; 0000032E  BAFE1F                            
   367 00000374 BB4EE0                  mov bx,0xe04e	; 00000331  BB4EE0                            
   368 00000377 B90800                  mov cx,0x8	; 00000334  B90800                            
   369 0000037A A5                      movsw	; 00000337  A5                                
   370 0000037B 01D7                    add di,dx	; 00000338  03FA                              
   371 0000037D 01D6                    add si,dx	; 0000033A  03F2                              
   372 0000037F 87D3                    xchg dx,bx	; 0000033C  87D3                              
   373 00000381 E2(37)                  loop 0x337	; 0000033E  E2F7                              
   374 00000383 1F                      pop ds	; 00000340  1F                                
   375 00000384 4D                      dec bp	; 00000341  4D                                
   376 00000385 0F85(1903)              jnz 0x319	; 00000342  75D5                              
   377 00000389 BF0000                  mov di,0x0	; 00000344  BF0000                            
   378 0000038C B80000                  mov ax,0x0	; 00000347  B80000                            
   379 0000038F BAFE1F                  mov dx,0x1ffe	; 0000034A  BAFE1F                            
   380 00000392 BD4EE0                  mov bp,0xe04e	; 0000034D  BD4EE0                            
   381 00000395 B90800                  mov cx,0x8	; 00000350  B90800                            
   382 00000398 AB                      stosw	; 00000353  AB                                
   383 00000399 01D7                    add di,dx	; 00000354  03FA                              
   384 0000039B 87D5                    xchg dx,bp	; 00000356  87D5                              
   385 0000039D E2(53)                  loop 0x353	; 00000358  E2F9                              
   386 0000039F B605                    mov dh,0x5	; 0000035A  B605                              
   387 000003A1 B90000                  mov cx,0x0	; 0000035C  B90000                            
   388 000003A4 E2(5F)                  loop 0x35f	; 0000035F  E2FE                              
   389 000003A6 B90000                  mov cx,0x0	; 00000361  B90000                            
   390 000003A9 FECE                    dec dh	; 00000364  FECE                              
   391 000003AB 0F85(5F03)              jnz 0x35f	; 00000366  75F7                              
   392 000003AF BF070C                  mov di,0xc07	; 00000368  BF070C                            
   393 000003B2 B80000                  mov ax,0x0	; 0000036B  B80000                            
   394 000003B5 B93000                  mov cx,0x30	; 0000036E  B93000                            
   395 000003B8 BAFE1F                  mov dx,0x1ffe	; 00000371  BAFE1F                            
   396 000003BB BD4EE0                  mov bp,0xe04e	; 00000374  BD4EE0                            
   397 000003BE AB                      stosw	; 00000377  AB                                
   398 000003BF 01D7                    add di,dx	; 00000378  03FA                              
   399 000003C1 87D5                    xchg dx,bp	; 0000037A  87D5                              
   400 000003C3 E2(77)                  loop 0x377	; 0000037C  E2F9                              
   401 000003C5 E8(DB04)                call 0x4db	; 0000037E  E85A01                            
   402 000003C8 B002                    mov al,0x2	; 00000381  B002                              
   403 000003CA E642                    out byte 0x42,al	; 00000383  E642                              
   404 000003CC 30C0                    xor al,al	; 00000385  32C0                              
   405 000003CE E642                    out byte 0x42,al	; 00000387  E642                              
   406 000003D0 E8(780E)                call 0xe78	; 00000389  E8EC0A                            
   407 000003D3 803E992C00              cmp byte [0x2c99],0x0	; 0000038C  803E992C00                        
   408 000003D8 0F85(AC03)              jnz 0x3ac	; 00000391  7519                              
   409 000003DC 8B3E2E2A                mov di,[0x2a2e]	; 00000393  8B3E2E2A                          
   410 000003E0 BED11D                  mov si,0x1dd1	; 00000397  BED11D                            
   411 000003E3 BA4CE0                  mov dx,0xe04c	; 0000039A  BA4CE0                            
   412 000003E6 BDFC1F                  mov bp,0x1ffc	; 0000039D  BDFC1F                            
   413 000003E9 B90E00                  mov cx,0xe	; 000003A0  B90E00                            
   414 000003EC FC                      cld	; 000003A3  FC                                
   415 000003ED A5                      movsw	; 000003A4  A5                                
   416 000003EE A5                      movsw	; 000003A5  A5                                
   417 000003EF 01D7                    add di,dx	; 000003A6  03FA                              
   418 000003F1 87D5                    xchg dx,bp	; 000003A8  87D5                              
   419 000003F3 E2(A4)                  loop 0x3a4	; 000003AA  E2F8                              
   420 000003F5 B202                    mov dl,0x2	; 000003AC  B202                              
   421 000003F7 B90000                  mov cx,0x0	; 000003AE  B90000                            
   422 000003FA E2(B1)                  loop 0x3b1	; 000003B1  E2FE                              
   423 000003FC B90000                  mov cx,0x0	; 000003B3  B90000                            
   424 000003FF FECA                    dec dl	; 000003B6  FECA                              
   425 00000401 0F85(B103)              jnz 0x3b1	; 000003B8  75F7                              
   426 00000405 BB6C02                  mov bx,0x26c	; 000003BA  BB6C02                            
   427 00000408 8BBF2E2A                mov di,[bx+0x2a2e]	; 000003BD  8BBF2E2A                          
   428 0000040C BE712A                  mov si,0x2a71	; 000003C1  BE712A                            
   429 0000040F 01DE                    add si,bx	; 000003C4  03F3                              
   430 00000411 BA4CE0                  mov dx,0xe04c	; 000003C6  BA4CE0                            
   431 00000414 BDFC1F                  mov bp,0x1ffc	; 000003C9  BDFC1F                            
   432 00000417 8A8F352A                mov cl,[bx+0x2a35]	; 000003CC  8A8F352A                          
   433 0000041B B500                    mov ch,0x0	; 000003D0  B500                              
   434 0000041D E3(DD)                  jcxz 0x3dd	; 000003D2  E309                              
   435 0000041F FC                      cld	; 000003D4  FC                                
   436 00000420 A5                      movsw	; 000003D5  A5                                
   437 00000421 A5                      movsw	; 000003D6  A5                                
   438 00000422 01D7                    add di,dx	; 000003D7  03FA                              
   439 00000424 87D5                    xchg dx,bp	; 000003D9  87D5                              
   440 00000426 E2(D5)                  loop 0x3d5	; 000003DB  E2F8                              
   441 00000428 83EB7C                  sub bx,0x7c	; 000003DD  83EB7C                            
   442 0000042B 0F85(BD03)              jnz 0x3bd	; 000003E0  75DB                              
   443 0000042F 803E992C00              cmp byte [0x2c99],0x0	; 000003E2  803E992C00                        
   444 00000434 0F84(EC03)              jz 0x3ec	; 000003E7  7403                              
   445 00000438 E9(0D04)                jmp 0x40d	; 000003E9  EB22                              
   446 0000043B 90                      nop	; 000003EB  90                                
   447 0000043C B707                    mov bh,0x7	; 000003EC  B707                              
   448 0000043E BAD903                  mov dx,0x3d9	; 000003EE  BAD903                            
   449 00000441 B020                    mov al,0x20	; 000003F1  B020                              
   450 00000443 B410                    mov ah,0x10	; 000003F3  B410                              
   451 00000445 B302                    mov bl,0x2	; 000003F5  B302                              
   452 00000447 B90000                  mov cx,0x0	; 000003F7  B90000                            
   453 0000044A E2(FA)                  loop 0x3fa	; 000003FA  E2FE                              
   454 0000044C B90080                  mov cx,0x8000	; 000003FC  B90080                            
   455 0000044F FECB                    dec bl	; 000003FF  FECB                              
   456 00000451 0F85(FA03)              jnz 0x3fa	; 00000401  75F7                              
   457 00000455 EE                      out dx,al	; 00000403  EE                                
   458 00000456 86C4                    xchg al,ah	; 00000404  86C4                              
   459 00000458 FECF                    dec bh	; 00000406  FECF                              
   460 0000045A 0F85(F503)              jnz 0x3f5	; 00000408  75EB                              
   461 0000045E E9(2E01)                jmp 0x12e	; 0000040A  E921FD                            
   462 00000461 8B2E2E2A                mov bp,[0x2a2e]	; 0000040D  8B2E2E2A                          
   463 00000465 BE7526                  mov si,0x2675	; 00000411  BE7526                            
   464 00000468 B8D02C                  mov ax,0x2cd0	; 00000414  B8D02C                            
   465 0000046B A32307                  mov [0x723],ax	; 00000417  A32307                            
   466 0000046E BF0200                  mov di,0x2	; 0000041A  BF0200                            
   467 00000471 56                      push si	; 0000041D  56                                
   468 00000472 8B362307                mov si,[0x723]	; 0000041E  8B362307                          
   469 00000476 B400                    mov ah,0x0	; 00000422  B400                              
   470 00000478 CD1A                    int byte 0x1a	; 00000424  CD1A                              
   471 0000047A 89D3                    mov bx,dx	; 00000426  8BDA                              
   472 0000047C B400                    mov ah,0x0	; 00000428  B400                              
   473 0000047E CD1A                    int byte 0x1a	; 0000042A  CD1A                              
   474 00000480 39DA                    cmp dx,bx	; 0000042C  3BD3                              
   475 00000482 0F84(2804)              jz 0x428	; 0000042E  74F8                              
   476 00000486 AD                      lodsw	; 00000430  AD                                
   477 00000487 803EA02F00              cmp byte [0x2fa0],0x0	; 00000431  803EA02F00                        
   478 0000048C 0F8C(3E04)              jl 0x43e	; 00000436  7C06                              
   479 00000490 E642                    out byte 0x42,al	; 00000438  E642                              
   480 00000492 88E0                    mov al,ah	; 0000043A  8AC4                              
   481 00000494 E642                    out byte 0x42,al	; 0000043C  E642                              
   482 00000496 4F                      dec di	; 0000043E  4F                                
   483 00000497 0F85(2204)              jnz 0x422	; 0000043F  75E1                              
   484 0000049B 89362307                mov [0x723],si	; 00000441  89362307                          
   485 0000049F 5E                      pop si	; 00000445  5E                                
   486 000004A0 FC                      cld	; 00000446  FC                                
   487 000004A1 89EF                    mov di,bp	; 00000447  8BFD                              
   488 000004A3 BBFC1F                  mov bx,0x1ffc	; 00000449  BBFC1F                            
   489 000004A6 BA4CE0                  mov dx,0xe04c	; 0000044C  BA4CE0                            
   490 000004A9 8A0E352A                mov cl,[0x2a35]	; 0000044F  8A0E352A                          
   491 000004AD B500                    mov ch,0x0	; 00000453  B500                              
   492 000004AF 89C8                    mov ax,cx	; 00000455  8BC1                              
   493 000004B1 F7D8                    neg ax	; 00000457  F7D8                              
   494 000004B3 83C00E                  add ax,0xe	; 00000459  050E00                            
   495 000004B6 C1E000                  shl ax,0x0	; 0000045C  D1E0                              
   496 000004B9 C1E000                  shl ax,0x0	; 0000045E  D1E0                              
   497 000004BC E3(6A)                  jcxz 0x46a	; 00000460  E308                              
   498 000004BE A5                      movsw	; 00000462  A5                                
   499 000004BF A5                      movsw	; 00000463  A5                                
   500 000004C0 01D7                    add di,dx	; 00000464  03FA                              
   501 000004C2 87D3                    xchg dx,bx	; 00000466  87D3                              
   502 000004C4 E2(62)                  loop 0x462	; 00000468  E2F8                              
   503 000004C6 01C6                    add si,ax	; 0000046A  03F0                              
   504 000004C8 81FE2D2A                cmp si,0x2a2d	; 0000046C  81FE2D2A                          
   505 000004CC 0F85(1A04)              jnz 0x41a	; 00000470  75A8                              
   506 000004D0 89EF                    mov di,bp	; 00000472  8BFD                              
   507 000004D2 BE712A                  mov si,0x2a71	; 00000474  BE712A                            
   508 000004D5 BA4CE0                  mov dx,0xe04c	; 00000477  BA4CE0                            
   509 000004D8 BDFC1F                  mov bp,0x1ffc	; 0000047A  BDFC1F                            
   510 000004DB 8A0E352A                mov cl,[0x2a35]	; 0000047D  8A0E352A                          
   511 000004DF B500                    mov ch,0x0	; 00000481  B500                              
   512 000004E1 E3(8E)                  jcxz 0x48e	; 00000483  E309                              
   513 000004E3 FC                      cld	; 00000485  FC                                
   514 000004E4 A5                      movsw	; 00000486  A5                                
   515 000004E5 A5                      movsw	; 00000487  A5                                
   516 000004E6 01D7                    add di,dx	; 00000488  03FA                              
   517 000004E8 87D5                    xchg dx,bp	; 0000048A  87D5                              
   518 000004EA E2(86)                  loop 0x486	; 0000048C  E2F8                              
   519 000004EC A0F006                  mov al,[0x6f0]	; 0000048E  A0F006                            
   520 000004EF B400                    mov ah,0x0	; 00000491  B400                              
   521 000004F1 48                      dec ax	; 00000493  48                                
   522 000004F2 A2F006                  mov [0x6f0],al	; 00000494  A2F006                            
   523 000004F5 0F84(DA04)              jz 0x4da	; 00000497  7441                              
   524 000004F9 89C7                    mov di,ax	; 00000499  8BF8                              
   525 000004FB C1E700                  shl di,0x0	; 0000049B  D1E7                              
   526 000004FE C1E700                  shl di,0x0	; 0000049D  D1E7                              
   527 00000501 01C7                    add di,ax	; 0000049F  03F8                              
   528 00000503 C1E700                  shl di,0x0	; 000004A1  D1E7                              
   529 00000506 C1E700                  shl di,0x0	; 000004A3  D1E7                              
   530 00000509 C1E700                  shl di,0x0	; 000004A5  D1E7                              
   531 0000050C C1E700                  shl di,0x0	; 000004A7  D1E7                              
   532 0000050F C1E700                  shl di,0x0	; 000004A9  D1E7                              
   533 00000512 C1E700                  shl di,0x0	; 000004AB  D1E7                              
   534 00000515 C1E700                  shl di,0x0	; 000004AD  D1E7                              
   535 00000518 F7DF                    neg di	; 000004AF  F7DF                              
   536 0000051A 81C73B1F                add di,0x1f3b	; 000004B1  81C73B1F                          
   537 0000051E B80000                  mov ax,0x0	; 000004B5  B80000                            
   538 00000521 BAFC1F                  mov dx,0x1ffc	; 000004B8  BAFC1F                            
   539 00000524 BD4CE0                  mov bp,0xe04c	; 000004BB  BD4CE0                            
   540 00000527 B90E00                  mov cx,0xe	; 000004BE  B90E00                            
   541 0000052A FC                      cld	; 000004C1  FC                                
   542 0000052B AB                      stosw	; 000004C2  AB                                
   543 0000052C AB                      stosw	; 000004C3  AB                                
   544 0000052D 01D7                    add di,dx	; 000004C4  03FA                              
   545 0000052F 87D5                    xchg dx,bp	; 000004C6  87D5                              
   546 00000531 E2(C2)                  loop 0x4c2	; 000004C8  E2F8                              
   547 00000533 C606442F01              mov byte [0x2f44],0x1	; 000004CA  C606442F01                        
   548 00000538 C606432F00              mov byte [0x2f43],0x0	; 000004CF  C606432F00                        
   549 0000053D E8(610C)                call 0xc61	; 000004D4  E88A07                            
   550 00000540 E9(6002)                jmp 0x260	; 000004D7  E986FD                            
   551 00000543 C3                      ret	; 000004DA  C3                                
   552 00000544 B400                    mov ah,0x0	; 000004DB  B400                              
   553 00000546 CD1A                    int byte 0x1a	; 000004DD  CD1A                              
   554 00000548 89D3                    mov bx,dx	; 000004DF  8BDA                              
   555 0000054A B400                    mov ah,0x0	; 000004E1  B400                              
   556 0000054C CD1A                    int byte 0x1a	; 000004E3  CD1A                              
   557 0000054E 39D3                    cmp bx,dx	; 000004E5  3BDA                              
   558 00000550 0F84(E104)              jz 0x4e1	; 000004E7  74F8                              
   559 00000554 C706CE2C0000            mov word [0x2cce],0x0	; 000004E9  C706CE2C0000                      
   560 0000055A FE06CA2C                inc byte [0x2cca]	; 000004EF  FE06CA2C                          
   561 0000055E A09B2C                  mov al,[0x2c9b]	; 000004F3  A09B2C                            
   562 00000561 3C00                    cmp al,0x0	; 000004F6  3C00                              
   563 00000563 0F84(0E05)              jz 0x50e	; 000004F8  7414                              
   564 00000567 FEC8                    dec al	; 000004FA  FEC8                              
   565 00000569 A29B2C                  mov [0x2c9b],al	; 000004FC  A29B2C                            
   566 0000056C 0F85(0E05)              jnz 0x50e	; 000004FF  750D                              
   567 00000570 BBF001                  mov bx,0x1f0	; 00000501  BBF001                            
   568 00000573 80A7382AFE              and byte [bx+0x2a38],0xfe	; 00000504  80A7382AFE                        
   569 00000578 83EB7C                  sub bx,0x7c	; 00000509  83EB7C                            
   570 0000057B 0F85(0405)              jnz 0x504	; 0000050C  75F6                              
   571 0000057F FE0ECB2C                dec byte [0x2ccb]	; 0000050E  FE0ECB2C                          
   572 00000583 0F85(1905)              jnz 0x519	; 00000512  7505                              
   573 00000587 C606CB2C0E              mov byte [0x2ccb],0xe	; 00000514  C606CB2C0E                        
   574 0000058C BB0800                  mov bx,0x8	; 00000519  BB0800                            
   575 0000058F BE4516                  mov si,0x1645	; 0000051C  BE4516                            
   576 00000592 803ECB2C07              cmp byte [0x2ccb],0x7	; 0000051F  803ECB2C07                        
   577 00000597 0F8F(2905)              jg 0x529	; 00000524  7F03                              
   578 0000059B 83C610                  add si,0x10	; 00000526  83C610                            
   579 0000059E 8BBF2316                mov di,[bx+0x1623]	; 00000529  8BBF2316                          
   580 000005A2 8A05                    mov al,[di]	; 0000052D  8A05                              
   581 000005A4 3C03                    cmp al,0x3	; 0000052F  3C03                              
   582 000005A6 0F85(5405)              jnz 0x554	; 00000531  7521                              
   583 000005AA B90800                  mov cx,0x8	; 00000533  B90800                            
   584 000005AD 8BBF2B16                mov di,[bx+0x162b]	; 00000536  8BBF2B16                          
   585 000005B1 A12E2A                  mov ax,[0x2a2e]	; 0000053A  A12E2A                            
   586 000005B4 29F8                    sub ax,di	; 0000053D  2BC7                              
   587 000005B6 3D5F1F                  cmp ax,0x1f5f	; 0000053F  3D5F1F                            
   588 000005B9 0F84(5405)              jz 0x554	; 00000542  7410                              
   589 000005BD BAFE1F                  mov dx,0x1ffe	; 00000544  BAFE1F                            
   590 000005C0 A5                      movsw	; 00000547  A5                                
   591 000005C1 01D7                    add di,dx	; 00000548  03FA                              
   592 000005C3 F7DA                    neg dx	; 0000054A  F7DA                              
   593 000005C5 83C24C                  add dx,0x4c	; 0000054C  83C24C                            
   594 000005C8 E2(47)                  loop 0x547	; 0000054F  E2F6                              
   595 000005CA 83EE10                  sub si,0x10	; 00000551  83EE10                            
   596 000005CD 4B                      dec bx	; 00000554  4B                                
   597 000005CE 4B                      dec bx	; 00000555  4B                                
   598 000005CF 0F85(2905)              jnz 0x529	; 00000556  75D1                              
   599 000005D3 BBF001                  mov bx,0x1f0	; 00000558  BBF001                            
   600 000005D6 B90500                  mov cx,0x5	; 0000055B  B90500                            
   601 000005D9 8B872E2A                mov ax,[bx+0x2a2e]	; 0000055E  8B872E2A                          
   602 000005DD 8987332A                mov [bx+0x2a33],ax	; 00000562  8987332A                          
   603 000005E1 8A87352A                mov al,[bx+0x2a35]	; 00000566  8A87352A                          
   604 000005E5 8887362A                mov [bx+0x2a36],al	; 0000056A  8887362A                          
   605 000005E9 83EB7C                  sub bx,0x7c	; 0000056E  83EB7C                            
   606 000005EC E2(5E)                  loop 0x55e	; 00000571  E2EB                              
   607 000005EE E8(6D0D)                call 0xd6d	; 00000573  E8F707                            
   608 000005F1 F606312A01              test byte [0x2a31],0x1	; 00000576  F606312A01                        
   609 000005F6 0F85(BE05)              jnz 0x5be	; 0000057B  7541                              
   610 000005FA F606302A01              test byte [0x2a30],0x1	; 0000057D  F606302A01                        
   611 000005FF 0F85(BE05)              jnz 0x5be	; 00000582  753A                              
   612 00000603 B400                    mov ah,0x0	; 00000584  B400                              
   613 00000605 A0302A                  mov al,[0x2a30]	; 00000586  A0302A                            
   614 00000608 C1F800                  sar ax,0x0	; 00000589  D1F8                              
   615 0000060B BA1E00                  mov dx,0x1e	; 0000058B  BA1E00                            
   616 0000060E F7E2                    mul dx	; 0000058E  F7E2                              
   617 00000610 89C3                    mov bx,ax	; 00000590  8BD8                              
   618 00000612 A1312A                  mov ax,[0x2a31]	; 00000592  A1312A                            
   619 00000615 C1F800                  sar ax,0x0	; 00000595  D1F8                              
   620 00000618 01C3                    add bx,ax	; 00000597  03D8                              
   621 0000061A 80BF731601              cmp byte [bx+0x1673],0x1	; 00000599  80BF731601                        
   622 0000061F 0F8F(DB05)              jg 0x5db	; 0000059E  7F3B                              
   623 00000623 A0BC2C                  mov al,[0x2cbc]	; 000005A0  A0BC2C                            
   624 00000626 B400                    mov ah,0x0	; 000005A3  B400                              
   625 00000628 89C6                    mov si,ax	; 000005A5  8BF0                              
   626 0000062A 8A84BD2C                mov al,[si+0x2cbd]	; 000005A7  8A84BD2C                          
   627 0000062E 98                      cbw	; 000005AB  98                                
   628 0000062F 89C6                    mov si,ax	; 000005AC  8BF0                              
   629 00000631 80B8731600              cmp byte [bx+si+0x1673],0x0	; 000005AE  80B8731600                        
   630 00000636 0F84(C105)              jz 0x5c1	; 000005B3  740C                              
   631 0000063A A0BC2C                  mov al,[0x2cbc]	; 000005B5  A0BC2C                            
   632 0000063D A22D2A                  mov [0x2a2d],al	; 000005B8  A22D2A                            
   633 00000640 E9(5706)                jmp 0x657	; 000005BB  E99900                            
   634 00000643 E9(4606)                jmp 0x646	; 000005BE  E98500                            
   635 00000646 A02D2A                  mov al,[0x2a2d]	; 000005C1  A02D2A                            
   636 00000649 B400                    mov ah,0x0	; 000005C4  B400                              
   637 0000064B 89C6                    mov si,ax	; 000005C6  8BF0                              
   638 0000064D 8A84BD2C                mov al,[si+0x2cbd]	; 000005C8  8A84BD2C                          
   639 00000651 98                      cbw	; 000005CC  98                                
   640 00000652 89C6                    mov si,ax	; 000005CD  8BF0                              
   641 00000654 80B8731600              cmp byte [bx+si+0x1673],0x0	; 000005CF  80B8731600                        
   642 00000659 0F85(BB05)              jnz 0x5bb	; 000005D4  75E5                              
   643 0000065D E9(AF06)                jmp 0x6af	; 000005D6  E9D600                            
   644 00000660 E9(A005)                jmp 0x5a0	; 000005D9  EBC5                              
   645 00000663 B80104                  mov ax,0x401	; 000005DB  B80104                            
   646 00000666 E8(3A0E)                call 0xe3a	; 000005DE  E85908                            
   647 00000669 B001                    mov al,0x1	; 000005E1  B001                              
   648 0000066B 86877316                xchg al,[bx+0x1673]	; 000005E3  86877316                          
   649 0000066F 3C03                    cmp al,0x3	; 000005E7  3C03                              
   650 00000671 0F85(1406)              jnz 0x614	; 000005E9  7529                              
   651 00000675 C606912F19              mov byte [0x2f91],0x19	; 000005EB  C606912F19                        
   652 0000067A B80404                  mov ax,0x404	; 000005F0  B80404                            
   653 0000067D E8(3A0E)                call 0xe3a	; 000005F3  E84408                            
   654 00000680 C7068D2F0000            mov word [0x2f8d],0x0	; 000005F6  C7068D2F0000                      
   655 00000686 A09A2C                  mov al,[0x2c9a]	; 000005FC  A09A2C                            
   656 00000689 A29B2C                  mov [0x2c9b],al	; 000005FF  A29B2C                            
   657 0000068C BEF001                  mov si,0x1f0	; 00000602  BEF001                            
   658 0000068F 808C382A01              or byte [si+0x2a38],0x1	; 00000605  808C382A01                        
   659 00000694 80B42D2A01              xor byte [si+0x2a2d],0x1	; 0000060A  80B42D2A01                        
   660 00000699 83EE7C                  sub si,0x7c	; 0000060F  83EE7C                            
   661 0000069C 0F85(0506)              jnz 0x605	; 00000612  75F1                              
   662 000006A0 FE0E992C                dec byte [0x2c99]	; 00000614  FE0E992C                          
   663 000006A4 0F85(1B06)              jnz 0x61b	; 00000618  7501                              
   664 000006A8 C3                      ret	; 0000061A  C3                                
   665 000006A9 FC                      cld	; 0000061B  FC                                
   666 000006AA 06                      push es	; 0000061C  06                                
   667 000006AB 1E                      push ds	; 0000061D  1E                                
   668 000006AC 07                      pop es	; 0000061E  07                                
   669 000006AD B80000                  mov ax,0x0	; 0000061F  B80000                            
   670 000006B0 B90800                  mov cx,0x8	; 00000622  B90800                            
   671 000006B3 BF7E2A                  mov di,0x2a7e	; 00000625  BF7E2A                            
   672 000006B6 AB                      stosw	; 00000628  AB                                
   673 000006B7 47                      inc di	; 00000629  47                                
   674 000006B8 47                      inc di	; 0000062A  47                                
   675 000006B9 E2(28)                  loop 0x628	; 0000062B  E2FB                              
   676 000006BB 07                      pop es	; 0000062D  07                                
   677 000006BC C606902F02              mov byte [0x2f90],0x2	; 0000062E  C606902F02                        
   678 000006C1 F61ECC2C                neg byte [0x2ccc]	; 00000633  F61ECC2C                          
   679 000006C5 0F8F(D905)              jg 0x5d9	; 00000637  7FA0                              
   680 000006C9 FE06902F                inc byte [0x2f90]	; 00000639  FE06902F                          
   681 000006CD C706CE2C7C00            mov word [0x2cce],0x7c	; 0000063D  C706CE2C7C00                      
   682 000006D3 E9(AF06)                jmp 0x6af	; 00000643  EB6A                              
   683 000006D6 90                      nop	; 00000645  90                                
   684 000006D7 A02D2A                  mov al,[0x2a2d]	; 00000646  A02D2A                            
   685 000006DA 3206BC2C                xor al,[0x2cbc]	; 00000649  3206BC2C                          
   686 000006DE A802                    test al,0x2	; 0000064D  A802                              
   687 000006E0 0F85(5706)              jnz 0x657	; 0000064F  7506                              
   688 000006E4 A0BC2C                  mov al,[0x2cbc]	; 00000651  A0BC2C                            
   689 000006E7 A22D2A                  mov [0x2a2d],al	; 00000654  A22D2A                            
   690 000006EA A02D2A                  mov al,[0x2a2d]	; 00000657  A02D2A                            
   691 000006ED B400                    mov ah,0x0	; 0000065A  B400                              
   692 000006EF 89C6                    mov si,ax	; 0000065C  8BF0                              
   693 000006F1 C1E600                  shl si,0x0	; 0000065E  D1E6                              
   694 000006F4 8B84C12C                mov ax,[si+0x2cc1]	; 00000660  8B84C12C                          
   695 000006F8 03062E2A                add ax,[0x2a2e]	; 00000664  03062E2A                          
   696 000006FC A32E2A                  mov [0x2a2e],ax	; 00000668  A32E2A                            
   697 000006FF 89F0                    mov ax,si	; 0000066B  8BC6                              
   698 00000701 A90400                  test ax,0x4	; 0000066D  A90400                            
   699 00000704 0F85(7D06)              jnz 0x67d	; 00000670  750B                              
   700 00000708 48                      dec ax	; 00000672  48                                
   701 00000709 0206302A                add al,[0x2a30]	; 00000673  0206302A                          
   702 0000070D A2302A                  mov [0x2a30],al	; 00000677  A2302A                            
   703 00000710 E9(8406)                jmp 0x684	; 0000067A  EB08                              
   704 00000713 90                      nop	; 0000067C  90                                
   705 00000714 83E805                  sub ax,0x5	; 0000067D  2D0500                            
   706 00000717 0006312A                add [0x2a31],al	; 00000680  0006312A                          
   707 0000071B A0C92C                  mov al,[0x2cc9]	; 00000684  A0C92C                            
   708 0000071E FEC0                    inc al	; 00000687  FEC0                              
   709 00000720 2403                    and al,0x3	; 00000689  2403                              
   710 00000722 A2C92C                  mov [0x2cc9],al	; 0000068B  A2C92C                            
   711 00000725 89F3                    mov bx,si	; 0000068E  8BDE                              
   712 00000727 C1E300                  shl bx,0x0	; 00000690  D1E3                              
   713 0000072A B400                    mov ah,0x0	; 00000692  B400                              
   714 0000072C 01C3                    add bx,ax	; 00000694  03D8                              
   715 0000072E C1E300                  shl bx,0x0	; 00000696  D1E3                              
   716 00000731 8BB79C2C                mov si,[bx+0x2c9c]	; 00000698  8BB79C2C                          
   717 00000735 81C6611D                add si,0x1d61	; 0000069C  81C6611D                          
   718 00000739 BF392A                  mov di,0x2a39	; 000006A0  BF392A                            
   719 0000073C B90E00                  mov cx,0xe	; 000006A3  B90E00                            
   720 0000073F 06                      push es	; 000006A6  06                                
   721 00000740 1E                      push ds	; 000006A7  1E                                
   722 00000741 07                      pop es	; 000006A8  07                                
   723 00000742 FC                      cld	; 000006A9  FC                                
   724 00000743 A5                      movsw	; 000006AA  A5                                
   725 00000744 A5                      movsw	; 000006AB  A5                                
   726 00000745 E2(AA)                  loop 0x6aa	; 000006AC  E2FC                              
   727 00000747 07                      pop es	; 000006AE  07                                
   728 00000748 BBF001                  mov bx,0x1f0	; 000006AF  BBF001                            
   729 0000074B 80BF372A02              cmp byte [bx+0x2a37],0x2	; 000006B2  80BF372A02                        
   730 00000750 0F8C(C106)              jl 0x6c1	; 000006B7  7C08                              
   731 00000754 C687372A01              mov byte [bx+0x2a37],0x1	; 000006B9  C687372A01                        
   732 00000759 E9(6507)                jmp 0x765	; 000006BE  E9A400                            
   733 0000075C F687312A01              test byte [bx+0x2a31],0x1	; 000006C1  F687312A01                        
   734 00000761 0F85(1007)              jnz 0x710	; 000006C6  7548                              
   735 00000765 F687302A01              test byte [bx+0x2a30],0x1	; 000006C8  F687302A01                        
   736 0000076A 0F85(1007)              jnz 0x710	; 000006CD  7541                              
   737 0000076E C606CD2C00              mov byte [0x2ccd],0x0	; 000006CF  C606CD2C00                        
   738 00000773 B400                    mov ah,0x0	; 000006D4  B400                              
   739 00000775 8A87302A                mov al,[bx+0x2a30]	; 000006D6  8A87302A                          
   740 00000779 C1F800                  sar ax,0x0	; 000006DA  D1F8                              
   741 0000077C BA1E00                  mov dx,0x1e	; 000006DC  BA1E00                            
   742 0000077F F7E2                    mul dx	; 000006DF  F7E2                              
   743 00000781 89C5                    mov bp,ax	; 000006E1  8BE8                              
   744 00000783 8B87312A                mov ax,[bx+0x2a31]	; 000006E3  8B87312A                          
   745 00000787 C1F800                  sar ax,0x0	; 000006E7  D1F8                              
   746 0000078A 01C5                    add bp,ax	; 000006E9  03E8                              
   747 0000078C E8(5A09)                call 0x95a	; 000006EB  E86C02                            
   748 0000078F 38872D2A                cmp [bx+0x2a2d],al	; 000006EE  38872D2A                          
   749 00000793 0F84(1907)              jz 0x719	; 000006F2  7425                              
   750 00000797 88C2                    mov dl,al	; 000006F4  8AD0                              
   751 00000799 86972D2A                xchg dl,[bx+0x2a2d]	; 000006F6  86972D2A                          
   752 0000079D 80BF372A01              cmp byte [bx+0x2a37],0x1	; 000006FA  80BF372A01                        
   753 000007A2 0F84(1907)              jz 0x719	; 000006FF  7418                              
   754 000007A6 88972D2A                mov [bx+0x2a2d],dl	; 00000701  88972D2A                          
   755 000007AA C687372A01              mov byte [bx+0x2a37],0x1	; 00000705  C687372A01                        
   756 000007AF E9(6507)                jmp 0x765	; 0000070A  EB59                              
   757 000007B2 90                      nop	; 0000070C  90                                
   758 000007B3 E9(1907)                jmp 0x719	; 0000070D  EB0A                              
   759 000007B6 90                      nop	; 0000070F  90                                
   760 000007B7 8A872D2A                mov al,[bx+0x2a2d]	; 00000710  8A872D2A                          
   761 000007BB C606CD2C01              mov byte [0x2ccd],0x1	; 00000714  C606CD2C01                        
   762 000007C0 B400                    mov ah,0x0	; 00000719  B400                              
   763 000007C2 89C6                    mov si,ax	; 0000071B  8BF0                              
   764 000007C4 C1E600                  shl si,0x0	; 0000071D  D1E6                              
   765 000007C7 8BB4C12C                mov si,[si+0x2cc1]	; 0000071F  8BB4C12C                          
   766 000007CB 01B72E2A                add [bx+0x2a2e],si	; 00000723  01B72E2A                          
   767 000007CF 88C4                    mov ah,al	; 00000727  8AE0                              
   768 000007D1 C1F800                  sar ax,0x0	; 00000729  D1F8                              
   769 000007D4 98                      cbw	; 0000072B  98                                
   770 000007D5 C0E400                  shl ah,0x0	; 0000072C  D0E4                              
   771 000007D8 FEC4                    inc ah	; 0000072E  FEC4                              
   772 000007DA F6DC                    neg ah	; 00000730  F6DC                              
   773 000007DC 247F                    and al,0x7f	; 00000732  247F                              
   774 000007DE 88C2                    mov dl,al	; 00000734  8AD0                              
   775 000007E0 88E0                    mov al,ah	; 00000736  8AC4                              
   776 000007E2 B600                    mov dh,0x0	; 00000738  B600                              
   777 000007E4 89D7                    mov di,dx	; 0000073A  8BFA                              
   778 000007E6 0081302A                add [bx+di+0x2a30],al	; 0000073C  0081302A                          
   779 000007EA C687372A00              mov byte [bx+0x2a37],0x0	; 00000740  C687372A00                        
   780 000007EF 80BF382A02              cmp byte [bx+0x2a38],0x2	; 00000745  80BF382A02                        
   781 000007F4 0F8C(5707)              jl 0x757	; 0000074A  7C0B                              
   782 000007F8 80BF382A06              cmp byte [bx+0x2a38],0x6	; 0000074C  80BF382A06                        
   783 000007FD 0F8D(5707)              jnl 0x757	; 00000751  7D04                              
   784 00000801 2881302A                sub [bx+di+0x2a30],al	; 00000753  2881302A                          
   785 00000805 803ECD2C01              cmp byte [0x2ccd],0x1	; 00000757  803ECD2C01                        
   786 0000080A 0F84(6507)              jz 0x765	; 0000075C  7407                              
   787 0000080E 80BF382A06              cmp byte [bx+0x2a38],0x6	; 0000075E  80BF382A06                        
   788 00000813 0F8D(1007)              jnl 0x710	; 00000763  7DAB                              
   789 00000817 83EB7C                  sub bx,0x7c	; 00000765  83EB7C                            
   790 0000081A 0F84(6D07)              jz 0x76d	; 00000768  7403                              
   791 0000081E E9(B206)                jmp 0x6b2	; 0000076A  E945FF                            
   792 00000821 E8(D908)                call 0x8d9	; 0000076D  E86901                            
   793 00000824 B90500                  mov cx,0x5	; 00000770  B90500                            
   794 00000827 BB0000                  mov bx,0x0	; 00000773  BB0000                            
   795 0000082A 8A87302A                mov al,[bx+0x2a30]	; 00000776  8A87302A                          
   796 0000082E 3C00                    cmp al,0x0	; 0000077A  3C00                              
   797 00000830 B43A                    mov ah,0x3a	; 0000077C  B43A                              
   798 00000832 BA4024                  mov dx,0x2440	; 0000077E  BA4024                            
   799 00000835 0F8C(8C07)              jl 0x78c	; 00000781  7C09                              
   800 00000839 3C39                    cmp al,0x39	; 00000783  3C39                              
   801 0000083B B4C6                    mov ah,0xc6	; 00000785  B4C6                              
   802 0000083D BAC0DB                  mov dx,0xdbc0	; 00000787  BAC0DB                            
   803 00000840 0F8E(9607)              jng 0x796	; 0000078A  7E0A                              
   804 00000844 00E0                    add al,ah	; 0000078C  02C4                              
   805 00000846 8887302A                mov [bx+0x2a30],al	; 0000078E  8887302A                          
   806 0000084A 01972E2A                add [bx+0x2a2e],dx	; 00000792  01972E2A                          
   807 0000084E 80BF372A01              cmp byte [bx+0x2a37],0x1	; 00000796  80BF372A01                        
   808 00000853 0F84(C907)              jz 0x7c9	; 0000079B  742C                              
   809 00000857 80BF312A20              cmp byte [bx+0x2a31],0x20	; 0000079D  80BF312A20                        
   810 0000085C 0F85(B607)              jnz 0x7b6	; 000007A2  7512                              
   811 00000860 C687372A02              mov byte [bx+0x2a37],0x2	; 000007A4  C687372A02                        
   812 00000865 3C0C                    cmp al,0xc	; 000007A9  3C0C                              
   813 00000867 0F8C(B607)              jl 0x7b6	; 000007AB  7C09                              
   814 0000086B 3C26                    cmp al,0x26	; 000007AD  3C26                              
   815 0000086D 0F8F(B607)              jg 0x7b6	; 000007AF  7F05                              
   816 00000871 C687372A00              mov byte [bx+0x2a37],0x0	; 000007B1  C687372A00                        
   817 00000876 80BF382A00              cmp byte [bx+0x2a38],0x0	; 000007B6  80BF382A00                        
   818 0000087B 0F84(C907)              jz 0x7c9	; 000007BB  740C                              
   819 0000087F 80BF382A06              cmp byte [bx+0x2a38],0x6	; 000007BD  80BF382A06                        
   820 00000884 0F8D(C907)              jnl 0x7c9	; 000007C2  7D05                              
   821 00000888 C687372A02              mov byte [bx+0x2a37],0x2	; 000007C4  C687372A02                        
   822 0000088D B400                    mov ah,0x0	; 000007C9  B400                              
   823 0000088F C1E000                  shl ax,0x0	; 000007CB  D1E0                              
   824 00000892 C1E000                  shl ax,0x0	; 000007CD  D1E0                              
   825 00000895 F7D8                    neg ax	; 000007CF  F7D8                              
   826 00000897 05CF00                  add ax,0xcf	; 000007D1  05CF00                            
   827 0000089A 83F800                  cmp ax,0x0	; 000007D4  3D0000                            
   828 0000089D 0F8C(E407)              jl 0x7e4	; 000007D7  7C0B                              
   829 000008A1 83F80E                  cmp ax,0xe	; 000007D9  3D0E00                            
   830 000008A4 0F8E(E707)              jng 0x7e7	; 000007DC  7E09                              
   831 000008A8 B80E00                  mov ax,0xe	; 000007DE  B80E00                            
   832 000008AB E9(E707)                jmp 0x7e7	; 000007E1  EB04                              
   833 000008AE 90                      nop	; 000007E3  90                                
   834 000008AF B80000                  mov ax,0x0	; 000007E4  B80000                            
   835 000008B2 8887352A                mov [bx+0x2a35],al	; 000007E7  8887352A                          
   836 000008B6 83C37C                  add bx,0x7c	; 000007EB  83C37C                            
   837 000008B9 E2(76)                  loop 0x776	; 000007EE  E286                              
   838 000008BB E8(210F)                call 0xf21	; 000007F0  E82E07                            
   839 000008BE E8(780E)                call 0xe78	; 000007F3  E88206                            
   840 000008C1 E8(5C0B)                call 0xb5c	; 000007F6  E86303                            
   841 000008C4 FC                      cld	; 000007F9  FC                                
   842 000008C5 BB6C02                  mov bx,0x26c	; 000007FA  BB6C02                            
   843 000008C8 83EB7C                  sub bx,0x7c	; 000007FD  83EB7C                            
   844 000008CB BE712A                  mov si,0x2a71	; 00000800  BE712A                            
   845 000008CE 01DE                    add si,bx	; 00000803  03F3                              
   846 000008D0 BA4CE0                  mov dx,0xe04c	; 00000805  BA4CE0                            
   847 000008D3 BDFC1F                  mov bp,0x1ffc	; 00000808  BDFC1F                            
   848 000008D6 8BBF332A                mov di,[bx+0x2a33]	; 0000080B  8BBF332A                          
   849 000008DA 8A8F362A                mov cl,[bx+0x2a36]	; 0000080F  8A8F362A                          
   850 000008DE B500                    mov ch,0x0	; 00000813  B500                              
   851 000008E0 E3(1F)                  jcxz 0x81f	; 00000815  E308                              
   852 000008E2 A5                      movsw	; 00000817  A5                                
   853 000008E3 A5                      movsw	; 00000818  A5                                
   854 000008E4 01D7                    add di,dx	; 00000819  03FA                              
   855 000008E6 87D5                    xchg dx,bp	; 0000081B  87D5                              
   856 000008E8 E2(17)                  loop 0x817	; 0000081D  E2F8                              
   857 000008EA 3B1ECE2C                cmp bx,[0x2cce]	; 0000081F  3B1ECE2C                          
   858 000008EE 0F85(FD07)              jnz 0x7fd	; 00000823  75D8                              
   859 000008F2 803E442F00              cmp byte [0x2f44],0x0	; 00000825  803E442F00                        
   860 000008F7 0F84(2F08)              jz 0x82f	; 0000082A  7403                              
   861 000008FB E8(610C)                call 0xc61	; 0000082C  E83204                            
   862 000008FE 8B1ECE2C                mov bx,[0x2cce]	; 0000082F  8B1ECE2C                          
   863 00000902 81EB6C02                sub bx,0x26c	; 00000833  81EB6C02                          
   864 00000906 BD4800                  mov bp,0x48	; 00000837  BD4800                            
   865 00000909 83C37C                  add bx,0x7c	; 0000083A  83C37C                            
   866 0000090C 8BB71E2C                mov si,[bx+0x2c1e]	; 0000083D  8BB71E2C                          
   867 00000910 BA4CE0                  mov dx,0xe04c	; 00000841  BA4CE0                            
   868 00000913 BDFC1F                  mov bp,0x1ffc	; 00000844  BDFC1F                            
   869 00000916 BF612C                  mov di,0x2c61	; 00000847  BF612C                            
   870 00000919 01DF                    add di,bx	; 0000084A  03FB                              
   871 0000091B B90E00                  mov cx,0xe	; 0000084C  B90E00                            
   872 0000091E 06                      push es	; 0000084F  06                                
   873 0000091F 1E                      push ds	; 00000850  1E                                
   874 00000920 07                      pop es	; 00000851  07                                
   875 00000921 1F                      pop ds	; 00000852  1F                                
   876 00000922 A5                      movsw	; 00000853  A5                                
   877 00000923 A5                      movsw	; 00000854  A5                                
   878 00000924 01D6                    add si,dx	; 00000855  03F2                              
   879 00000926 87D5                    xchg dx,bp	; 00000857  87D5                              
   880 00000928 E2(53)                  loop 0x853	; 00000859  E2F8                              
   881 0000092A 06                      push es	; 0000085B  06                                
   882 0000092B 1E                      push ds	; 0000085C  1E                                
   883 0000092C 07                      pop es	; 0000085D  07                                
   884 0000092D 1F                      pop ds	; 0000085E  1F                                
   885 0000092E BE292C                  mov si,0x2c29	; 0000085F  BE292C                            
   886 00000931 01DE                    add si,bx	; 00000862  03F3                              
   887 00000933 BA4CE0                  mov dx,0xe04c	; 00000864  BA4CE0                            
   888 00000936 BDFC1F                  mov bp,0x1ffc	; 00000867  BDFC1F                            
   889 00000939 8BBF1E2C                mov di,[bx+0x2c1e]	; 0000086A  8BBF1E2C                          
   890 0000093D 8A8F252C                mov cl,[bx+0x2c25]	; 0000086E  8A8F252C                          
   891 00000941 B500                    mov ch,0x0	; 00000872  B500                              
   892 00000943 E3(8F)                  jcxz 0x88f	; 00000874  E319                              
   893 00000945 268A05                  mov al,[es:di]	; 00000876  268A05                            
   894 00000948 24C0                    and al,0xc0	; 00000879  24C0                              
   895 0000094A 0A04                    or al,[si]	; 0000087B  0A04                              
   896 0000094C 46                      inc si	; 0000087D  46                                
   897 0000094D AA                      stosb	; 0000087E  AA                                
   898 0000094E A5                      movsw	; 0000087F  A5                                
   899 0000094F 268A05                  mov al,[es:di]	; 00000880  268A05                            
   900 00000952 2403                    and al,0x3	; 00000883  2403                              
   901 00000954 0A04                    or al,[si]	; 00000885  0A04                              
   902 00000956 46                      inc si	; 00000887  46                                
   903 00000957 AA                      stosb	; 00000888  AA                                
   904 00000958 01D7                    add di,dx	; 00000889  03FA                              
   905 0000095A 87D5                    xchg dx,bp	; 0000088B  87D5                              
   906 0000095C E2(76)                  loop 0x876	; 0000088D  E2E7                              
   907 0000095E 83FB00                  cmp bx,0x0	; 0000088F  83FB00                            
   908 00000961 0F85(3A08)              jnz 0x83a	; 00000892  75A6                              
   909 00000965 BBF001                  mov bx,0x1f0	; 00000894  BBF001                            
   910 00000968 80BF382A02              cmp byte [bx+0x2a38],0x2	; 00000897  80BF382A02                        
   911 0000096D 0F8D(C208)              jnl 0x8c2	; 0000089C  7D24                              
   912 00000971 8B87302A                mov ax,[bx+0x2a30]	; 0000089E  8B87302A                          
   913 00000975 2A06302A                sub al,[0x2a30]	; 000008A2  2A06302A                          
   914 00000979 0F8D(AA08)              jnl 0x8aa	; 000008A6  7D02                              
   915 0000097D F6D8                    neg al	; 000008A8  F6D8                              
   916 0000097F 2A26312A                sub ah,[0x2a31]	; 000008AA  2A26312A                          
   917 00000983 0F8D(B208)              jnl 0x8b2	; 000008AE  7D02                              
   918 00000987 F6DC                    neg ah	; 000008B0  F6DC                              
   919 00000989 00E0                    add al,ah	; 000008B2  02C4                              
   920 0000098B 3C02                    cmp al,0x2	; 000008B4  3C02                              
   921 0000098D 0F8F(C208)              jg 0x8c2	; 000008B6  7F0A                              
   922 00000991 80BF382A00              cmp byte [bx+0x2a38],0x0	; 000008B8  80BF382A00                        
   923 00000996 0F84(D808)              jz 0x8d8	; 000008BD  7419                              
   924 0000099A E8(B60C)                call 0xcb6	; 000008BF  E8F403                            
   925 0000099D 83EB7C                  sub bx,0x7c	; 000008C2  83EB7C                            
   926 000009A0 0F85(9708)              jnz 0x897	; 000008C5  75D0                              
   927 000009A4 BF3C1F                  mov di,0x1f3c	; 000008C7  BF3C1F                            
   928 000009A7 B80000                  mov ax,0x0	; 000008CA  B80000                            
   929 000009AA FC                      cld	; 000008CD  FC                                
   930 000009AB AB                      stosw	; 000008CE  AB                                
   931 000009AC AB                      stosw	; 000008CF  AB                                
   932 000009AD 83EF54                  sub di,0x54	; 000008D0  83EF54                            
   933 000009B0 AB                      stosw	; 000008D3  AB                                
   934 000009B1 AB                      stosw	; 000008D4  AB                                
   935 000009B2 E9(DB04)                jmp 0x4db	; 000008D5  E903FC                            
   936 000009B5 C3                      ret	; 000008D8  C3                                
   937 000009B6 06                      push es	; 000008D9  06                                
   938 000009B7 1E                      push ds	; 000008DA  1E                                
   939 000009B8 07                      pop es	; 000008DB  07                                
   940 000009B9 BB6C02                  mov bx,0x26c	; 000008DC  BB6C02                            
   941 000009BC BD8002                  mov bp,0x280	; 000008DF  BD8002                            
   942 000009BF 83EB7C                  sub bx,0x7c	; 000008E2  83EB7C                            
   943 000009C2 81EDA000                sub bp,0xa0	; 000008E5  81EDA000                          
   944 000009C6 B90800                  mov cx,0x8	; 000008E9  B90800                            
   945 000009C9 8A872D2A                mov al,[bx+0x2a2d]	; 000008EC  8A872D2A                          
   946 000009CD B400                    mov ah,0x0	; 000008F0  B400                              
   947 000009CF 89C6                    mov si,ax	; 000008F2  8BF0                              
   948 000009D1 C1E600                  shl si,0x0	; 000008F4  D1E6                              
   949 000009D4 C1E600                  shl si,0x0	; 000008F6  D1E6                              
   950 000009D7 C1E600                  shl si,0x0	; 000008F8  D1E6                              
   951 000009DA C1E600                  shl si,0x0	; 000008FA  D1E6                              
   952 000009DD C1E600                  shl si,0x0	; 000008FC  D1E6                              
   953 000009E0 81C6E120                add si,0x20e1	; 000008FE  81C6E120                          
   954 000009E4 B8C003                  mov ax,0x3c0	; 00000902  B8C003                            
   955 000009E7 80BF382A06              cmp byte [bx+0x2a38],0x6	; 00000905  80BF382A06                        
   956 000009EC 0F8D(2909)              jnl 0x929	; 0000090A  7D1D                              
   957 000009F0 89E8                    mov ax,bp	; 0000090C  8BC5                              
   958 000009F2 F687382A01              test byte [bx+0x2a38],0x1	; 0000090E  F687382A01                        
   959 000009F7 0F84(2909)              jz 0x929	; 00000913  7414                              
   960 000009FB B88002                  mov ax,0x280	; 00000915  B88002                            
   961 000009FE 803E9B2C46              cmp byte [0x2c9b],0x46	; 00000918  803E9B2C46                        
   962 00000A03 0F87(2909)              ja 0x929	; 0000091D  770A                              
   963 00000A07 803ECB2C08              cmp byte [0x2ccb],0x8	; 0000091F  803ECB2C08                        
   964 00000A0C 0F8C(2909)              jl 0x929	; 00000924  7C03                              
   965 00000A10 05A000                  add ax,0xa0	; 00000926  05A000                            
   966 00000A13 BF392A                  mov di,0x2a39	; 00000929  BF392A                            
   967 00000A16 01DF                    add di,bx	; 0000092C  03FB                              
   968 00000A18 E8(100B)                call 0xb10	; 0000092E  E8DF01                            
   969 00000A1B BE6121                  mov si,0x2161	; 00000931  BE6121                            
   970 00000A1E B90400                  mov cx,0x4	; 00000934  B90400                            
   971 00000A21 E8(100B)                call 0xb10	; 00000937  E8D601                            
   972 00000A24 8B36CA2C                mov si,[0x2cca]	; 0000093A  8B36CA2C                          
   973 00000A28 83E602                  and si,0x2	; 0000093E  81E60200                          
   974 00000A2B C1E600                  shl si,0x0	; 00000942  D1E6                              
   975 00000A2E C1E600                  shl si,0x0	; 00000944  D1E6                              
   976 00000A31 81C67121                add si,0x2171	; 00000946  81C67121                          
   977 00000A35 B90200                  mov cx,0x2	; 0000094A  B90200                            
   978 00000A38 E8(100B)                call 0xb10	; 0000094D  E8C001                            
   979 00000A3B 83FD00                  cmp bp,0x0	; 00000950  83FD00                            
   980 00000A3E 0F85(E208)              jnz 0x8e2	; 00000953  758D                              
   981 00000A42 07                      pop es	; 00000955  07                                
   982 00000A43 C3                      ret	; 00000956  C3                                
   983 00000A44 E9(2B0A)                jmp 0xa2b	; 00000957  E9D100                            
   984 00000A47 06                      push es	; 0000095A  06                                
   985 00000A48 1E                      push ds	; 0000095B  1E                                
   986 00000A49 07                      pop es	; 0000095C  07                                
   987 00000A4A BF2A2D                  mov di,0x2d2a	; 0000095D  BF2A2D                            
   988 00000A4D B001                    mov al,0x1	; 00000960  B001                              
   989 00000A4F B90400                  mov cx,0x4	; 00000962  B90400                            
   990 00000A52 FC                      cld	; 00000965  FC                                
   991 00000A53 F3AA                    rep stosb	; 00000966  F3AA                              
   992 00000A55 8A87382A                mov al,[bx+0x2a38]	; 00000968  8A87382A                          
   993 00000A59 C0F800                  sar al,0x0	; 0000096C  D0F8                              
   994 00000A5C 0F84(5709)              jz 0x957	; 0000096E  74E7                              
   995 00000A60 FEC8                    dec al	; 00000970  FEC8                              
   996 00000A62 0F85(A909)              jnz 0x9a9	; 00000972  7535                              
   997 00000A66 8B872E2A                mov ax,[bx+0x2a2e]	; 00000974  8B872E2A                          
   998 00000A6A 2D922E                  sub ax,0x2e92	; 00000978  2D922E                            
   999 00000A6D 0F85(9509)              jnz 0x995	; 0000097B  7518                              
  1000 00000A71 80AF382A02              sub byte [bx+0x2a38],0x2	; 0000097D  80AF382A02                        
  1001 00000A76 C787302A1926            mov word [bx+0x2a30],0x2619	; 00000982  C787302A1926                      
  1002 00000A7C E8(010B)                call 0xb01	; 00000988  E87601                            
  1003 00000A7F C1D000                  rcl ax,0x0	; 0000098B  D1D0                              
  1004 00000A82 B80000                  mov ax,0x0	; 0000098D  B80000                            
  1005 00000A85 C1D000                  rcl ax,0x0	; 00000990  D1D0                              
  1006 00000A88 E9(FF0A)                jmp 0xaff	; 00000992  E96A01                            
  1007 00000A8B 83F8E2                  cmp ax,0xffe2	; 00000995  3DE2FF                            
  1008 00000A8E 0F86(9F09)              jna 0x99f	; 00000998  7605                              
  1009 00000A92 B003                    mov al,0x3	; 0000099A  B003                              
  1010 00000A94 E9(FF0A)                jmp 0xaff	; 0000099C  E96001                            
  1011 00000A97 C1D000                  rcl ax,0x0	; 0000099F  D1D0                              
  1012 00000A9A B80000                  mov ax,0x0	; 000009A1  B80000                            
  1013 00000A9D C1D000                  rcl ax,0x0	; 000009A4  D1D0                              
  1014 00000AA0 E9(FF0A)                jmp 0xaff	; 000009A6  E95601                            
  1015 00000AA3 FEC8                    dec al	; 000009A9  FEC8                              
  1016 00000AA5 0F85(F209)              jnz 0x9f2	; 000009AB  7545                              
  1017 00000AA9 8A872D2A                mov al,[bx+0x2a2d]	; 000009AD  8A872D2A                          
  1018 00000AAD B400                    mov ah,0x0	; 000009B1  B400                              
  1019 00000AAF 89C6                    mov si,ax	; 000009B3  8BF0                              
  1020 00000AB1 89DA                    mov dx,bx	; 000009B5  8BD3                              
  1021 00000AB3 B90000                  mov cx,0x0	; 000009B7  B90000                            
  1022 00000AB6 41                      inc cx	; 000009BA  41                                
  1023 00000AB7 83EA7C                  sub dx,0x7c	; 000009BB  83EA7C                            
  1024 00000ABA 0F85(BA09)              jnz 0x9ba	; 000009BE  75FA                              
  1025 00000ABE C1E100                  shl cx,0x0	; 000009C0  D1E1                              
  1026 00000AC1 01CE                    add si,cx	; 000009C2  03F1                              
  1027 00000AC3 C1E600                  shl si,0x0	; 000009C4  D1E6                              
  1028 00000AC6 8B972E2A                mov dx,[bx+0x2a2e]	; 000009C6  8B972E2A                          
  1029 00000ACA 3B940C2D                cmp dx,[si+0x2d0c]	; 000009CA  3B940C2D                          
  1030 00000ACE 0F85(EF09)              jnz 0x9ef	; 000009CE  751F                              
  1031 00000AD2 3401                    xor al,0x1	; 000009D0  3401                              
  1032 00000AD4 3C03                    cmp al,0x3	; 000009D2  3C03                              
  1033 00000AD6 0F85(EF09)              jnz 0x9ef	; 000009D4  7519                              
  1034 00000ADA F687382A01              test byte [bx+0x2a38],0x1	; 000009D6  F687382A01                        
  1035 00000ADF 0F85(EF09)              jnz 0x9ef	; 000009DB  7512                              
  1036 00000AE3 E8(010B)                call 0xb01	; 000009DD  E82101                            
  1037 00000AE6 3B06272D                cmp ax,[0x2d27]	; 000009E0  3B06272D                          
  1038 00000AEA B003                    mov al,0x3	; 000009E4  B003                              
  1039 00000AEC 0F83(EF09)              jnc 0x9ef	; 000009E6  7307                              
  1040 00000AF0 80AF382A02              sub byte [bx+0x2a38],0x2	; 000009E8  80AF382A02                        
  1041 00000AF5 E9(7409)                jmp 0x974	; 000009ED  EB85                              
  1042 00000AF8 E9(FF0A)                jmp 0xaff	; 000009EF  E90D01                            
  1043 00000AFB 81BF302A1A26            cmp word [bx+0x2a30],0x261a	; 000009F2  81BF302A1A26                      
  1044 00000B01 0F85(2B0A)              jnz 0xa2b	; 000009F8  7531                              
  1045 00000B05 80AF382A02              sub byte [bx+0x2a38],0x2	; 000009FA  80AF382A02                        
  1046 00000B0A 89DA                    mov dx,bx	; 000009FF  8BD3                              
  1047 00000B0C B90000                  mov cx,0x0	; 00000A01  B90000                            
  1048 00000B0F 41                      inc cx	; 00000A04  41                                
  1049 00000B10 83EA7C                  sub dx,0x7c	; 00000A05  83EA7C                            
  1050 00000B13 0F85(040A)              jnz 0xa04	; 00000A08  75FA                              
  1051 00000B17 C1E100                  shl cx,0x0	; 00000A0A  D1E1                              
  1052 00000B1A C1E100                  shl cx,0x0	; 00000A0C  D1E1                              
  1053 00000B1D 89CE                    mov si,cx	; 00000A0E  8BF1                              
  1054 00000B1F 8B84102D                mov ax,[si+0x2d10]	; 00000A10  8B84102D                          
  1055 00000B23 89872E2A                mov [bx+0x2a2e],ax	; 00000A14  89872E2A                          
  1056 00000B27 83F90C                  cmp cx,0xc	; 00000A18  83F90C                            
  1057 00000B2A 0F85(220A)              jnz 0xa22	; 00000A1B  7505                              
  1058 00000B2E 80AF382A02              sub byte [bx+0x2a38],0x2	; 00000A1D  80AF382A02                        
  1059 00000B33 B003                    mov al,0x3	; 00000A22  B003                              
  1060 00000B35 88872D2A                mov [bx+0x2a2d],al	; 00000A24  88872D2A                          
  1061 00000B39 E9(FF0A)                jmp 0xaff	; 00000A28  E9D400                            
  1062 00000B3C A0262D                  mov al,[0x2d26]	; 00000A2B  A0262D                            
  1063 00000B3F A2292D                  mov [0x2d29],al	; 00000A2E  A2292D                            
  1064 00000B42 8A97382A                mov dl,[bx+0x2a38]	; 00000A31  8A97382A                          
  1065 00000B46 88D1                    mov cl,dl	; 00000A35  8ACA                              
  1066 00000B48 83F101                  xor cx,0x1	; 00000A37  81F10100                          
  1067 00000B4B 83E101                  and cx,0x1	; 00000A3B  81E10100                          
  1068 00000B4E 80FA06                  cmp dl,0x6	; 00000A3F  80FA06                            
  1069 00000B51 0F8C(4C0A)              jl 0xa4c	; 00000A42  7C08                              
  1070 00000B55 C606292D3C              mov byte [0x2d29],0x3c	; 00000A44  C606292D3C                        
  1071 00000B5A B90100                  mov cx,0x1	; 00000A49  B90100                            
  1072 00000B5D A0302A                  mov al,[0x2a30]	; 00000A4C  A0302A                            
  1073 00000B60 80FA06                  cmp dl,0x6	; 00000A4F  80FA06                            
  1074 00000B63 0F8C(560A)              jl 0xa56	; 00000A52  7C02                              
  1075 00000B67 B01A                    mov al,0x1a	; 00000A54  B01A                              
  1076 00000B69 2A87302A                sub al,[bx+0x2a30]	; 00000A56  2A87302A                          
  1077 00000B6D E3(5E)                  jcxz 0xa5e	; 00000A5A  E302                              
  1078 00000B6F F6D8                    neg al	; 00000A5C  F6D8                              
  1079 00000B71 0F84(700A)              jz 0xa70	; 00000A5E  7410                              
  1080 00000B75 C0D000                  rcl al,0x0	; 00000A60  D0D0                              
  1081 00000B78 B80000                  mov ax,0x0	; 00000A62  B80000                            
  1082 00000B7B C1D000                  rcl ax,0x0	; 00000A65  D1D0                              
  1083 00000B7E 89C7                    mov di,ax	; 00000A67  8BF8                              
  1084 00000B80 A0292D                  mov al,[0x2d29]	; 00000A69  A0292D                            
  1085 00000B83 88852A2D                mov [di+0x2d2a],al	; 00000A6C  88852A2D                          
  1086 00000B87 A0312A                  mov al,[0x2a31]	; 00000A70  A0312A                            
  1087 00000B8A 80FA06                  cmp dl,0x6	; 00000A73  80FA06                            
  1088 00000B8D 0F8C(7A0A)              jl 0xa7a	; 00000A76  7C02                              
  1089 00000B91 B026                    mov al,0x26	; 00000A78  B026                              
  1090 00000B93 2A87312A                sub al,[bx+0x2a31]	; 00000A7A  2A87312A                          
  1091 00000B97 E3(82)                  jcxz 0xa82	; 00000A7E  E302                              
  1092 00000B99 F6D8                    neg al	; 00000A80  F6D8                              
  1093 00000B9B 0F84(940A)              jz 0xa94	; 00000A82  7410                              
  1094 00000B9F C0D000                  rcl al,0x0	; 00000A84  D0D0                              
  1095 00000BA2 B80100                  mov ax,0x1	; 00000A86  B80100                            
  1096 00000BA5 C1D000                  rcl ax,0x0	; 00000A89  D1D0                              
  1097 00000BA8 89C7                    mov di,ax	; 00000A8B  8BF8                              
  1098 00000BAA A0292D                  mov al,[0x2d29]	; 00000A8D  A0292D                            
  1099 00000BAD 88852A2D                mov [di+0x2d2a],al	; 00000A90  88852A2D                          
  1100 00000BB1 B90400                  mov cx,0x4	; 00000A94  B90400                            
  1101 00000BB4 89CF                    mov di,cx	; 00000A97  8BF9                              
  1102 00000BB6 8A85BC2C                mov al,[di+0x2cbc]	; 00000A99  8A85BC2C                          
  1103 00000BBA 98                      cbw	; 00000A9D  98                                
  1104 00000BBB 89C6                    mov si,ax	; 00000A9E  8BF0                              
  1105 00000BBD 3E80BA731600            cmp byte [ds:bp+si+0x1673],0x0	; 00000AA0  3E80BA731600                      
  1106 00000BC3 0F85(AD0A)              jnz 0xaad	; 00000AA6  7505                              
  1107 00000BC7 C685292D00              mov byte [di+0x2d29],0x0	; 00000AA8  C685292D00                        
  1108 00000BCC E2(97)                  loop 0xa97	; 00000AAD  E2E8                              
  1109 00000BCE 8A872D2A                mov al,[bx+0x2a2d]	; 00000AAF  8A872D2A                          
  1110 00000BD2 B400                    mov ah,0x0	; 00000AB3  B400                              
  1111 00000BD4 89C7                    mov di,ax	; 00000AB5  8BF8                              
  1112 00000BD6 80BF372A01              cmp byte [bx+0x2a37],0x1	; 00000AB7  80BF372A01                        
  1113 00000BDB 0F84(D00A)              jz 0xad0	; 00000ABC  7412                              
  1114 00000BDF 89F8                    mov ax,di	; 00000ABE  8BC7                              
  1115 00000BE1 8AA7312A                mov ah,[bx+0x2a31]	; 00000AC0  8AA7312A                          
  1116 00000BE5 80F420                  xor ah,0x20	; 00000AC4  80F420                            
  1117 00000BE8 A9FEFF                  test ax,0xfffe	; 00000AC7  A9FEFF                            
  1118 00000BEB 0F84(D00A)              jz 0xad0	; 00000ACA  7404                              
  1119 00000BEF C0A52A2D00              shl byte [di+0x2d2a],0x0	; 00000ACC  D0A52A2D                          
  1120 00000BF4 83F701                  xor di,0x1	; 00000AD0  81F70100                          
  1121 00000BF7 C6852A2D00              mov byte [di+0x2d2a],0x0	; 00000AD4  C6852A2D00                        
  1122 00000BFC B90400                  mov cx,0x4	; 00000AD9  B90400                            
  1123 00000BFF BD0000                  mov bp,0x0	; 00000ADC  BD0000                            
  1124 00000C02 BE2A2D                  mov si,0x2d2a	; 00000ADF  BE2A2D                            
  1125 00000C05 B400                    mov ah,0x0	; 00000AE2  B400                              
  1126 00000C07 AC                      lodsb	; 00000AE4  AC                                
  1127 00000C08 01C5                    add bp,ax	; 00000AE5  03E8                              
  1128 00000C0A E2(E4)                  loop 0xae4	; 00000AE7  E2FB                              
  1129 00000C0C E8(010B)                call 0xb01	; 00000AE9  E81500                            
  1130 00000C0F F7E5                    mul bp	; 00000AEC  F7E5                              
  1131 00000C11 BE2A2D                  mov si,0x2d2a	; 00000AEE  BE2A2D                            
  1132 00000C14 B400                    mov ah,0x0	; 00000AF1  B400                              
  1133 00000C16 AC                      lodsb	; 00000AF3  AC                                
  1134 00000C17 29C2                    sub dx,ax	; 00000AF4  2BD0                              
  1135 00000C19 0F8D(F30A)              jnl 0xaf3	; 00000AF6  7DFB                              
  1136 00000C1D B82B2D                  mov ax,0x2d2b	; 00000AF8  B82B2D                            
  1137 00000C20 F7D8                    neg ax	; 00000AFB  F7D8                              
  1138 00000C22 01F0                    add ax,si	; 00000AFD  03C6                              
  1139 00000C24 07                      pop es	; 00000AFF  07                                
  1140 00000C25 C3                      ret	; 00000B00  C3                                
  1141 00000C26 A1242D                  mov ax,[0x2d24]	; 00000B01  A1242D                            
  1142 00000C29 BADD98                  mov dx,0x98dd	; 00000B04  BADD98                            
  1143 00000C2C F7E2                    mul dx	; 00000B07  F7E2                              
  1144 00000C2E 05EFD5                  add ax,0xd5ef	; 00000B09  05EFD5                            
  1145 00000C31 A3242D                  mov [0x2d24],ax	; 00000B0C  A3242D                            
  1146 00000C34 C3                      ret	; 00000B0F  C3                                
  1147 00000C35 01C6                    add si,ax	; 00000B10  03F0                              
  1148 00000C37 FC                      cld	; 00000B12  FC                                
  1149 00000C38 A5                      movsw	; 00000B13  A5                                
  1150 00000C39 A5                      movsw	; 00000B14  A5                                
  1151 00000C3A E2(13)                  loop 0xb13	; 00000B15  E2FC                              
  1152 00000C3C C3                      ret	; 00000B17  C3                                
  1153 00000C3D C606932F18              mov byte [0x2f93],0x18	; 00000B18  C606932F18                        
  1154 00000C42 A0F006                  mov al,[0x6f0]	; 00000B1D  A0F006                            
  1155 00000C45 B400                    mov ah,0x0	; 00000B20  B400                              
  1156 00000C47 FEC0                    inc al	; 00000B22  FEC0                              
  1157 00000C49 A2F006                  mov [0x6f0],al	; 00000B24  A2F006                            
  1158 00000C4C 89C7                    mov di,ax	; 00000B27  8BF8                              
  1159 00000C4E C1E700                  shl di,0x0	; 00000B29  D1E7                              
  1160 00000C51 C1E700                  shl di,0x0	; 00000B2B  D1E7                              
  1161 00000C54 01C7                    add di,ax	; 00000B2D  03F8                              
  1162 00000C56 C1E700                  shl di,0x0	; 00000B2F  D1E7                              
  1163 00000C59 C1E700                  shl di,0x0	; 00000B31  D1E7                              
  1164 00000C5C C1E700                  shl di,0x0	; 00000B33  D1E7                              
  1165 00000C5F C1E700                  shl di,0x0	; 00000B35  D1E7                              
  1166 00000C62 C1E700                  shl di,0x0	; 00000B37  D1E7                              
  1167 00000C65 C1E700                  shl di,0x0	; 00000B39  D1E7                              
  1168 00000C68 C1E700                  shl di,0x0	; 00000B3B  D1E7                              
  1169 00000C6B F7DF                    neg di	; 00000B3D  F7DF                              
  1170 00000C6D 81C7BB21                add di,0x21bb	; 00000B3F  81C7BB21                          
  1171 00000C71 BE591F                  mov si,0x1f59	; 00000B43  BE591F                            
  1172 00000C74 BAFC1F                  mov dx,0x1ffc	; 00000B46  BAFC1F                            
  1173 00000C77 BD4CE0                  mov bp,0xe04c	; 00000B49  BD4CE0                            
  1174 00000C7A B90E00                  mov cx,0xe	; 00000B4C  B90E00                            
  1175 00000C7D FC                      cld	; 00000B4F  FC                                
  1176 00000C7E A5                      movsw	; 00000B50  A5                                
  1177 00000C7F A5                      movsw	; 00000B51  A5                                
  1178 00000C80 01D7                    add di,dx	; 00000B52  03FA                              
  1179 00000C82 87D5                    xchg dx,bp	; 00000B54  87D5                              
  1180 00000C84 E2(50)                  loop 0xb50	; 00000B56  E2F8                              
  1181 00000C86 C3                      ret	; 00000B58  C3                                
  1182 00000C87 E9(EA0B)                jmp 0xbea	; 00000B59  E98E00                            
  1183 00000C8A C606442F00              mov byte [0x2f44],0x0	; 00000B5C  C606442F00                        
  1184 00000C8F 803E432F02              cmp byte [0x2f43],0x2	; 00000B61  803E432F02                        
  1185 00000C94 0F85(590B)              jnz 0xb59	; 00000B66  75F1                              
  1186 00000C98 813E2E2A862E            cmp word [0x2a2e],0x2e86	; 00000B68  813E2E2A862E                      
  1187 00000C9E 0F85(590B)              jnz 0xb59	; 00000B6E  75E9                              
  1188 00000CA2 C606922F09              mov byte [0x2f92],0x9	; 00000B70  C606922F09                        
  1189 00000CA7 C606432F01              mov byte [0x2f43],0x1	; 00000B75  C606432F01                        
  1190 00000CAC C7063E2F3C00            mov word [0x2f3e],0x3c	; 00000B7A  C7063E2F3C00                      
  1191 00000CB2 06                      push es	; 00000B80  06                                
  1192 00000CB3 1E                      push ds	; 00000B81  1E                                
  1193 00000CB4 07                      pop es	; 00000B82  07                                
  1194 00000CB5 BF452F                  mov di,0x2f45	; 00000B83  BF452F                            
  1195 00000CB8 8B1E412F                mov bx,[0x2f41]	; 00000B86  8B1E412F                          
  1196 00000CBC BD0300                  mov bp,0x3	; 00000B8A  BD0300                            
  1197 00000CBF 803F00                  cmp byte [bx],0x0	; 00000B8D  803F00                            
  1198 00000CC2 0F85(A40B)              jnz 0xba4	; 00000B90  7512                              
  1199 00000CC6 B80000                  mov ax,0x0	; 00000B92  B80000                            
  1200 00000CC9 FC                      cld	; 00000B95  FC                                
  1201 00000CCA AB                      stosw	; 00000B96  AB                                
  1202 00000CCB AB                      stosw	; 00000B97  AB                                
  1203 00000CCC 43                      inc bx	; 00000B98  43                                
  1204 00000CCD 4D                      dec bp	; 00000B99  4D                                
  1205 00000CCE 83C71E                  add di,0x1e	; 00000B9A  83C71E                            
  1206 00000CD1 FC                      cld	; 00000B9D  FC                                
  1207 00000CD2 AB                      stosw	; 00000B9E  AB                                
  1208 00000CD3 AB                      stosw	; 00000B9F  AB                                
  1209 00000CD4 AB                      stosw	; 00000BA0  AB                                
  1210 00000CD5 83EF24                  sub di,0x24	; 00000BA1  83EF24                            
  1211 00000CD8 8A07                    mov al,[bx]	; 00000BA4  8A07                              
  1212 00000CDA 43                      inc bx	; 00000BA6  43                                
  1213 00000CDB B400                    mov ah,0x0	; 00000BA7  B400                              
  1214 00000CDD 89C6                    mov si,ax	; 00000BA9  8BF0                              
  1215 00000CDF C1E600                  shl si,0x0	; 00000BAB  D1E6                              
  1216 00000CE2 C1E600                  shl si,0x0	; 00000BAD  D1E6                              
  1217 00000CE5 C1E600                  shl si,0x0	; 00000BAF  D1E6                              
  1218 00000CE8 81C6062F                add si,0x2f06	; 00000BB1  81C6062F                          
  1219 00000CEC B90400                  mov cx,0x4	; 00000BB5  B90400                            
  1220 00000CEF F3A5                    rep movsw	; 00000BB8  F3A5                              
  1221 00000CF1 B80000                  mov ax,0x0	; 00000BBA  B80000                            
  1222 00000CF4 AB                      stosw	; 00000BBD  AB                                
  1223 00000CF5 4D                      dec bp	; 00000BBE  4D                                
  1224 00000CF6 0F85(A40B)              jnz 0xba4	; 00000BBF  75E3                              
  1225 00000CFA BE062F                  mov si,0x2f06	; 00000BC1  BE062F                            
  1226 00000CFD B90400                  mov cx,0x4	; 00000BC4  B90400                            
  1227 00000D00 F3A5                    rep movsw	; 00000BC7  F3A5                              
  1228 00000D02 B80000                  mov ax,0x0	; 00000BC9  B80000                            
  1229 00000D05 AB                      stosw	; 00000BCC  AB                                
  1230 00000D06 07                      pop es	; 00000BCD  07                                
  1231 00000D07 83EB03                  sub bx,0x3	; 00000BCE  83EB03                            
  1232 00000D0A BA0300                  mov dx,0x3	; 00000BD1  BA0300                            
  1233 00000D0D 88D4                    mov ah,dl	; 00000BD4  8AE2                              
  1234 00000D0F F6DC                    neg ah	; 00000BD6  F6DC                              
  1235 00000D11 80C405                  add ah,0x5	; 00000BD8  80C405                            
  1236 00000D14 8A07                    mov al,[bx]	; 00000BDB  8A07                              
  1237 00000D16 E8(3A0E)                call 0xe3a	; 00000BDD  E85A02                            
  1238 00000D19 43                      inc bx	; 00000BE0  43                                
  1239 00000D1A 4A                      dec dx	; 00000BE1  4A                                
  1240 00000D1B 0F85(D40B)              jnz 0xbd4	; 00000BE2  75F0                              
  1241 00000D1F C606442F02              mov byte [0x2f44],0x2	; 00000BE4  C606442F02                        
  1242 00000D24 C3                      ret	; 00000BE9  C3                                
  1243 00000D25 803E432F00              cmp byte [0x2f43],0x0	; 00000BEA  803E432F00                        
  1244 00000D2A 0F85(490C)              jnz 0xc49	; 00000BEF  7558                              
  1245 00000D2E A0992C                  mov al,[0x2c99]	; 00000BF1  A0992C                            
  1246 00000D31 3A06402F                cmp al,[0x2f40]	; 00000BF4  3A06402F                          
  1247 00000D35 0F84(020C)              jz 0xc02	; 00000BF8  7408                              
  1248 00000D39 3CAA                    cmp al,0xaa	; 00000BFA  3CAA                              
  1249 00000D3B 0F84(030C)              jz 0xc03	; 00000BFC  7405                              
  1250 00000D3F 3C50                    cmp al,0x50	; 00000BFE  3C50                              
  1251 00000D41 0F84(030C)              jz 0xc03	; 00000C00  7401                              
  1252 00000D45 C3                      ret	; 00000C02  C3                                
  1253 00000D46 A2402F                  mov [0x2f40],al	; 00000C03  A2402F                            
  1254 00000D49 C606432F02              mov byte [0x2f43],0x2	; 00000C06  C606432F02                        
  1255 00000D4E C7063E2F8700            mov word [0x2f3e],0x87	; 00000C0B  C7063E2F8700                      
  1256 00000D54 C606442F03              mov byte [0x2f44],0x3	; 00000C11  C606442F03                        
  1257 00000D59 BF452F                  mov di,0x2f45	; 00000C16  BF452F                            
  1258 00000D5C A1F106                  mov ax,[0x6f1]	; 00000C19  A1F106                            
  1259 00000D5F 48                      dec ax	; 00000C1C  48                                
  1260 00000D60 83F808                  cmp ax,0x8	; 00000C1D  3D0800                            
  1261 00000D63 0F8C(2F0C)              jl 0xc2f	; 00000C20  7C0D                              
  1262 00000D67 E8(010B)                call 0xb01	; 00000C22  E8DCFE                            
  1263 00000D6A B000                    mov al,0x0	; 00000C25  B000                              
  1264 00000D6C C1C000                  rol ax,0x0	; 00000C27  D1C0                              
  1265 00000D6F C1C000                  rol ax,0x0	; 00000C29  D1C0                              
  1266 00000D72 C1C000                  rol ax,0x0	; 00000C2B  D1C0                              
  1267 00000D75 B400                    mov ah,0x0	; 00000C2D  B400                              
  1268 00000D77 BA3B00                  mov dx,0x3b	; 00000C2F  BA3B00                            
  1269 00000D7A F7E2                    mul dx	; 00000C32  F7E2                              
  1270 00000D7C 052E2D                  add ax,0x2d2e	; 00000C34  052E2D                            
  1271 00000D7F A3412F                  mov [0x2f41],ax	; 00000C37  A3412F                            
  1272 00000D82 89C6                    mov si,ax	; 00000C3A  8BF0                              
  1273 00000D84 83C603                  add si,0x3	; 00000C3C  83C603                            
  1274 00000D87 B91C00                  mov cx,0x1c	; 00000C3F  B91C00                            
  1275 00000D8A 06                      push es	; 00000C42  06                                
  1276 00000D8B 1E                      push ds	; 00000C43  1E                                
  1277 00000D8C 07                      pop es	; 00000C44  07                                
  1278 00000D8D F3A5                    rep movsw	; 00000C45  F3A5                              
  1279 00000D8F 07                      pop es	; 00000C47  07                                
  1280 00000D90 C3                      ret	; 00000C48  C3                                
  1281 00000D91 FF0E3E2F                dec word [0x2f3e]	; 00000C49  FF0E3E2F                          
  1282 00000D95 0F84(500C)              jz 0xc50	; 00000C4D  7401                              
  1283 00000D99 C3                      ret	; 00000C4F  C3                                
  1284 00000D9A C606432F00              mov byte [0x2f43],0x0	; 00000C50  C606432F00                        
  1285 00000D9F C7063E2F0E01            mov word [0x2f3e],0x10e	; 00000C55  C7063E2F0E01                      
  1286 00000DA5 C606442F01              mov byte [0x2f44],0x1	; 00000C5B  C606442F01                        
  1287 00000DAA C3                      ret	; 00000C60  C3                                
  1288 00000DAB FC                      cld	; 00000C61  FC                                
  1289 00000DAC 803E442F02              cmp byte [0x2f44],0x2	; 00000C62  803E442F02                        
  1290 00000DB1 0F8F(9E0C)              jg 0xc9e	; 00000C67  7F35                              
  1291 00000DB5 0F84(830C)              jz 0xc83	; 00000C69  7418                              
  1292 00000DB9 BFE60D                  mov di,0xde6	; 00000C6B  BFE60D                            
  1293 00000DBC B80000                  mov ax,0x0	; 00000C6E  B80000                            
  1294 00000DBF B91400                  mov cx,0x14	; 00000C71  B91400                            
  1295 00000DC2 BAFC1F                  mov dx,0x1ffc	; 00000C74  BAFC1F                            
  1296 00000DC5 BD4CE0                  mov bp,0xe04c	; 00000C77  BD4CE0                            
  1297 00000DC8 AB                      stosw	; 00000C7A  AB                                
  1298 00000DC9 AB                      stosw	; 00000C7B  AB                                
  1299 00000DCA 01D7                    add di,dx	; 00000C7C  03FA                              
  1300 00000DCC 87D5                    xchg dx,bp	; 00000C7E  87D5                              
  1301 00000DCE E2(7A)                  loop 0xc7a	; 00000C80  E2F8                              
  1302 00000DD0 C3                      ret	; 00000C82  C3                                
  1303 00000DD1 BFE60D                  mov di,0xde6	; 00000C83  BFE60D                            
  1304 00000DD4 BE452F                  mov si,0x2f45	; 00000C86  BE452F                            
  1305 00000DD7 B91400                  mov cx,0x14	; 00000C89  B91400                            
  1306 00000DDA BAFC1F                  mov dx,0x1ffc	; 00000C8C  BAFC1F                            
  1307 00000DDD BD4CE0                  mov bp,0xe04c	; 00000C8F  BD4CE0                            
  1308 00000DE0 B000                    mov al,0x0	; 00000C92  B000                              
  1309 00000DE2 AA                      stosb	; 00000C94  AA                                
  1310 00000DE3 A5                      movsw	; 00000C95  A5                                
  1311 00000DE4 AA                      stosb	; 00000C96  AA                                
  1312 00000DE5 01D7                    add di,dx	; 00000C97  03FA                              
  1313 00000DE7 87D5                    xchg dx,bp	; 00000C99  87D5                              
  1314 00000DE9 E2(94)                  loop 0xc94	; 00000C9B  E2F7                              
  1315 00000DEB C3                      ret	; 00000C9D  C3                                
  1316 00000DEC BF862E                  mov di,0x2e86	; 00000C9E  BF862E                            
  1317 00000DEF BE452F                  mov si,0x2f45	; 00000CA1  BE452F                            
  1318 00000DF2 B90E00                  mov cx,0xe	; 00000CA4  B90E00                            
  1319 00000DF5 BA4CE0                  mov dx,0xe04c	; 00000CA7  BA4CE0                            
  1320 00000DF8 BDFC1F                  mov bp,0x1ffc	; 00000CAA  BDFC1F                            
  1321 00000DFB A5                      movsw	; 00000CAD  A5                                
  1322 00000DFC A5                      movsw	; 00000CAE  A5                                
  1323 00000DFD 01D7                    add di,dx	; 00000CAF  03FA                              
  1324 00000DFF 87D5                    xchg dx,bp	; 00000CB1  87D5                              
  1325 00000E01 E2(AD)                  loop 0xcad	; 00000CB3  E2F8                              
  1326 00000E03 C3                      ret	; 00000CB5  C3                                
  1327 00000E04 FC                      cld	; 00000CB6  FC                                
  1328 00000E05 8B3E8D2F                mov di,[0x2f8d]	; 00000CB7  8B3E8D2F                          
  1329 00000E09 8A85F125                mov al,[di+0x25f1]	; 00000CBB  8A85F125                          
  1330 00000E0D B403                    mov ah,0x3	; 00000CBF  B403                              
  1331 00000E0F E8(3A0E)                call 0xe3a	; 00000CC1  E87601                            
  1332 00000E12 C687382A06              mov byte [bx+0x2a38],0x6	; 00000CC4  C687382A06                        
  1333 00000E17 01DE                    add si,bx	; 00000CC9  03F3                              
  1334 00000E19 8BBF2E2A                mov di,[bx+0x2a2e]	; 00000CCB  8BBF2E2A                          
  1335 00000E1D 8A8F352A                mov cl,[bx+0x2a35]	; 00000CCF  8A8F352A                          
  1336 00000E21 E8(540D)                call 0xd54	; 00000CD3  E87E00                            
  1337 00000E24 8B3E2E2A                mov di,[0x2a2e]	; 00000CD6  8B3E2E2A                          
  1338 00000E28 8A0E352A                mov cl,[0x2a35]	; 00000CDA  8A0E352A                          
  1339 00000E2C E8(540D)                call 0xd54	; 00000CDE  E87300                            
  1340 00000E2F E8(120D)                call 0xd12	; 00000CE1  E82E00                            
  1341 00000E32 B002                    mov al,0x2	; 00000CE4  B002                              
  1342 00000E34 E642                    out byte 0x42,al	; 00000CE6  E642                              
  1343 00000E36 30C0                    xor al,al	; 00000CE8  32C0                              
  1344 00000E38 E642                    out byte 0x42,al	; 00000CEA  E642                              
  1345 00000E3A BEF62F                  mov si,0x2ff6	; 00000CEC  BEF62F                            
  1346 00000E3D BD1800                  mov bp,0x18	; 00000CEF  BD1800                            
  1347 00000E40 FC                      cld	; 00000CF2  FC                                
  1348 00000E41 AD                      lodsw	; 00000CF3  AD                                
  1349 00000E42 803EA02F00              cmp byte [0x2fa0],0x0	; 00000CF4  803EA02F00                        
  1350 00000E47 0F8C(010D)              jl 0xd01	; 00000CF9  7C06                              
  1351 00000E4B E642                    out byte 0x42,al	; 00000CFB  E642                              
  1352 00000E4D 88E0                    mov al,ah	; 00000CFD  8AC4                              
  1353 00000E4F E642                    out byte 0x42,al	; 00000CFF  E642                              
  1354 00000E51 B90A14                  mov cx,0x140a	; 00000D01  B90A14                            
  1355 00000E54 E2(04)                  loop 0xd04	; 00000D04  E2FE                              
  1356 00000E56 4D                      dec bp	; 00000D06  4D                                
  1357 00000E57 0F85(F30C)              jnz 0xcf3	; 00000D07  75EA                              
  1358 00000E5B E8(120D)                call 0xd12	; 00000D09  E80600                            
  1359 00000E5E 83068D2F21              add word [0x2f8d],0x21	; 00000D0C  83068D2F21                        
  1360 00000E63 C3                      ret	; 00000D11  C3                                
  1361 00000E64 BA4CE0                  mov dx,0xe04c	; 00000D12  BA4CE0                            
  1362 00000E67 BDFC1F                  mov bp,0x1ffc	; 00000D15  BDFC1F                            
  1363 00000E6A 8B3E2E2A                mov di,[0x2a2e]	; 00000D18  8B3E2E2A                          
  1364 00000E6E 03BF2E2A                add di,[bx+0x2a2e]	; 00000D1C  03BF2E2A                          
  1365 00000E72 C1FF00                  sar di,0x0	; 00000D20  D1FF                              
  1366 00000E75 81C7A000                add di,0xa0	; 00000D22  81C7A000                          
  1367 00000E79 BEF225                  mov si,0x25f2	; 00000D26  BEF225                            
  1368 00000E7C 03368D2F                add si,[0x2f8d]	; 00000D29  03368D2F                          
  1369 00000E80 8A0E352A                mov cl,[0x2a35]	; 00000D2D  8A0E352A                          
  1370 00000E84 028F352A                add cl,[bx+0x2a35]	; 00000D31  028F352A                          
  1371 00000E88 C0F900                  sar cl,0x0	; 00000D35  D0F9                              
  1372 00000E8B B500                    mov ch,0x0	; 00000D37  B500                              
  1373 00000E8D E3(53)                  jcxz 0xd53	; 00000D39  E318                              
  1374 00000E8F 83F908                  cmp cx,0x8	; 00000D3B  83F908                            
  1375 00000E92 0F8E(430D)              jng 0xd43	; 00000D3E  7E03                              
  1376 00000E96 B90800                  mov cx,0x8	; 00000D40  B90800                            
  1377 00000E99 AD                      lodsw	; 00000D43  AD                                
  1378 00000E9A 263305                  xor ax,[es:di]	; 00000D44  263305                            
  1379 00000E9D AB                      stosw	; 00000D47  AB                                
  1380 00000E9E AD                      lodsw	; 00000D48  AD                                
  1381 00000E9F 263305                  xor ax,[es:di]	; 00000D49  263305                            
  1382 00000EA2 AB                      stosw	; 00000D4C  AB                                
  1383 00000EA3 01D7                    add di,dx	; 00000D4D  03FA                              
  1384 00000EA5 87D5                    xchg dx,bp	; 00000D4F  87D5                              
  1385 00000EA7 E2(43)                  loop 0xd43	; 00000D51  E2F0                              
  1386 00000EA9 C3                      ret	; 00000D53  C3                                
  1387 00000EAA B80000                  mov ax,0x0	; 00000D54  B80000                            
  1388 00000EAD BA4CE0                  mov dx,0xe04c	; 00000D57  BA4CE0                            
  1389 00000EB0 BDFC1F                  mov bp,0x1ffc	; 00000D5A  BDFC1F                            
  1390 00000EB3 B500                    mov ch,0x0	; 00000D5D  B500                              
  1391 00000EB5 E3(69)                  jcxz 0xd69	; 00000D5F  E308                              
  1392 00000EB7 AB                      stosw	; 00000D61  AB                                
  1393 00000EB8 AB                      stosw	; 00000D62  AB                                
  1394 00000EB9 01D7                    add di,dx	; 00000D63  03FA                              
  1395 00000EBB 87D5                    xchg dx,bp	; 00000D65  87D5                              
  1396 00000EBD E2(61)                  loop 0xd61	; 00000D67  E2F8                              
  1397 00000EBF C3                      ret	; 00000D69  C3                                
  1398 00000EC0 58                      pop ax	; 00000D6A  58                                
  1399 00000EC1 58                      pop ax	; 00000D6B  58                                
  1400 00000EC2 C3                      ret	; 00000D6C  C3                                
  1401 00000EC3 B401                    mov ah,0x1	; 00000D6D  B401                              
  1402 00000EC5 CD16                    int byte 0x16	; 00000D6F  CD16                              
  1403 00000EC7 0F84(CF0D)              jz 0xdcf	; 00000D71  745C                              
  1404 00000ECB E8(C00F)                call 0xfc0	; 00000D73  E84A02                            
  1405 00000ECE 90                      nop	; 00000D76  90                                
  1406 00000ECF 83F800                  cmp ax,0x0	; 00000D77  3D0000                            
  1407 00000ED2 0F84(6A0D)              jz 0xd6a	; 00000D7A  74EE                              
  1408 00000ED6 3C13                    cmp al,0x13	; 00000D7C  3C13                              
  1409 00000ED8 0F85(840D)              jnz 0xd84	; 00000D7E  7504                              
  1410 00000EDC F61EA02F                neg byte [0x2fa0]	; 00000D80  F61EA02F                          
  1411 00000EE0 803E8F2F01              cmp byte [0x2f8f],0x1	; 00000D84  803E8F2F01                        
  1412 00000EE5 0F84(CF0D)              jz 0xdcf	; 00000D89  7444                              
  1413 00000EE9 24DF                    and al,0xdf	; 00000D8B  24DF                              
  1414 00000EEB B300                    mov bl,0x0	; 00000D8D  B300                              
  1415 00000EED 80FC48                  cmp ah,0x48	; 00000D8F  80FC48                            
  1416 00000EF0 0F84(CA0D)              jz 0xdca	; 00000D92  7436                              
  1417 00000EF4 3C45                    cmp al,0x45	; 00000D94  3C45                              
  1418 00000EF6 0F84(CA0D)              jz 0xdca	; 00000D96  7432                              
  1419 00000EFA 3C49                    cmp al,0x49	; 00000D98  3C49                              
  1420 00000EFC 0F84(CA0D)              jz 0xdca	; 00000D9A  742E                              
  1421 00000F00 FEC3                    inc bl	; 00000D9C  FEC3                              
  1422 00000F02 80FC50                  cmp ah,0x50	; 00000D9E  80FC50                            
  1423 00000F05 0F84(CA0D)              jz 0xdca	; 00000DA1  7427                              
  1424 00000F09 3C4A                    cmp al,0x4a	; 00000DA3  3C4A                              
  1425 00000F0B 0F84(CA0D)              jz 0xdca	; 00000DA5  7423                              
  1426 00000F0F 3C44                    cmp al,0x44	; 00000DA7  3C44                              
  1427 00000F11 0F84(CA0D)              jz 0xdca	; 00000DA9  741F                              
  1428 00000F15 FEC3                    inc bl	; 00000DAB  FEC3                              
  1429 00000F17 80FC4B                  cmp ah,0x4b	; 00000DAD  80FC4B                            
  1430 00000F1A 0F84(CA0D)              jz 0xdca	; 00000DB0  7418                              
  1431 00000F1E 3C41                    cmp al,0x41	; 00000DB2  3C41                              
  1432 00000F20 0F84(CA0D)              jz 0xdca	; 00000DB4  7414                              
  1433 00000F24 3C4B                    cmp al,0x4b	; 00000DB6  3C4B                              
  1434 00000F26 0F84(CA0D)              jz 0xdca	; 00000DB8  7410                              
  1435 00000F2A FEC3                    inc bl	; 00000DBA  FEC3                              
  1436 00000F2C 80FC4D                  cmp ah,0x4d	; 00000DBC  80FC4D                            
  1437 00000F2F 0F84(CA0D)              jz 0xdca	; 00000DBF  7409                              
  1438 00000F33 3C4C                    cmp al,0x4c	; 00000DC1  3C4C                              
  1439 00000F35 0F84(CA0D)              jz 0xdca	; 00000DC3  7405                              
  1440 00000F39 3C53                    cmp al,0x53	; 00000DC5  3C53                              
  1441 00000F3B 0F84(CA0D)              jz 0xdca	; 00000DC7  7401                              
  1442 00000F3F C3                      ret	; 00000DC9  C3                                
  1443 00000F40 881EBC2C                mov [0x2cbc],bl	; 00000DCA  881EBC2C                          
  1444 00000F44 C3                      ret	; 00000DCE  C3                                
  1445 00000F45 803E8F2F01              cmp byte [0x2f8f],0x1	; 00000DCF  803E8F2F01                        
  1446 00000F4A 0F85(C90D)              jnz 0xdc9	; 00000DD4  75F3                              
  1447 00000F4E A02D2A                  mov al,[0x2a2d]	; 00000DD6  A02D2A                            
  1448 00000F51 A2BC2C                  mov [0x2cbc],al	; 00000DD9  A2BC2C                            
  1449 00000F54 FA                      cli	; 00000DDC  FA                                
  1450 00000F55 BA0102                  mov dx,0x201	; 00000DDD  BA0102                            
  1451 00000F58 B99001                  mov cx,0x190	; 00000DE0  B99001                            
  1452 00000F5B B0FF                    mov al,0xff	; 00000DE3  B0FF                              
  1453 00000F5D B401                    mov ah,0x1	; 00000DE5  B401                              
  1454 00000F5F EE                      out dx,al	; 00000DE7  EE                                
  1455 00000F60 EC                      in al,dx	; 00000DE8  EC                                
  1456 00000F61 20E0                    and al,ah	; 00000DE9  22C4                              
  1457 00000F63 E0(E8)                  loopne 0xde8	; 00000DEB  E0FB                              
  1458 00000F65 89CB                    mov bx,cx	; 00000DED  8BD9                              
  1459 00000F67 E3(F6)                  jcxz 0xdf6	; 00000DEF  E305                              
  1460 00000F69 90                      nop	; 00000DF1  90                                
  1461 00000F6A 90                      nop	; 00000DF2  90                                
  1462 00000F6B 90                      nop	; 00000DF3  90                                
  1463 00000F6C E2(F1)                  loop 0xdf1	; 00000DF4  E2FB                              
  1464 00000F6E 81C3CAFE                add bx,0xfeca	; 00000DF6  81C3CAFE                          
  1465 00000F72 B99001                  mov cx,0x190	; 00000DFA  B99001                            
  1466 00000F75 B0FF                    mov al,0xff	; 00000DFD  B0FF                              
  1467 00000F77 B402                    mov ah,0x2	; 00000DFF  B402                              
  1468 00000F79 EE                      out dx,al	; 00000E01  EE                                
  1469 00000F7A EC                      in al,dx	; 00000E02  EC                                
  1470 00000F7B 20E0                    and al,ah	; 00000E03  22C4                              
  1471 00000F7D E0(02)                  loopne 0xe02	; 00000E05  E0FB                              
  1472 00000F7F FB                      sti	; 00000E07  FB                                
  1473 00000F80 81C1BEFE                add cx,0xfebe	; 00000E08  81C1BEFE                          
  1474 00000F84 F7D9                    neg cx	; 00000E0C  F7D9                              
  1475 00000F86 89CA                    mov dx,cx	; 00000E0E  8BD1                              
  1476 00000F88 01D9                    add cx,bx	; 00000E10  03CB                              
  1477 00000F8A 89CE                    mov si,cx	; 00000E12  8BF1                              
  1478 00000F8C 0F8D(180E)              jnl 0xe18	; 00000E14  7D02                              
  1479 00000F90 F7DE                    neg si	; 00000E16  F7DE                              
  1480 00000F92 29DA                    sub dx,bx	; 00000E18  2BD3                              
  1481 00000F94 89D7                    mov di,dx	; 00000E1A  8BFA                              
  1482 00000F96 0F8D(200E)              jnl 0xe20	; 00000E1C  7D02                              
  1483 00000F9A F7DF                    neg di	; 00000E1E  F7DF                              
  1484 00000F9C 01FE                    add si,di	; 00000E20  03F7                              
  1485 00000F9E 83FE51                  cmp si,0x51	; 00000E22  83FE51                            
  1486 00000FA1 0F8C(C90D)              jl 0xdc9	; 00000E25  7CA2                              
  1487 00000FA5 B80000                  mov ax,0x0	; 00000E27  B80000                            
  1488 00000FA8 C1D100                  rcl cx,0x0	; 00000E2A  D1D1                              
  1489 00000FAB C1D000                  rcl ax,0x0	; 00000E2C  D1D0                              
  1490 00000FAE C1D200                  rcl dx,0x0	; 00000E2E  D1D2                              
  1491 00000FB1 C1D000                  rcl ax,0x0	; 00000E30  D1D0                              
  1492 00000FB4 40                      inc ax	; 00000E32  40                                
  1493 00000FB5 83E003                  and ax,0x3	; 00000E33  250300                            
  1494 00000FB8 A2BC2C                  mov [0x2cbc],al	; 00000E36  A2BC2C                            
  1495 00000FBB C3                      ret	; 00000E39  C3                                
  1496 00000FBC 06                      push es	; 00000E3A  06                                
  1497 00000FBD 1E                      push ds	; 00000E3B  1E                                
  1498 00000FBE 07                      pop es	; 00000E3C  07                                
  1499 00000FBF FD                      std	; 00000E3D  FD                                
  1500 00000FC0 8D3E7E2F                lea di,[0x2f7e]	; 00000E3E  8D3E7E2F                          
  1501 00000FC4 88E1                    mov cl,ah	; 00000E42  8ACC                              
  1502 00000FC6 B500                    mov ch,0x0	; 00000E44  B500                              
  1503 00000FC8 01CF                    add di,cx	; 00000E46  03F9                              
  1504 00000FCA 0205                    add al,[di]	; 00000E48  0205                              
  1505 00000FCC B4FF                    mov ah,0xff	; 00000E4A  B4FF                              
  1506 00000FCE FEC4                    inc ah	; 00000E4C  FEC4                              
  1507 00000FD0 2C0A                    sub al,0xa	; 00000E4E  2C0A                              
  1508 00000FD2 0F8D(4C0E)              jnl 0xe4c	; 00000E50  7DFA                              
  1509 00000FD6 040A                    add al,0xa	; 00000E52  040A                              
  1510 00000FD8 AA                      stosb	; 00000E54  AA                                
  1511 00000FD9 88E0                    mov al,ah	; 00000E55  8AC4                              
  1512 00000FDB 3C00                    cmp al,0x0	; 00000E57  3C00                              
  1513 00000FDD E0(48)                  loopne 0xe48	; 00000E59  E0ED                              
  1514 00000FDF FC                      cld	; 00000E5B  FC                                
  1515 00000FE0 07                      pop es	; 00000E5C  07                                
  1516 00000FE1 89FE                    mov si,di	; 00000E5D  8BF7                              
  1517 00000FE3 B87E2F                  mov ax,0x2f7e	; 00000E5F  B87E2F                            
  1518 00000FE6 29F8                    sub ax,di	; 00000E62  2BC7                              
  1519 00000FE8 0F85(770E)              jnz 0xe77	; 00000E64  7511                              
  1520 00000FEC AC                      lodsb	; 00000E66  AC                                
  1521 00000FED 3C00                    cmp al,0x0	; 00000E67  3C00                              
  1522 00000FEF 0F85(770E)              jnz 0xe77	; 00000E69  750C                              
  1523 00000FF3 803C01                  cmp byte [si],0x1	; 00000E6B  803C01                            
  1524 00000FF6 0F85(770E)              jnz 0xe77	; 00000E6E  7507                              
  1525 00000FFA 56                      push si	; 00000E70  56                                
  1526 00000FFB 52                      push dx	; 00000E71  52                                
  1527 00000FFC E8(180B)                call 0xb18	; 00000E72  E8A3FC                            
  1528 00000FFF 5A                      pop dx	; 00000E75  5A                                
  1529 00001000 5E                      pop si	; 00000E76  5E                                
  1530 00001001 C3                      ret	; 00000E77  C3                                
  1531 00001002 FC                      cld	; 00000E78  FC                                
  1532 00001003 06                      push es	; 00000E79  06                                
  1533 00001004 1E                      push ds	; 00000E7A  1E                                
  1534 00001005 07                      pop es	; 00000E7B  07                                
  1535 00001006 8D367E2F                lea si,[0x2f7e]	; 00000E7C  8D367E2F                          
  1536 0000100A 8D3E882F                lea di,[0x2f88]	; 00000E80  8D3E882F                          
  1537 0000100E B90500                  mov cx,0x5	; 00000E84  B90500                            
  1538 00001011 F3A4                    rep movsb	; 00000E87  F3A4                              
  1539 00001013 07                      pop es	; 00000E89  07                                
  1540 00001014 BF8002                  mov di,0x280	; 00000E8A  BF8002                            
  1541 00001017 E8(C40E)                call 0xec4	; 00000E8D  E83400                            
  1542 0000101A 06                      push es	; 00000E90  06                                
  1543 0000101B 1E                      push ds	; 00000E91  1E                                
  1544 0000101C 07                      pop es	; 00000E92  07                                
  1545 0000101D 8D367E2F                lea si,[0x2f7e]	; 00000E93  8D367E2F                          
  1546 00001021 8D3E832F                lea di,[0x2f83]	; 00000E97  8D3E832F                          
  1547 00001025 B90500                  mov cx,0x5	; 00000E9B  B90500                            
  1548 00001028 F3A6                    repe cmpsb	; 00000E9E  F3A6                              
  1549 0000102A 0F84(C20E)              jz 0xec2	; 00000EA0  7420                              
  1550 0000102E 4F                      dec di	; 00000EA2  4F                                
  1551 0000102F 4E                      dec si	; 00000EA3  4E                                
  1552 00001030 8A05                    mov al,[di]	; 00000EA4  8A05                              
  1553 00001032 3A04                    cmp al,[si]	; 00000EA6  3A04                              
  1554 00001034 0F8F(C20E)              jg 0xec2	; 00000EA8  7F18                              
  1555 00001038 41                      inc cx	; 00000EAA  41                                
  1556 00001039 F3A4                    rep movsb	; 00000EAB  F3A4                              
  1557 0000103B 8D36832F                lea si,[0x2f83]	; 00000EAD  8D36832F                          
  1558 0000103F 8D3E882F                lea di,[0x2f88]	; 00000EB1  8D3E882F                          
  1559 00001043 B90500                  mov cx,0x5	; 00000EB5  B90500                            
  1560 00001046 F3A4                    rep movsb	; 00000EB8  F3A4                              
  1561 00001048 07                      pop es	; 00000EBA  07                                
  1562 00001049 BF000A                  mov di,0xa00	; 00000EBB  BF000A                            
  1563 0000104C E8(C40E)                call 0xec4	; 00000EBE  E80300                            
  1564 0000104F C3                      ret	; 00000EC1  C3                                
  1565 00001050 07                      pop es	; 00000EC2  07                                
  1566 00001051 C3                      ret	; 00000EC3  C3                                
  1567 00001052 C6067D2F01              mov byte [0x2f7d],0x1	; 00000EC4  C6067D2F01                        
  1568 00001057 BB0000                  mov bx,0x0	; 00000EC9  BB0000                            
  1569 0000105A 8A87882F                mov al,[bx+0x2f88]	; 00000ECC  8A87882F                          
  1570 0000105E 3C00                    cmp al,0x0	; 00000ED0  3C00                              
  1571 00001060 0F84(D90E)              jz 0xed9	; 00000ED2  7405                              
  1572 00001064 C6067D2F00              mov byte [0x2f7d],0x0	; 00000ED4  C6067D2F00                        
  1573 00001069 803E7D2F00              cmp byte [0x2f7d],0x0	; 00000ED9  803E7D2F00                        
  1574 0000106E 0F84(F60E)              jz 0xef6	; 00000EDE  7416                              
  1575 00001072 BAFE1F                  mov dx,0x1ffe	; 00000EE0  BAFE1F                            
  1576 00001075 BD4EE0                  mov bp,0xe04e	; 00000EE3  BD4EE0                            
  1577 00001078 B90800                  mov cx,0x8	; 00000EE6  B90800                            
  1578 0000107B B80000                  mov ax,0x0	; 00000EE9  B80000                            
  1579 0000107E AB                      stosw	; 00000EEC  AB                                
  1580 0000107F 01D7                    add di,dx	; 00000EED  03FA                              
  1581 00001081 87D5                    xchg dx,bp	; 00000EEF  87D5                              
  1582 00001083 E2(EC)                  loop 0xeec	; 00000EF1  E2F9                              
  1583 00001085 E9(160F)                jmp 0xf16	; 00000EF3  EB21                              
  1584 00001088 90                      nop	; 00000EF5  90                                
  1585 00001089 BAFE1F                  mov dx,0x1ffe	; 00000EF6  BAFE1F                            
  1586 0000108C BD4EE0                  mov bp,0xe04e	; 00000EF9  BD4EE0                            
  1587 0000108F B90800                  mov cx,0x8	; 00000EFC  B90800                            
  1588 00001092 B400                    mov ah,0x0	; 00000EFF  B400                              
  1589 00001094 89C6                    mov si,ax	; 00000F01  8BF0                              
  1590 00001096 C1E600                  shl si,0x0	; 00000F03  D1E6                              
  1591 00001099 C1E600                  shl si,0x0	; 00000F05  D1E6                              
  1592 0000109C C1E600                  shl si,0x0	; 00000F07  D1E6                              
  1593 0000109F C1E600                  shl si,0x0	; 00000F09  D1E6                              
  1594 000010A2 81C64125                add si,0x2541	; 00000F0B  81C64125                          
  1595 000010A6 A5                      movsw	; 00000F0F  A5                                
  1596 000010A7 01D7                    add di,dx	; 00000F10  03FA                              
  1597 000010A9 87D5                    xchg dx,bp	; 00000F12  87D5                              
  1598 000010AB E2(0F)                  loop 0xf0f	; 00000F14  E2F9                              
  1599 000010AD 81C7C2FE                add di,0xfec2	; 00000F16  81C7C2FE                          
  1600 000010B1 43                      inc bx	; 00000F1A  43                                
  1601 000010B2 83FB05                  cmp bx,0x5	; 00000F1B  83FB05                            
  1602 000010B5 0F8C(CC0E)              jl 0xecc	; 00000F1E  7CAC                              
  1603 000010B9 C3                      ret	; 00000F20  C3                                
  1604 000010BA 06                      push es	; 00000F21  06                                
  1605 000010BB 8CD8                    mov ax,ds	; 00000F22  8CD8                              
  1606 000010BD 8EC0                    mov es,ax	; 00000F24  8EC0                              
  1607 000010BF B90800                  mov cx,0x8	; 00000F26  B90800                            
  1608 000010C2 BF902F                  mov di,0x2f90	; 00000F29  BF902F                            
  1609 000010C5 BE0000                  mov si,0x0	; 00000F2C  BE0000                            
  1610 000010C8 B400                    mov ah,0x0	; 00000F2F  B400                              
  1611 000010CA FC                      cld	; 00000F31  FC                                
  1612 000010CB B000                    mov al,0x0	; 00000F32  B000                              
  1613 000010CD F3AE                    repe scasb	; 00000F34  F3AE                              
  1614 000010CF 0F84(480F)              jz 0xf48	; 00000F36  7410                              
  1615 000010D3 8A45FF                  mov al,[di-0x1]	; 00000F38  8A45FF                            
  1616 000010D6 FEC8                    dec al	; 00000F3B  FEC8                              
  1617 000010D8 88C4                    mov ah,al	; 00000F3D  8AE0                              
  1618 000010DA 8845FF                  mov [di-0x1],al	; 00000F3F  8845FF                            
  1619 000010DD 89FE                    mov si,di	; 00000F42  8BF7                              
  1620 000010DF E3(48)                  jcxz 0xf48	; 00000F44  E302                              
  1621 000010E1 E9(320F)                jmp 0xf32	; 00000F46  EBEA                              
  1622 000010E4 07                      pop es	; 00000F48  07                                
  1623 000010E5 83FE00                  cmp si,0x0	; 00000F49  83FE00                            
  1624 000010E8 0F84(600F)              jz 0xf60	; 00000F4C  7412                              
  1625 000010EC BB902F                  mov bx,0x2f90	; 00000F4E  BB902F                            
  1626 000010EF 29DE                    sub si,bx	; 00000F51  2BF3                              
  1627 000010F1 C1E600                  shl si,0x0	; 00000F53  D1E6                              
  1628 000010F4 803EA02F00              cmp byte [0x2fa0],0x0	; 00000F55  803EA02F00                        
  1629 000010F9 0F8C(600F)              jl 0xf60	; 00000F5A  7C04                              
  1630 000010FD FFA4962F                jmp word near [si+0x2f96]	; 00000F5C  FFA4962F                          
  1631 00001101 B80200                  mov ax,0x2	; 00000F60  B80200                            
  1632 00001104 E642                    out byte 0x42,al	; 00000F63  E642                              
  1633 00001106 88E0                    mov al,ah	; 00000F65  8AC4                              
  1634 00001108 E642                    out byte 0x42,al	; 00000F67  E642                              
  1635 0000110A C3                      ret	; 00000F69  C3                                
  1636 0000110B F6C401                  test ah,0x1	; 00000F6A  F6C401                            
  1637 0000110E 0F84(600F)              jz 0xf60	; 00000F6D  74F1                              
  1638 00001112 B89001                  mov ax,0x190	; 00000F6F  B89001                            
  1639 00001115 E642                    out byte 0x42,al	; 00000F72  E642                              
  1640 00001117 88E0                    mov al,ah	; 00000F74  8AC4                              
  1641 00001119 E642                    out byte 0x42,al	; 00000F76  E642                              
  1642 0000111B C3                      ret	; 00000F78  C3                                
  1643 0000111C 88E3                    mov bl,ah	; 00000F79  8ADC                              
  1644 0000111E B700                    mov bh,0x0	; 00000F7B  B700                              
  1645 00001120 C1E300                  shl bx,0x0	; 00000F7D  D1E3                              
  1646 00001123 8B87A22F                mov ax,[bx+0x2fa2]	; 00000F7F  8B87A22F                          
  1647 00001127 E642                    out byte 0x42,al	; 00000F83  E642                              
  1648 00001129 88E0                    mov al,ah	; 00000F85  8AC4                              
  1649 0000112B E642                    out byte 0x42,al	; 00000F87  E642                              
  1650 0000112D C3                      ret	; 00000F89  C3                                
  1651 0000112E 88E3                    mov bl,ah	; 00000F8A  8ADC                              
  1652 00001130 B700                    mov bh,0x0	; 00000F8C  B700                              
  1653 00001132 C1E300                  shl bx,0x0	; 00000F8E  D1E3                              
  1654 00001135 8B87C42F                mov ax,[bx+0x2fc4]	; 00000F90  8B87C42F                          
  1655 00001139 E642                    out byte 0x42,al	; 00000F94  E642                              
  1656 0000113B 88E0                    mov al,ah	; 00000F96  8AC4                              
  1657 0000113D E642                    out byte 0x42,al	; 00000F98  E642                              
  1658 0000113F C3                      ret	; 00000F9A  C3                                
  1659 00001140 A0A12F                  mov al,[0x2fa1]	; 00000F9B  A0A12F                            
  1660 00001143 FEC0                    inc al	; 00000F9E  FEC0                              
  1661 00001145 3C08                    cmp al,0x8	; 00000FA0  3C08                              
  1662 00001147 0F8C(A60F)              jl 0xfa6	; 00000FA2  7C02                              
  1663 0000114B B000                    mov al,0x0	; 00000FA4  B000                              
  1664 0000114D A2A12F                  mov [0x2fa1],al	; 00000FA6  A2A12F                            
  1665 00001150 88C3                    mov bl,al	; 00000FA9  8AD8                              
  1666 00001152 B700                    mov bh,0x0	; 00000FAB  B700                              
  1667 00001154 C1E300                  shl bx,0x0	; 00000FAD  D1E3                              
  1668 00001157 8B87B42F                mov ax,[bx+0x2fb4]	; 00000FAF  8B87B42F                          
  1669 0000115B E642                    out byte 0x42,al	; 00000FB3  E642                              
  1670 0000115D 88E0                    mov al,ah	; 00000FB5  8AC4                              
  1671 0000115F E642                    out byte 0x42,al	; 00000FB7  E642                              
  1672 00001161 C3                      ret	; 00000FB9  C3                                
  1673 00001162 0000                    add [bx+si],al	; 00000FBA  0000                              
  1674 00001164 0000                    add [bx+si],al	; 00000FBC  0000                              
  1675 00001166 0000                    add [bx+si],al	; 00000FBE  0000                              
  1676 00001168 B400                    mov ah,0x0	; 00000FC0  B400                              
  1677 0000116A CD16                    int byte 0x16	; 00000FC2  CD16                              
  1678 0000116C 3C1B                    cmp al,0x1b	; 00000FC4  3C1B                              
  1679 0000116E 0F84(C90F)              jz 0xfc9	; 00000FC6  7401                              
  1680 00001172 C3                      ret	; 00000FC8  C3                                
  1681 00001173 B04D                    mov al,0x4d	; 00000FC9  B04D                              
  1682 00001175 E661                    out byte 0x61,al	; 00000FCB  E661                              
  1683 00001177 B80300                  mov ax,0x3	; 00000FCD  B80300                            
  1684 0000117A CD10                    int byte 0x10	; 00000FD0  CD10                              
  1685 0000117C B8004C                  mov ax,0x4c00	; 00000FD2  B8004C                            
  1686 0000117F CD21                    int byte 0x21	; 00000FD5  CD21                              
  1687 00001181 F4                      hlt	; 00000FD7  F4                                
  1688 00001182 90                      nop	; 00000FD8  90                                
  1689 00001183 90                      nop	; 00000FD9  90                                
  1690 00001184 90                      nop	; 00000FDA  90                                
  1691 00001185 90                      nop	; 00000FDB  90                                
  1692 00001186 90                      nop	; 00000FDC  90                                
  1693 00001187 90                      nop	; 00000FDD  90                                
  1694 00001188 90                      nop	; 00000FDE  90                                
  1695 00001189 90                      nop	; 00000FDF  90                                
  1696 0000118A CD11                    int byte 0x11	; 00000FE0  CD11                              
  1697 0000118C 2430                    and al,0x30	; 00000FE2  2430                              
  1698 0000118E 3C20                    cmp al,0x20	; 00000FE4  3C20                              
  1699 00001190 0F85(D20F)              jnz 0xfd2	; 00000FE6  75EA                              
  1700 00001194 C3                      ret	; 00000FE8  C3                                
  1701 00001195 90                      nop	; 00000FE9  90                                
  1702 00001196 90                      nop	; 00000FEA  90                                
  1703 00001197 90                      nop	; 00000FEB  90                                
  1704 00001198 90                      nop	; 00000FEC  90                                
  1705 00001199 90                      nop	; 00000FED  90                                
  1706 0000119A 90                      nop	; 00000FEE  90                                
  1707 0000119B 90                      nop	; 00000FEF  90                                
  1708 0000119C 90                      nop	; 00000FF0  90                                
  1709 0000119D 90                      nop	; 00000FF1  90                                
  1710 0000119E 90                      nop	; 00000FF2  90                                
  1711 0000119F 90                      nop	; 00000FF3  90                                
  1712 000011A0 90                      nop	; 00000FF4  90                                
  1713 000011A1 90                      nop	; 00000FF5  90                                
  1714 000011A2 90                      nop	; 00000FF6  90                                
  1715 000011A3 90                      nop	; 00000FF7  90                                
  1716 000011A4 90                      nop	; 00000FF8  90                                
  1717 000011A5 90                      nop	; 00000FF9  90                                
  1718 000011A6 90                      nop	; 00000FFA  90                                
  1719 000011A7 90                      nop	; 00000FFB  90                                
  1720 000011A8 90                      nop	; 00000FFC  90                                
  1721 000011A9 90                      nop	; 00000FFD  90                                
  1722 000011AA 90                      nop	; 00000FFE  90                                
  1723 000011AB 90                      nop	; 00000FFF  90                                
  1724 000011AC 0000                    add [bx+si],al	; 00001000  0000                              
  1725 000011AE 3F                      aas	; 00001002  3F                                
  1726 000011AF 50                      push ax	; 00001003  FFF0                              
  1727 000011B0 0000                    add [bx+si],al	; 00001005  0000                              
  1728 000011B2 0000                    add [bx+si],al	; 00001007  0000                              
  1729 000011B4 0003                    add [bp+di],al	; 00001009  0003                              
  1730 000011B6 FF                      db 0xff	; 0000100B  FF                                
  1731 000011B7 FF                      db 0xff	; 0000100C  FF                                
  1732 000011B8 FF00                    inc word [bx+si]	; 0000100D  FF00                              
  1733 000011BA 0000                    add [bx+si],al	; 0000100F  0000                              
  1734 000011BC 0000                    add [bx+si],al	; 00001011  0000                              
  1735 000011BE 3F                      aas	; 00001013  3F                                
  1736 000011BF FF                      db 0xff	; 00001014  FF                                
  1737 000011C0 FF                      db 0xff	; 00001015  FF                                
  1738 000011C1 40                      inc ax	; 00001016  FFC0                              
  1739 000011C2 0000                    add [bx+si],al	; 00001018  0000                              
  1740 000011C4 0000                    add [bx+si],al	; 0000101A  0000                              
  1741 000011C6 FF                      db 0xff	; 0000101C  FF                                
  1742 000011C7 FF                      db 0xff	; 0000101D  FF                                
  1743 000011C8 FF                      db 0xff	; 0000101E  FF                                
  1744 000011C9 50                      push ax	; 0000101F  FFF0                              
  1745 000011CA 0000                    add [bx+si],al	; 00001021  0000                              
  1746 000011CC 0000                    add [bx+si],al	; 00001023  0000                              
  1747 000011CE FF                      db 0xff	; 00001025  FF                                
  1748 000011CF FF                      db 0xff	; 00001026  FF                                
  1749 000011D0 FF                      db 0xff	; 00001027  FF                                
  1750 000011D1 50                      push ax	; 00001028  FFF0                              
  1751 000011D2 0000                    add [bx+si],al	; 0000102A  0000                              
  1752 000011D4 0003                    add [bp+di],al	; 0000102C  0003                              
  1753 000011D6 FF                      db 0xff	; 0000102E  FF                                
  1754 000011D7 4F                      dec di	; 0000102F  FFCF                              
  1755 000011D8 FF                      db 0xff	; 00001031  FF                                
  1756 000011D9 FC                      cld	; 00001032  FC                                
  1757 000011DA 0000                    add [bx+si],al	; 00001033  0000                              
  1758 000011DC 0003                    add [bp+di],al	; 00001035  0003                              
  1759 000011DE FF                      db 0xff	; 00001037  FF                                
  1760 000011DF 4F                      dec di	; 00001038  FFCF                              
  1761 000011E0 FF                      db 0xff	; 0000103A  FF                                
  1762 000011E1 FC                      cld	; 0000103B  FC                                
  1763 000011E2 0000                    add [bx+si],al	; 0000103C  0000                              
  1764 000011E4 0003                    add [bp+di],al	; 0000103E  0003                              
  1765 000011E6 FF                      db 0xff	; 00001040  FF                                
  1766 000011E7 4F                      dec di	; 00001041  FFCF                              
  1767 000011E8 FF                      db 0xff	; 00001043  FF                                
  1768 000011E9 FF00                    inc word [bx+si]	; 00001044  FF00                              
  1769 000011EB 0000                    add [bx+si],al	; 00001046  0000                              
  1770 000011ED 01FF                    add di,di	; 00001048  03FF                              
  1771 000011EF 4F                      dec di	; 0000104A  FFCF                              
  1772 000011F0 FF                      db 0xff	; 0000104C  FF                                
  1773 000011F1 FF00                    inc word [bx+si]	; 0000104D  FF00                              
  1774 000011F3 0000                    add [bx+si],al	; 0000104F  0000                              
  1775 000011F5 01FF                    add di,di	; 00001051  03FF                              
  1776 000011F7 4F                      dec di	; 00001053  FFCF                              
  1777 000011F8 FF                      db 0xff	; 00001055  FF                                
  1778 000011F9 FF00                    inc word [bx+si]	; 00001056  FF00                              
  1779 000011FB 0000                    add [bx+si],al	; 00001058  0000                              
  1780 000011FD 01FF                    add di,di	; 0000105A  03FF                              
  1781 000011FF 4F                      dec di	; 0000105C  FFCF                              
  1782 00001200 FF                      db 0xff	; 0000105E  FF                                
  1783 00001201 FF00                    inc word [bx+si]	; 0000105F  FF00                              
  1784 00001203 0000                    add [bx+si],al	; 00001061  0000                              
  1785 00001205 01FF                    add di,di	; 00001063  03FF                              
  1786 00001207 4F                      dec di	; 00001065  FFCF                              
  1787 00001208 FF                      db 0xff	; 00001067  FF                                
  1788 00001209 FC                      cld	; 00001068  FC                                
  1789 0000120A 0000                    add [bx+si],al	; 00001069  0000                              
  1790 0000120C 0003                    add [bp+di],al	; 0000106B  0003                              
  1791 0000120E FF                      db 0xff	; 0000106D  FF                                
  1792 0000120F 4F                      dec di	; 0000106E  FFCF                              
  1793 00001210 FF                      db 0xff	; 00001070  FF                                
  1794 00001211 FC                      cld	; 00001071  FC                                
  1795 00001212 0000                    add [bx+si],al	; 00001072  0000                              
  1796 00001214 0003                    add [bp+di],al	; 00001074  0003                              
  1797 00001216 FF                      db 0xff	; 00001076  FF                                
  1798 00001217 FF                      db 0xff	; 00001077  FF                                
  1799 00001218 FF                      db 0xff	; 00001078  FF                                
  1800 00001219 50                      push ax	; 00001079  FFF0                              
  1801 0000121A 0000                    add [bx+si],al	; 0000107B  0000                              
  1802 0000121C 0003                    add [bp+di],al	; 0000107D  0003                              
  1803 0000121E FF                      db 0xff	; 0000107F  FF                                
  1804 0000121F FF                      db 0xff	; 00001080  FF                                
  1805 00001220 FF                      db 0xff	; 00001081  FF                                
  1806 00001221 40                      inc ax	; 00001082  FFC0                              
  1807 00001222 0000                    add [bx+si],al	; 00001084  0000                              
  1808 00001224 0003                    add [bp+di],al	; 00001086  0003                              
  1809 00001226 FF                      db 0xff	; 00001088  FF                                
  1810 00001227 FF                      db 0xff	; 00001089  FF                                
  1811 00001228 FF                      db 0xff	; 0000108A  FF                                
  1812 00001229 40                      inc ax	; 0000108B  FFC0                              
  1813 0000122A 0000                    add [bx+si],al	; 0000108D  0000                              
  1814 0000122C 0003                    add [bp+di],al	; 0000108F  0003                              
  1815 0000122E FF                      db 0xff	; 00001091  FF                                
  1816 0000122F FF                      db 0xff	; 00001092  FF                                
  1817 00001230 FF                      db 0xff	; 00001093  FF                                
  1818 00001231 FF00                    inc word [bx+si]	; 00001094  FF00                              
  1819 00001233 0000                    add [bx+si],al	; 00001096  0000                              
  1820 00001235 0003                    add [bp+di],al	; 00001098  0003                              
  1821 00001237 FF                      db 0xff	; 0000109A  FF                                
  1822 00001238 FF                      db 0xff	; 0000109B  FF                                
  1823 00001239 40                      inc ax	; 0000109C  FFC0                              
  1824 0000123A 0000                    add [bx+si],al	; 0000109E  0000                              
  1825 0000123C 0000                    add [bx+si],al	; 000010A0  0000                              
  1826 0000123E 01FF                    add di,di	; 000010A2  03FF                              
  1827 00001240 40                      inc ax	; 000010A4  FFC0                              
  1828 00001241 0000                    add [bx+si],al	; 000010A6  0000                              
  1829 00001243 0000                    add [bx+si],al	; 000010A8  0000                              
  1830 00001245 0003                    add [bp+di],al	; 000010AA  0003                              
  1831 00001247 FF                      db 0xff	; 000010AC  FF                                
  1832 00001248 40                      inc ax	; 000010AD  FFC0                              
  1833 00001249 0000                    add [bx+si],al	; 000010AF  0000                              
  1834 0000124B 0000                    add [bx+si],al	; 000010B1  0000                              
  1835 0000124D 0003                    add [bp+di],al	; 000010B3  0003                              
  1836 0000124F FF                      db 0xff	; 000010B5  FF                                
  1837 00001250 40                      inc ax	; 000010B6  FFC0                              
  1838 00001251 0000                    add [bx+si],al	; 000010B8  0000                              
  1839 00001253 0000                    add [bx+si],al	; 000010BA  0000                              
  1840 00001255 0003                    add [bp+di],al	; 000010BC  0003                              
  1841 00001257 FF                      db 0xff	; 000010BE  FF                                
  1842 00001258 40                      inc ax	; 000010BF  FFC0                              
  1843 00001259 0000                    add [bx+si],al	; 000010C1  0000                              
  1844 0000125B 0000                    add [bx+si],al	; 000010C3  0000                              
  1845 0000125D 0003                    add [bp+di],al	; 000010C5  0003                              
  1846 0000125F FF                      db 0xff	; 000010C7  FF                                
  1847 00001260 40                      inc ax	; 000010C8  FFC0                              
  1848 00001261 0000                    add [bx+si],al	; 000010CA  0000                              
  1849 00001263 0000                    add [bx+si],al	; 000010CC  0000                              
  1850 00001265 0000                    add [bx+si],al	; 000010CE  0000                              
  1851 00001267 0003                    add [bp+di],al	; 000010D0  0003                              
  1852 00001269 FF                      db 0xff	; 000010D2  FF                                
  1853 0000126A 50                      push ax	; 000010D3  FFF0                              
  1854 0000126B 0000                    add [bx+si],al	; 000010D5  0000                              
  1855 0000126D 0000                    add [bx+si],al	; 000010D7  0000                              
  1856 0000126F 00FF                    add bh,bh	; 000010D9  00FF                              
  1857 00001271 FF                      db 0xff	; 000010DB  FF                                
  1858 00001272 FF                      db 0xff	; 000010DC  FF                                
  1859 00001273 40                      inc ax	; 000010DD  FFC0                              
  1860 00001274 0000                    add [bx+si],al	; 000010DF  0000                              
  1861 00001276 000F                    add [bx],cl	; 000010E1  000F                              
  1862 00001278 FF                      db 0xff	; 000010E3  FF                                
  1863 00001279 FF                      db 0xff	; 000010E4  FF                                
  1864 0000127A FF                      db 0xff	; 000010E5  FF                                
  1865 0000127B FF                      db 0xff	; 000010E6  FF                                
  1866 0000127C FC                      cld	; 000010E7  FC                                
  1867 0000127D 0000                    add [bx+si],al	; 000010E8  0000                              
  1868 0000127F 003F                    add [bx],bh	; 000010EA  003F                              
  1869 00001281 FF                      db 0xff	; 000010EC  FF                                
  1870 00001282 FF                      db 0xff	; 000010ED  FF                                
  1871 00001283 FF                      db 0xff	; 000010EE  FF                                
  1872 00001284 FF                      db 0xff	; 000010EF  FF                                
  1873 00001285 FF00                    inc word [bx+si]	; 000010F0  FF00                              
  1874 00001287 0000                    add [bx+si],al	; 000010F2  0000                              
  1875 00001289 FF                      db 0xff	; 000010F4  FF                                
  1876 0000128A FF                      db 0xff	; 000010F5  FF                                
  1877 0000128B FF                      db 0xff	; 000010F6  FF                                
  1878 0000128C FF                      db 0xff	; 000010F7  FF                                
  1879 0000128D FF                      db 0xff	; 000010F8  FF                                
  1880 0000128E 40                      inc ax	; 000010F9  FFC0                              
  1881 0000128F 0000                    add [bx+si],al	; 000010FB  0000                              
  1882 00001291 FF                      db 0xff	; 000010FD  FF                                
  1883 00001292 FF                      db 0xff	; 000010FE  FF                                
  1884 00001293 FF                      db 0xff	; 000010FF  FF                                
  1885 00001294 FF                      db 0xff	; 00001100  FF                                
  1886 00001295 FF                      db 0xff	; 00001101  FF                                
  1887 00001296 40                      inc ax	; 00001102  FFC0                              
  1888 00001297 0003                    add [bp+di],al	; 00001104  0003                              
  1889 00001299 FF                      db 0xff	; 00001106  FF                                
  1890 0000129A FF                      db 0xff	; 00001107  FF                                
  1891 0000129B FF                      db 0xff	; 00001108  FF                                
  1892 0000129C FF                      db 0xff	; 00001109  FF                                
  1893 0000129D FF                      db 0xff	; 0000110A  FF                                
  1894 0000129E 50                      push ax	; 0000110B  FFF0                              
  1895 0000129F 0003                    add [bp+di],al	; 0000110D  0003                              
  1896 000012A1 FF                      db 0xff	; 0000110F  FF                                
  1897 000012A2 FF                      db 0xff	; 00001110  FF                                
  1898 000012A3 FF                      db 0xff	; 00001111  FF                                
  1899 000012A4 3F                      aas	; 00001112  3F                                
  1900 000012A5 FF                      db 0xff	; 00001113  FF                                
  1901 000012A6 50                      push ax	; 00001114  FFF0                              
  1902 000012A7 000F                    add [bx],cl	; 00001116  000F                              
  1903 000012A9 FF                      db 0xff	; 00001118  FF                                
  1904 000012AA FF                      db 0xff	; 00001119  FF                                
  1905 000012AB FF                      db 0xff	; 0000111A  FF                                
  1906 000012AC 3F                      aas	; 0000111B  3F                                
  1907 000012AD FF                      db 0xff	; 0000111C  FF                                
  1908 000012AE FF                      db 0xff	; 0000111D  FF                                
  1909 000012AF FC                      cld	; 0000111E  FC                                
  1910 000012B0 000F                    add [bx],cl	; 0000111F  000F                              
  1911 000012B2 FF                      db 0xff	; 00001121  FF                                
  1912 000012B3 FF                      db 0xff	; 00001122  FF                                
  1913 000012B4 FF                      db 0xff	; 00001123  FF                                
  1914 000012B5 3F                      aas	; 00001124  3F                                
  1915 000012B6 FF                      db 0xff	; 00001125  FF                                
  1916 000012B7 FF                      db 0xff	; 00001126  FF                                
  1917 000012B8 FC                      cld	; 00001127  FC                                
  1918 000012B9 000F                    add [bx],cl	; 00001128  000F                              
  1919 000012BB FF                      db 0xff	; 0000112A  FF                                
  1920 000012BC FF                      db 0xff	; 0000112B  FF                                
  1921 000012BD FF                      db 0xff	; 0000112C  FF                                
  1922 000012BE 3F                      aas	; 0000112D  3F                                
  1923 000012BF FF                      db 0xff	; 0000112E  FF                                
  1924 000012C0 FF                      db 0xff	; 0000112F  FF                                
  1925 000012C1 FC                      cld	; 00001130  FC                                
  1926 000012C2 000F                    add [bx],cl	; 00001131  000F                              
  1927 000012C4 FF                      db 0xff	; 00001133  FF                                
  1928 000012C5 FF                      db 0xff	; 00001134  FF                                
  1929 000012C6 FF00                    inc word [bx+si]	; 00001135  FF00                              
  1930 000012C8 0000                    add [bx+si],al	; 00001137  0000                              
  1931 000012CA 0000                    add [bx+si],al	; 00001139  0000                              
  1932 000012CC 0FFFFF                  ud0 di,di	; 0000113B  0FFFFF                            
  1933 000012CF FF                      db 0xff	; 0000113E  FF                                
  1934 000012D0 3F                      aas	; 0000113F  3F                                
  1935 000012D1 FF                      db 0xff	; 00001140  FF                                
  1936 000012D2 FF                      db 0xff	; 00001141  FF                                
  1937 000012D3 FC                      cld	; 00001142  FC                                
  1938 000012D4 000F                    add [bx],cl	; 00001143  000F                              
  1939 000012D6 FF                      db 0xff	; 00001145  FF                                
  1940 000012D7 FF                      db 0xff	; 00001146  FF                                
  1941 000012D8 FF                      db 0xff	; 00001147  FF                                
  1942 000012D9 3F                      aas	; 00001148  3F                                
  1943 000012DA FF                      db 0xff	; 00001149  FF                                
  1944 000012DB FF                      db 0xff	; 0000114A  FF                                
  1945 000012DC FC                      cld	; 0000114B  FC                                
  1946 000012DD 000F                    add [bx],cl	; 0000114C  000F                              
  1947 000012DF FF                      db 0xff	; 0000114E  FF                                
  1948 000012E0 FF                      db 0xff	; 0000114F  FF                                
  1949 000012E1 FF                      db 0xff	; 00001150  FF                                
  1950 000012E2 3F                      aas	; 00001151  3F                                
  1951 000012E3 FF                      db 0xff	; 00001152  FF                                
  1952 000012E4 FF                      db 0xff	; 00001153  FF                                
  1953 000012E5 FC                      cld	; 00001154  FC                                
  1954 000012E6 0003                    add [bp+di],al	; 00001155  0003                              
  1955 000012E8 FF                      db 0xff	; 00001157  FF                                
  1956 000012E9 FF                      db 0xff	; 00001158  FF                                
  1957 000012EA FF                      db 0xff	; 00001159  FF                                
  1958 000012EB 3F                      aas	; 0000115A  3F                                
  1959 000012EC FF                      db 0xff	; 0000115B  FF                                
  1960 000012ED 50                      push ax	; 0000115C  FFF0                              
  1961 000012EE 0003                    add [bp+di],al	; 0000115E  0003                              
  1962 000012F0 FF                      db 0xff	; 00001160  FF                                
  1963 000012F1 FF                      db 0xff	; 00001161  FF                                
  1964 000012F2 FF                      db 0xff	; 00001162  FF                                
  1965 000012F3 FF                      db 0xff	; 00001163  FF                                
  1966 000012F4 FF                      db 0xff	; 00001164  FF                                
  1967 000012F5 50                      push ax	; 00001165  FFF0                              
  1968 000012F6 0000                    add [bx+si],al	; 00001167  0000                              
  1969 000012F8 FF                      db 0xff	; 00001169  FF                                
  1970 000012F9 FF                      db 0xff	; 0000116A  FF                                
  1971 000012FA FF                      db 0xff	; 0000116B  FF                                
  1972 000012FB FF                      db 0xff	; 0000116C  FF                                
  1973 000012FC FF                      db 0xff	; 0000116D  FF                                
  1974 000012FD 40                      inc ax	; 0000116E  FFC0                              
  1975 000012FE 0000                    add [bx+si],al	; 00001170  0000                              
  1976 00001300 FF                      db 0xff	; 00001172  FF                                
  1977 00001301 FF                      db 0xff	; 00001173  FF                                
  1978 00001302 FF                      db 0xff	; 00001174  FF                                
  1979 00001303 FF                      db 0xff	; 00001175  FF                                
  1980 00001304 FF                      db 0xff	; 00001176  FF                                
  1981 00001305 40                      inc ax	; 00001177  FFC0                              
  1982 00001306 0000                    add [bx+si],al	; 00001179  0000                              
  1983 00001308 3F                      aas	; 0000117B  3F                                
  1984 00001309 FF                      db 0xff	; 0000117C  FF                                
  1985 0000130A FF                      db 0xff	; 0000117D  FF                                
  1986 0000130B FF                      db 0xff	; 0000117E  FF                                
  1987 0000130C FF                      db 0xff	; 0000117F  FF                                
  1988 0000130D FF00                    inc word [bx+si]	; 00001180  FF00                              
  1989 0000130F 0000                    add [bx+si],al	; 00001182  0000                              
  1990 00001311 0FFFFF                  ud0 di,di	; 00001184  0FFFFF                            
  1991 00001314 FF                      db 0xff	; 00001187  FF                                
  1992 00001315 FF                      db 0xff	; 00001188  FF                                
  1993 00001316 FC                      cld	; 00001189  FC                                
  1994 00001317 0000                    add [bx+si],al	; 0000118A  0000                              
  1995 00001319 0000                    add [bx+si],al	; 0000118C  0000                              
  1996 0000131B FF                      db 0xff	; 0000118E  FF                                
  1997 0000131C FF                      db 0xff	; 0000118F  FF                                
  1998 0000131D FF                      db 0xff	; 00001190  FF                                
  1999 0000131E 40                      inc ax	; 00001191  FFC0                              
  2000 0000131F 0000                    add [bx+si],al	; 00001193  0000                              
  2001 00001321 0000                    add [bx+si],al	; 00001195  0000                              
  2002 00001323 01FF                    add di,di	; 00001197  03FF                              
  2003 00001325 50                      push ax	; 00001199  FFF0                              
  2004 00001326 0000                    add [bx+si],al	; 0000119B  0000                              
  2005 00001328 0000                    add [bx+si],al	; 0000119D  0000                              
  2006 0000132A 0000                    add [bx+si],al	; 0000119F  0000                              
  2007 0000132C 0000                    add [bx+si],al	; 000011A1  0000                              
  2008 0000132E 0000                    add [bx+si],al	; 000011A3  0000                              
  2009 00001330 0000                    add [bx+si],al	; 000011A5  0000                              
  2010 00001332 0000                    add [bx+si],al	; 000011A7  0000                              
  2011 00001334 0000                    add [bx+si],al	; 000011A9  0000                              
  2012 00001336 0000                    add [bx+si],al	; 000011AB  0000                              
  2013 00001338 0000                    add [bx+si],al	; 000011AD  0000                              
  2014 0000133A 0000                    add [bx+si],al	; 000011AF  0000                              
  2015 0000133C 0000                    add [bx+si],al	; 000011B1  0000                              
  2016 0000133E 0000                    add [bx+si],al	; 000011B3  0000                              
  2017 00001340 0000                    add [bx+si],al	; 000011B5  0000                              
  2018 00001342 0000                    add [bx+si],al	; 000011B7  0000                              
  2019 00001344 0000                    add [bx+si],al	; 000011B9  0000                              
  2020 00001346 0000                    add [bx+si],al	; 000011BB  0000                              
  2021 00001348 0000                    add [bx+si],al	; 000011BD  0000                              
  2022 0000134A 0000                    add [bx+si],al	; 000011BF  0000                              
  2023 0000134C 0000                    add [bx+si],al	; 000011C1  0000                              
  2024 0000134E 0000                    add [bx+si],al	; 000011C3  0000                              
  2025 00001350 0000                    add [bx+si],al	; 000011C5  0000                              
  2026 00001352 0000                    add [bx+si],al	; 000011C7  0000                              
  2027 00001354 0000                    add [bx+si],al	; 000011C9  0000                              
  2028 00001356 0000                    add [bx+si],al	; 000011CB  0000                              
  2029 00001358 0000                    add [bx+si],al	; 000011CD  0000                              
  2030 0000135A 0000                    add [bx+si],al	; 000011CF  0000                              
  2031 0000135C 0000                    add [bx+si],al	; 000011D1  0000                              
  2032 0000135E 0000                    add [bx+si],al	; 000011D3  0000                              
  2033 00001360 0000                    add [bx+si],al	; 000011D5  0000                              
  2034 00001362 0000                    add [bx+si],al	; 000011D7  0000                              
  2035 00001364 0000                    add [bx+si],al	; 000011D9  0000                              
  2036 00001366 0000                    add [bx+si],al	; 000011DB  0000                              
  2037 00001368 FF                      db 0xff	; 000011DD  FF                                
  2038 00001369 FF                      db 0xff	; 000011DE  FF                                
  2039 0000136A FF                      db 0xff	; 000011DF  FF                                
  2040 0000136B FF00                    inc word [bx+si]	; 000011E0  FF00                              
  2041 0000136D 0000                    add [bx+si],al	; 000011E2  0000                              
  2042 0000136F 0000                    add [bx+si],al	; 000011E4  0000                              
  2043 00001371 FF                      db 0xff	; 000011E6  FF                                
  2044 00001372 FF                      db 0xff	; 000011E7  FF                                
  2045 00001373 FF                      db 0xff	; 000011E8  FF                                
  2046 00001374 FF00                    inc word [bx+si]	; 000011E9  FF00                              
  2047 00001376 0000                    add [bx+si],al	; 000011EB  0000                              
  2048 00001378 0000                    add [bx+si],al	; 000011ED  0000                              
  2049 0000137A FF                      db 0xff	; 000011EF  FF                                
  2050 0000137B FF                      db 0xff	; 000011F0  FF                                
  2051 0000137C FF                      db 0xff	; 000011F1  FF                                
  2052 0000137D FF00                    inc word [bx+si]	; 000011F2  FF00                              
  2053 0000137F 0000                    add [bx+si],al	; 000011F4  0000                              
  2054 00001381 0000                    add [bx+si],al	; 000011F6  0000                              
  2055 00001383 FF                      db 0xff	; 000011F8  FF                                
  2056 00001384 FF                      db 0xff	; 000011F9  FF                                
  2057 00001385 FF                      db 0xff	; 000011FA  FF                                
  2058 00001386 FF00                    inc word [bx+si]	; 000011FB  FF00                              
  2059 00001388 0000                    add [bx+si],al	; 000011FD  0000                              
  2060 0000138A 0000                    add [bx+si],al	; 000011FF  0000                              
  2061 0000138C FF                      db 0xff	; 00001201  FF                                
  2062 0000138D FF                      db 0xff	; 00001202  FF                                
  2063 0000138E FF                      db 0xff	; 00001203  FF                                
  2064 0000138F FF00                    inc word [bx+si]	; 00001204  FF00                              
  2065 00001391 0000                    add [bx+si],al	; 00001206  0000                              
  2066 00001393 0000                    add [bx+si],al	; 00001208  0000                              
  2067 00001395 FF                      db 0xff	; 0000120A  FF                                
  2068 00001396 FF                      db 0xff	; 0000120B  FF                                
  2069 00001397 FF                      db 0xff	; 0000120C  FF                                
  2070 00001398 FF00                    inc word [bx+si]	; 0000120D  FF00                              
  2071 0000139A 0000                    add [bx+si],al	; 0000120F  0000                              
  2072 0000139C 0000                    add [bx+si],al	; 00001211  0000                              
  2073 0000139E FF                      db 0xff	; 00001213  FF                                
  2074 0000139F FF                      db 0xff	; 00001214  FF                                
  2075 000013A0 FF                      db 0xff	; 00001215  FF                                
  2076 000013A1 FF00                    inc word [bx+si]	; 00001216  FF00                              
  2077 000013A3 0000                    add [bx+si],al	; 00001218  0000                              
  2078 000013A5 0000                    add [bx+si],al	; 0000121A  0000                              
  2079 000013A7 FF                      db 0xff	; 0000121C  FF                                
  2080 000013A8 FF                      db 0xff	; 0000121D  FF                                
  2081 000013A9 FF                      db 0xff	; 0000121E  FF                                
  2082 000013AA FF00                    inc word [bx+si]	; 0000121F  FF00                              
  2083 000013AC 0000                    add [bx+si],al	; 00001221  0000                              
  2084 000013AE 0000                    add [bx+si],al	; 00001223  0000                              
  2085 000013B0 0000                    add [bx+si],al	; 00001225  0000                              
  2086 000013B2 0000                    add [bx+si],al	; 00001227  0000                              
  2087 000013B4 0000                    add [bx+si],al	; 00001229  0000                              
  2088 000013B6 0000                    add [bx+si],al	; 0000122B  0000                              
  2089 000013B8 0000                    add [bx+si],al	; 0000122D  0000                              
  2090 000013BA 0000                    add [bx+si],al	; 0000122F  0000                              
  2091 000013BC 0000                    add [bx+si],al	; 00001231  0000                              
  2092 000013BE 0000                    add [bx+si],al	; 00001233  0000                              
  2093 000013C0 0000                    add [bx+si],al	; 00001235  0000                              
  2094 000013C2 0000                    add [bx+si],al	; 00001237  0000                              
  2095 000013C4 0000                    add [bx+si],al	; 00001239  0000                              
  2096 000013C6 0000                    add [bx+si],al	; 0000123B  0000                              
  2097 000013C8 0000                    add [bx+si],al	; 0000123D  0000                              
  2098 000013CA 0000                    add [bx+si],al	; 0000123F  0000                              
  2099 000013CC 0000                    add [bx+si],al	; 00001241  0000                              
  2100 000013CE 0000                    add [bx+si],al	; 00001243  0000                              
  2101 000013D0 0000                    add [bx+si],al	; 00001245  0000                              
  2102 000013D2 0000                    add [bx+si],al	; 00001247  0000                              
  2103 000013D4 0000                    add [bx+si],al	; 00001249  0000                              
  2104 000013D6 0000                    add [bx+si],al	; 0000124B  0000                              
  2105 000013D8 0000                    add [bx+si],al	; 0000124D  0000                              
  2106 000013DA 0000                    add [bx+si],al	; 0000124F  0000                              
  2107 000013DC 0000                    add [bx+si],al	; 00001251  0000                              
  2108 000013DE 0000                    add [bx+si],al	; 00001253  0000                              
  2109 000013E0 0000                    add [bx+si],al	; 00001255  0000                              
  2110 000013E2 0000                    add [bx+si],al	; 00001257  0000                              
  2111 000013E4 0000                    add [bx+si],al	; 00001259  0000                              
  2112 000013E6 0000                    add [bx+si],al	; 0000125B  0000                              
  2113 000013E8 0000                    add [bx+si],al	; 0000125D  0000                              
  2114 000013EA 0000                    add [bx+si],al	; 0000125F  0000                              
  2115 000013EC 0000                    add [bx+si],al	; 00001261  0000                              
  2116 000013EE 0000                    add [bx+si],al	; 00001263  0000                              
  2117 000013F0 0000                    add [bx+si],al	; 00001265  0000                              
  2118 000013F2 0000                    add [bx+si],al	; 00001267  0000                              
  2119 000013F4 0000                    add [bx+si],al	; 00001269  0000                              
  2120 000013F6 0000                    add [bx+si],al	; 0000126B  0000                              
  2121 000013F8 0000                    add [bx+si],al	; 0000126D  0000                              
  2122 000013FA 3000                    xor [bx+si],al	; 0000126F  3000                              
  2123 000013FC 0003                    add [bp+di],al	; 00001271  0003                              
  2124 000013FE 0000                    add [bx+si],al	; 00001273  0000                              
  2125 00001400 0000                    add [bx+si],al	; 00001275  0000                              
  2126 00001402 00FC                    add ah,bh	; 00001277  00FC                              
  2127 00001404 0000                    add [bx+si],al	; 00001279  0000                              
  2128 00001406 0FC000                  xadd [bx+si],al	; 0000127B  0FC000                            
  2129 00001409 0000                    add [bx+si],al	; 0000127E  0000                              
  2130 0000140B 00FC                    add ah,bh	; 00001280  00FC                              
  2131 0000140D 0000                    add [bx+si],al	; 00001282  0000                              
  2132 0000140F 0FC000                  xadd [bx+si],al	; 00001284  0FC000                            
  2133 00001412 0000                    add [bx+si],al	; 00001287  0000                              
  2134 00001414 00FF                    add bh,bh	; 00001289  00FF                              
  2135 00001416 0000                    add [bx+si],al	; 0000128B  0000                              
  2136 00001418 3F                      aas	; 0000128D  3F                                
  2137 00001419 C00000                  rol byte [bx+si],byte 0x0	; 0000128E  C00000                            
  2138 0000141C 0003                    add [bp+di],al	; 00001291  0003                              
  2139 0000141E FF00                    inc word [bx+si]	; 00001293  FF00                              
  2140 00001420 003F                    add [bx],bh	; 00001295  003F                              
  2141 00001422 F00000                  lock add [bx+si],al	; 00001297  F00000                            
  2142 00001425 0003                    add [bp+di],al	; 0000129A  0003                              
  2143 00001427 40                      inc ax	; 0000129C  FFC0                              
  2144 00001428 00FF                    add bh,bh	; 0000129E  00FF                              
  2145 0000142A F00000                  lock add [bx+si],al	; 000012A0  F00000                            
  2146 0000142D 0003                    add [bp+di],al	; 000012A3  0003                              
  2147 0000142F 40                      inc ax	; 000012A5  FFC0                              
  2148 00001430 00FF                    add bh,bh	; 000012A7  00FF                              
  2149 00001432 F00000                  lock add [bx+si],al	; 000012A9  F00000                            
  2150 00001435 000F                    add [bx],cl	; 000012AC  000F                              
  2151 00001437 50                      push ax	; 000012AE  FFF0                              
  2152 00001438 01FF                    add di,di	; 000012B0  03FF                              
  2153 0000143A FC                      cld	; 000012B2  FC                                
  2154 0000143B 0000                    add [bx+si],al	; 000012B3  0000                              
  2155 0000143D 000F                    add [bx],cl	; 000012B5  000F                              
  2156 0000143F FF                      db 0xff	; 000012B7  FF                                
  2157 00001440 FC                      cld	; 000012B8  FC                                
  2158 00001441 0FFFFC                  ud0 di,sp	; 000012B9  0FFFFC                            
  2159 00001444 0000                    add [bx+si],al	; 000012BC  0000                              
  2160 00001446 000F                    add [bx],cl	; 000012BE  000F                              
  2161 00001448 FF                      db 0xff	; 000012C0  FF                                
  2162 00001449 FC                      cld	; 000012C1  FC                                
  2163 0000144A 0FFFFC                  ud0 di,sp	; 000012C2  0FFFFC                            
  2164 0000144D 0000                    add [bx+si],al	; 000012C5  0000                              
  2165 0000144F 003F                    add [bx],bh	; 000012C7  003F                              
  2166 00001451 FF                      db 0xff	; 000012C9  FF                                
  2167 00001452 FF                      db 0xff	; 000012CA  FF                                
  2168 00001453 3F                      aas	; 000012CB  3F                                
  2169 00001454 FF                      db 0xff	; 000012CC  FF                                
  2170 00001455 FF00                    inc word [bx+si]	; 000012CD  FF00                              
  2171 00001457 0000                    add [bx+si],al	; 000012CF  0000                              
  2172 00001459 3F                      aas	; 000012D1  3F                                
  2173 0000145A FF                      db 0xff	; 000012D2  FF                                
  2174 0000145B FF                      db 0xff	; 000012D3  FF                                
  2175 0000145C FF                      db 0xff	; 000012D4  FF                                
  2176 0000145D FF                      db 0xff	; 000012D5  FF                                
  2177 0000145E FF00                    inc word [bx+si]	; 000012D6  FF00                              
  2178 00001460 0000                    add [bx+si],al	; 000012D8  0000                              
  2179 00001462 FF                      db 0xff	; 000012DA  FF                                
  2180 00001463 FF                      db 0xff	; 000012DB  FF                                
  2181 00001464 FF                      db 0xff	; 000012DC  FF                                
  2182 00001465 FF                      db 0xff	; 000012DD  FF                                
  2183 00001466 FF                      db 0xff	; 000012DE  FF                                
  2184 00001467 40                      inc ax	; 000012DF  FFC0                              
  2185 00001468 0000                    add [bx+si],al	; 000012E1  0000                              
  2186 0000146A FF                      db 0xff	; 000012E3  FF                                
  2187 0000146B FF                      db 0xff	; 000012E4  FF                                
  2188 0000146C FF                      db 0xff	; 000012E5  FF                                
  2189 0000146D FF                      db 0xff	; 000012E6  FF                                
  2190 0000146E FF                      db 0xff	; 000012E7  FF                                
  2191 0000146F 40                      inc ax	; 000012E8  FFC0                              
  2192 00001470 0003                    add [bp+di],al	; 000012EA  0003                              
  2193 00001472 FF                      db 0xff	; 000012EC  FF                                
  2194 00001473 FF                      db 0xff	; 000012ED  FF                                
  2195 00001474 FF                      db 0xff	; 000012EE  FF                                
  2196 00001475 FF                      db 0xff	; 000012EF  FF                                
  2197 00001476 FF                      db 0xff	; 000012F0  FF                                
  2198 00001477 50                      push ax	; 000012F1  FFF0                              
  2199 00001478 0003                    add [bp+di],al	; 000012F3  0003                              
  2200 0000147A FF                      db 0xff	; 000012F5  FF                                
  2201 0000147B FF                      db 0xff	; 000012F6  FF                                
  2202 0000147C FF                      db 0xff	; 000012F7  FF                                
  2203 0000147D FF                      db 0xff	; 000012F8  FF                                
  2204 0000147E FF                      db 0xff	; 000012F9  FF                                
  2205 0000147F 50                      push ax	; 000012FA  FFF0                              
  2206 00001480 000F                    add [bx],cl	; 000012FC  000F                              
  2207 00001482 FF                      db 0xff	; 000012FE  FF                                
  2208 00001483 FC                      cld	; 000012FF  FC                                
  2209 00001484 FF                      db 0xff	; 00001300  FF                                
  2210 00001485 4F                      dec di	; 00001301  FFCF                              
  2211 00001486 FF                      db 0xff	; 00001303  FF                                
  2212 00001487 FC                      cld	; 00001304  FC                                
  2213 00001488 000F                    add [bx],cl	; 00001305  000F                              
  2214 0000148A FF                      db 0xff	; 00001307  FF                                
  2215 0000148B FC                      cld	; 00001308  FC                                
  2216 0000148C FF                      db 0xff	; 00001309  FF                                
  2217 0000148D 4F                      dec di	; 0000130A  FFCF                              
  2218 0000148E FF                      db 0xff	; 0000130C  FF                                
  2219 0000148F FC                      cld	; 0000130D  FC                                
  2220 00001490 000F                    add [bx],cl	; 0000130E  000F                              
  2221 00001492 FF                      db 0xff	; 00001310  FF                                
  2222 00001493 FC                      cld	; 00001311  FC                                
  2223 00001494 FF                      db 0xff	; 00001312  FF                                
  2224 00001495 4F                      dec di	; 00001313  FFCF                              
  2225 00001496 FF                      db 0xff	; 00001315  FF                                
  2226 00001497 FC                      cld	; 00001316  FC                                
  2227 00001498 003F                    add [bx],bh	; 00001317  003F                              
  2228 0000149A FF                      db 0xff	; 00001319  FF                                
  2229 0000149B FC                      cld	; 0000131A  FC                                
  2230 0000149C FF                      db 0xff	; 0000131B  FF                                
  2231 0000149D 4F                      dec di	; 0000131C  FFCF                              
  2232 0000149E FF                      db 0xff	; 0000131E  FF                                
  2233 0000149F FF00                    inc word [bx+si]	; 0000131F  FF00                              
  2234 000014A1 3F                      aas	; 00001321  3F                                
  2235 000014A2 FF                      db 0xff	; 00001322  FF                                
  2236 000014A3 FC                      cld	; 00001323  FC                                
  2237 000014A4 FF                      db 0xff	; 00001324  FF                                
  2238 000014A5 4F                      dec di	; 00001325  FFCF                              
  2239 000014A6 FF                      db 0xff	; 00001327  FF                                
  2240 000014A7 FF00                    inc word [bx+si]	; 00001328  FF00                              
  2241 000014A9 FF                      db 0xff	; 0000132A  FF                                
  2242 000014AA FF                      db 0xff	; 0000132B  FF                                
  2243 000014AB FC                      cld	; 0000132C  FC                                
  2244 000014AC FF                      db 0xff	; 0000132D  FF                                
  2245 000014AD 4F                      dec di	; 0000132E  FFCF                              
  2246 000014AE FF                      db 0xff	; 00001330  FF                                
  2247 000014AF 40                      inc ax	; 00001331  FFC0                              
  2248 000014B0 FF                      db 0xff	; 00001333  FF                                
  2249 000014B1 FF                      db 0xff	; 00001334  FF                                
  2250 000014B2 FC                      cld	; 00001335  FC                                
  2251 000014B3 FF                      db 0xff	; 00001336  FF                                
  2252 000014B4 4F                      dec di	; 00001337  FFCF                              
  2253 000014B5 FF                      db 0xff	; 00001339  FF                                
  2254 000014B6 40                      inc ax	; 0000133A  FFC0                              
  2255 000014B7 0000                    add [bx+si],al	; 0000133C  0000                              
  2256 000014B9 0FFFC0                  ud0 ax,ax	; 0000133E  0FFFC0                            
  2257 000014BC 0000                    add [bx+si],al	; 00001341  0000                              
  2258 000014BE 0000                    add [bx+si],al	; 00001343  0000                              
  2259 000014C0 0000                    add [bx+si],al	; 00001345  0000                              
  2260 000014C2 FF                      db 0xff	; 00001347  FF                                
  2261 000014C3 FF                      db 0xff	; 00001348  FF                                
  2262 000014C4 FC                      cld	; 00001349  FC                                
  2263 000014C5 0000                    add [bx+si],al	; 0000134A  0000                              
  2264 000014C7 0000                    add [bx+si],al	; 0000134C  0000                              
  2265 000014C9 000F                    add [bx],cl	; 0000134E  000F                              
  2266 000014CB FF                      db 0xff	; 00001350  FF                                
  2267 000014CC FF                      db 0xff	; 00001351  FF                                
  2268 000014CD 40                      inc ax	; 00001352  FFC0                              
  2269 000014CE 0000                    add [bx+si],al	; 00001354  0000                              
  2270 000014D0 0000                    add [bx+si],al	; 00001356  0000                              
  2271 000014D2 3F                      aas	; 00001358  3F                                
  2272 000014D3 FF                      db 0xff	; 00001359  FF                                
  2273 000014D4 FF                      db 0xff	; 0000135A  FF                                
  2274 000014D5 50                      push ax	; 0000135B  FFF0                              
  2275 000014D6 0000                    add [bx+si],al	; 0000135D  0000                              
  2276 000014D8 0000                    add [bx+si],al	; 0000135F  0000                              
  2277 000014DA 3F                      aas	; 00001361  3F                                
  2278 000014DB FF                      db 0xff	; 00001362  FF                                
  2279 000014DC FF                      db 0xff	; 00001363  FF                                
  2280 000014DD 50                      push ax	; 00001364  FFF0                              
  2281 000014DE 0000                    add [bx+si],al	; 00001366  0000                              
  2282 000014E0 0000                    add [bx+si],al	; 00001368  0000                              
  2283 000014E2 FF                      db 0xff	; 0000136A  FF                                
  2284 000014E3 FF                      db 0xff	; 0000136B  FF                                
  2285 000014E4 FF                      db 0xff	; 0000136C  FF                                
  2286 000014E5 FF                      db 0xff	; 0000136D  FF                                
  2287 000014E6 FC                      cld	; 0000136E  FC                                
  2288 000014E7 0000                    add [bx+si],al	; 0000136F  0000                              
  2289 000014E9 0000                    add [bx+si],al	; 00001371  0000                              
  2290 000014EB FF                      db 0xff	; 00001373  FF                                
  2291 000014EC 4F                      dec di	; 00001374  FFCF                              
  2292 000014ED FF                      db 0xff	; 00001376  FF                                
  2293 000014EE FC                      cld	; 00001377  FC                                
  2294 000014EF 0000                    add [bx+si],al	; 00001378  0000                              
  2295 000014F1 0003                    add [bp+di],al	; 0000137A  0003                              
  2296 000014F3 FF                      db 0xff	; 0000137C  FF                                
  2297 000014F4 4F                      dec di	; 0000137D  FFCF                              
  2298 000014F5 FF                      db 0xff	; 0000137F  FF                                
  2299 000014F6 FF00                    inc word [bx+si]	; 00001380  FF00                              
  2300 000014F8 0000                    add [bx+si],al	; 00001382  0000                              
  2301 000014FA 01FF                    add di,di	; 00001384  03FF                              
  2302 000014FC 4F                      dec di	; 00001386  FFCF                              
  2303 000014FD FF                      db 0xff	; 00001388  FF                                
  2304 000014FE FF00                    inc word [bx+si]	; 00001389  FF00                              
  2305 00001500 0000                    add [bx+si],al	; 0000138B  0000                              
  2306 00001502 01FF                    add di,di	; 0000138D  03FF                              
  2307 00001504 4F                      dec di	; 0000138F  FFCF                              
  2308 00001505 FF                      db 0xff	; 00001391  FF                                
  2309 00001506 FF00                    inc word [bx+si]	; 00001392  FF00                              
  2310 00001508 0000                    add [bx+si],al	; 00001394  0000                              
  2311 0000150A 01FF                    add di,di	; 00001396  03FF                              
  2312 0000150C 4F                      dec di	; 00001398  FFCF                              
  2313 0000150D FF                      db 0xff	; 0000139A  FF                                
  2314 0000150E FF00                    inc word [bx+si]	; 0000139B  FF00                              
  2315 00001510 0000                    add [bx+si],al	; 0000139D  0000                              
  2316 00001512 01FF                    add di,di	; 0000139F  03FF                              
  2317 00001514 FF                      db 0xff	; 000013A1  FF                                
  2318 00001515 FF                      db 0xff	; 000013A2  FF                                
  2319 00001516 FF                      db 0xff	; 000013A3  FF                                
  2320 00001517 FF00                    inc word [bx+si]	; 000013A4  FF00                              
  2321 00001519 0000                    add [bx+si],al	; 000013A6  0000                              
  2322 0000151B 01FF                    add di,di	; 000013A8  03FF                              
  2323 0000151D FF                      db 0xff	; 000013AA  FF                                
  2324 0000151E FF                      db 0xff	; 000013AB  FF                                
  2325 0000151F FF                      db 0xff	; 000013AC  FF                                
  2326 00001520 FF00                    inc word [bx+si]	; 000013AD  FF00                              
  2327 00001522 0000                    add [bx+si],al	; 000013AF  0000                              
  2328 00001524 01FF                    add di,di	; 000013B1  03FF                              
  2329 00001526 FF                      db 0xff	; 000013B3  FF                                
  2330 00001527 FF                      db 0xff	; 000013B4  FF                                
  2331 00001528 FF                      db 0xff	; 000013B5  FF                                
  2332 00001529 FF00                    inc word [bx+si]	; 000013B6  FF00                              
  2333 0000152B 0000                    add [bx+si],al	; 000013B8  0000                              
  2334 0000152D 01FF                    add di,di	; 000013BA  03FF                              
  2335 0000152F FF                      db 0xff	; 000013BC  FF                                
  2336 00001530 FF                      db 0xff	; 000013BD  FF                                
  2337 00001531 FF                      db 0xff	; 000013BE  FF                                
  2338 00001532 FF00                    inc word [bx+si]	; 000013BF  FF00                              
  2339 00001534 0000                    add [bx+si],al	; 000013C1  0000                              
  2340 00001536 01FF                    add di,di	; 000013C3  03FF                              
  2341 00001538 FF                      db 0xff	; 000013C5  FF                                
  2342 00001539 FF                      db 0xff	; 000013C6  FF                                
  2343 0000153A FF                      db 0xff	; 000013C7  FF                                
  2344 0000153B FF00                    inc word [bx+si]	; 000013C8  FF00                              
  2345 0000153D 0000                    add [bx+si],al	; 000013CA  0000                              
  2346 0000153F 01FF                    add di,di	; 000013CC  03FF                              
  2347 00001541 FF                      db 0xff	; 000013CE  FF                                
  2348 00001542 FF                      db 0xff	; 000013CF  FF                                
  2349 00001543 FF                      db 0xff	; 000013D0  FF                                
  2350 00001544 FF00                    inc word [bx+si]	; 000013D1  FF00                              
  2351 00001546 0000                    add [bx+si],al	; 000013D3  0000                              
  2352 00001548 01FF                    add di,di	; 000013D5  03FF                              
  2353 0000154A 4F                      dec di	; 000013D7  FFCF                              
  2354 0000154B FF                      db 0xff	; 000013D9  FF                                
  2355 0000154C FF00                    inc word [bx+si]	; 000013DA  FF00                              
  2356 0000154E 0000                    add [bx+si],al	; 000013DC  0000                              
  2357 00001550 01FF                    add di,di	; 000013DE  03FF                              
  2358 00001552 4F                      dec di	; 000013E0  FFCF                              
  2359 00001553 FF                      db 0xff	; 000013E2  FF                                
  2360 00001554 FF00                    inc word [bx+si]	; 000013E3  FF00                              
  2361 00001556 0000                    add [bx+si],al	; 000013E5  0000                              
  2362 00001558 01FF                    add di,di	; 000013E7  03FF                              
  2363 0000155A 4F                      dec di	; 000013E9  FFCF                              
  2364 0000155B FF                      db 0xff	; 000013EB  FF                                
  2365 0000155C FF00                    inc word [bx+si]	; 000013EC  FF00                              
  2366 0000155E 0000                    add [bx+si],al	; 000013EE  0000                              
  2367 00001560 01FF                    add di,di	; 000013F0  03FF                              
  2368 00001562 4F                      dec di	; 000013F2  FFCF                              
  2369 00001563 FF                      db 0xff	; 000013F4  FF                                
  2370 00001564 FF00                    inc word [bx+si]	; 000013F5  FF00                              
  2371 00001566 0000                    add [bx+si],al	; 000013F7  0000                              
  2372 00001568 01FF                    add di,di	; 000013F9  03FF                              
  2373 0000156A 4F                      dec di	; 000013FB  FFCF                              
  2374 0000156B FF                      db 0xff	; 000013FD  FF                                
  2375 0000156C FF00                    inc word [bx+si]	; 000013FE  FF00                              
  2376 0000156E 0000                    add [bx+si],al	; 00001400  0000                              
  2377 00001570 01FF                    add di,di	; 00001402  03FF                              
  2378 00001572 4F                      dec di	; 00001404  FFCF                              
  2379 00001573 FF                      db 0xff	; 00001406  FF                                
  2380 00001574 FF00                    inc word [bx+si]	; 00001407  FF00                              
  2381 00001576 0000                    add [bx+si],al	; 00001409  0000                              
  2382 00001578 01FF                    add di,di	; 0000140B  03FF                              
  2383 0000157A FF                      db 0xff	; 0000140D  FF                                
  2384 0000157B FF00                    inc word [bx+si]	; 0000140E  FF00                              
  2385 0000157D 0000                    add [bx+si],al	; 00001410  0000                              
  2386 0000157F 0000                    add [bx+si],al	; 00001412  0000                              
  2387 00001581 01FF                    add di,di	; 00001414  03FF                              
  2388 00001583 FF                      db 0xff	; 00001416  FF                                
  2389 00001584 FF                      db 0xff	; 00001417  FF                                
  2390 00001585 FC                      cld	; 00001418  FC                                
  2391 00001586 0000                    add [bx+si],al	; 00001419  0000                              
  2392 00001588 0000                    add [bx+si],al	; 0000141B  0000                              
  2393 0000158A 01FF                    add di,di	; 0000141D  03FF                              
  2394 0000158C FF                      db 0xff	; 0000141F  FF                                
  2395 0000158D FF                      db 0xff	; 00001420  FF                                
  2396 0000158E 40                      inc ax	; 00001421  FFC0                              
  2397 0000158F 0000                    add [bx+si],al	; 00001423  0000                              
  2398 00001591 0003                    add [bp+di],al	; 00001425  0003                              
  2399 00001593 FF                      db 0xff	; 00001427  FF                                
  2400 00001594 FF                      db 0xff	; 00001428  FF                                
  2401 00001595 FF                      db 0xff	; 00001429  FF                                
  2402 00001596 50                      push ax	; 0000142A  FFF0                              
  2403 00001597 0000                    add [bx+si],al	; 0000142C  0000                              
  2404 00001599 0003                    add [bp+di],al	; 0000142E  0003                              
  2405 0000159B FF                      db 0xff	; 00001430  FF                                
  2406 0000159C FF                      db 0xff	; 00001431  FF                                
  2407 0000159D FF                      db 0xff	; 00001432  FF                                
  2408 0000159E 50                      push ax	; 00001433  FFF0                              
  2409 0000159F 0000                    add [bx+si],al	; 00001435  0000                              
  2410 000015A1 0003                    add [bp+di],al	; 00001437  0003                              
  2411 000015A3 FF                      db 0xff	; 00001439  FF                                
  2412 000015A4 FF                      db 0xff	; 0000143A  FF                                
  2413 000015A5 FF                      db 0xff	; 0000143B  FF                                
  2414 000015A6 FF                      db 0xff	; 0000143C  FF                                
  2415 000015A7 FC                      cld	; 0000143D  FC                                
  2416 000015A8 0000                    add [bx+si],al	; 0000143E  0000                              
  2417 000015AA 0003                    add [bp+di],al	; 00001440  0003                              
  2418 000015AC FF                      db 0xff	; 00001442  FF                                
  2419 000015AD FF                      db 0xff	; 00001443  FF                                
  2420 000015AE FF                      db 0xff	; 00001444  FF                                
  2421 000015AF FF                      db 0xff	; 00001445  FF                                
  2422 000015B0 FC                      cld	; 00001446  FC                                
  2423 000015B1 0000                    add [bx+si],al	; 00001447  0000                              
  2424 000015B3 0003                    add [bp+di],al	; 00001449  0003                              
  2425 000015B5 FF                      db 0xff	; 0000144B  FF                                
  2426 000015B6 FF                      db 0xff	; 0000144C  FF                                
  2427 000015B7 FF                      db 0xff	; 0000144D  FF                                
  2428 000015B8 FF                      db 0xff	; 0000144E  FF                                
  2429 000015B9 FF00                    inc word [bx+si]	; 0000144F  FF00                              
  2430 000015BB 0000                    add [bx+si],al	; 00001451  0000                              
  2431 000015BD 01FF                    add di,di	; 00001453  03FF                              
  2432 000015BF FF                      db 0xff	; 00001455  FF                                
  2433 000015C0 FF                      db 0xff	; 00001456  FF                                
  2434 000015C1 FF                      db 0xff	; 00001457  FF                                
  2435 000015C2 FF00                    inc word [bx+si]	; 00001458  FF00                              
  2436 000015C4 0000                    add [bx+si],al	; 0000145A  0000                              
  2437 000015C6 01FF                    add di,di	; 0000145C  03FF                              
  2438 000015C8 FF                      db 0xff	; 0000145E  FF                                
  2439 000015C9 FF                      db 0xff	; 0000145F  FF                                
  2440 000015CA FF                      db 0xff	; 00001460  FF                                
  2441 000015CB FF00                    inc word [bx+si]	; 00001461  FF00                              
  2442 000015CD 0000                    add [bx+si],al	; 00001463  0000                              
  2443 000015CF 01FF                    add di,di	; 00001465  03FF                              
  2444 000015D1 FF                      db 0xff	; 00001467  FF                                
  2445 000015D2 FF                      db 0xff	; 00001468  FF                                
  2446 000015D3 FF                      db 0xff	; 00001469  FF                                
  2447 000015D4 FF00                    inc word [bx+si]	; 0000146A  FF00                              
  2448 000015D6 0000                    add [bx+si],al	; 0000146C  0000                              
  2449 000015D8 01FF                    add di,di	; 0000146E  03FF                              
  2450 000015DA 4F                      dec di	; 00001470  FFCF                              
  2451 000015DB FF                      db 0xff	; 00001472  FF                                
  2452 000015DC FF00                    inc word [bx+si]	; 00001473  FF00                              
  2453 000015DE 0000                    add [bx+si],al	; 00001475  0000                              
  2454 000015E0 01FF                    add di,di	; 00001477  03FF                              
  2455 000015E2 4F                      dec di	; 00001479  FFCF                              
  2456 000015E3 FF                      db 0xff	; 0000147B  FF                                
  2457 000015E4 FF00                    inc word [bx+si]	; 0000147C  FF00                              
  2458 000015E6 0000                    add [bx+si],al	; 0000147E  0000                              
  2459 000015E8 01FF                    add di,di	; 00001480  03FF                              
  2460 000015EA 4F                      dec di	; 00001482  FFCF                              
  2461 000015EB FF                      db 0xff	; 00001484  FF                                
  2462 000015EC FF00                    inc word [bx+si]	; 00001485  FF00                              
  2463 000015EE 0000                    add [bx+si],al	; 00001487  0000                              
  2464 000015F0 01FF                    add di,di	; 00001489  03FF                              
  2465 000015F2 4F                      dec di	; 0000148B  FFCF                              
  2466 000015F3 FF                      db 0xff	; 0000148D  FF                                
  2467 000015F4 FF00                    inc word [bx+si]	; 0000148E  FF00                              
  2468 000015F6 0000                    add [bx+si],al	; 00001490  0000                              
  2469 000015F8 01FF                    add di,di	; 00001492  03FF                              
  2470 000015FA 4F                      dec di	; 00001494  FFCF                              
  2471 000015FB FF                      db 0xff	; 00001496  FF                                
  2472 000015FC FF00                    inc word [bx+si]	; 00001497  FF00                              
  2473 000015FE 0000                    add [bx+si],al	; 00001499  0000                              
  2474 00001600 01FF                    add di,di	; 0000149B  03FF                              
  2475 00001602 4F                      dec di	; 0000149D  FFCF                              
  2476 00001603 FF                      db 0xff	; 0000149F  FF                                
  2477 00001604 FF00                    inc word [bx+si]	; 000014A0  FF00                              
  2478 00001606 0000                    add [bx+si],al	; 000014A2  0000                              
  2479 00001608 01FF                    add di,di	; 000014A4  03FF                              
  2480 0000160A 4F                      dec di	; 000014A6  FFCF                              
  2481 0000160B FF                      db 0xff	; 000014A8  FF                                
  2482 0000160C FF00                    inc word [bx+si]	; 000014A9  FF00                              
  2483 0000160E 0000                    add [bx+si],al	; 000014AB  0000                              
  2484 00001610 01FF                    add di,di	; 000014AD  03FF                              
  2485 00001612 4F                      dec di	; 000014AF  FFCF                              
  2486 00001613 FF                      db 0xff	; 000014B1  FF                                
  2487 00001614 FF00                    inc word [bx+si]	; 000014B2  FF00                              
  2488 00001616 0000                    add [bx+si],al	; 000014B4  0000                              
  2489 00001618 01FF                    add di,di	; 000014B6  03FF                              
  2490 0000161A 4F                      dec di	; 000014B8  FFCF                              
  2491 0000161B FF                      db 0xff	; 000014BA  FF                                
  2492 0000161C FF00                    inc word [bx+si]	; 000014BB  FF00                              
  2493 0000161E 0000                    add [bx+si],al	; 000014BD  0000                              
  2494 00001620 01FF                    add di,di	; 000014BF  03FF                              
  2495 00001622 4F                      dec di	; 000014C1  FFCF                              
  2496 00001623 FF                      db 0xff	; 000014C3  FF                                
  2497 00001624 FF00                    inc word [bx+si]	; 000014C4  FF00                              
  2498 00001626 0000                    add [bx+si],al	; 000014C6  0000                              
  2499 00001628 01FF                    add di,di	; 000014C8  03FF                              
  2500 0000162A 4F                      dec di	; 000014CA  FFCF                              
  2501 0000162B FF                      db 0xff	; 000014CC  FF                                
  2502 0000162C FF00                    inc word [bx+si]	; 000014CD  FF00                              
  2503 0000162E 0000                    add [bx+si],al	; 000014CF  0000                              
  2504 00001630 01FF                    add di,di	; 000014D1  03FF                              
  2505 00001632 4F                      dec di	; 000014D3  FFCF                              
  2506 00001633 FF                      db 0xff	; 000014D5  FF                                
  2507 00001634 FF00                    inc word [bx+si]	; 000014D6  FF00                              
  2508 00001636 0000                    add [bx+si],al	; 000014D8  0000                              
  2509 00001638 07                      pop es	; 000014DA  07                                
  2510 00001639 0009                    add [bx+di],cl	; 000014DB  0009                              
  2511 0000163B 0005                    add [di],al	; 000014DD  0005                              
  2512 0000163D 000A                    add [bp+si],cl	; 000014DF  000A                              
  2513 0000163F 0007                    add [bx],al	; 000014E1  0007                              
  2514 00001641 0007                    add [bx],al	; 000014E3  0007                              
  2515 00001643 005403                  add [si+0x3],dl	; 000014E5  005403                            
  2516 00001646 54                      push sp	; 000014E8  54                                
  2517 00001647 0302                    add ax,[bp+si]	; 000014E9  0302                              
  2518 00001649 0002                    add [bp+si],al	; 000014EB  0002                              
  2519 0000164B 00870387                add [bx-0x78fd],al	; 000014ED  00870387                          
  2520 0000164F 0302                    add ax,[bp+si]	; 000014F1  0302                              
  2521 00001651 0002                    add [bp+si],al	; 000014F3  0002                              
  2522 00001653 00BD03BD                add [di-0x42fd],bh	; 000014F5  00BD03BD                          
  2523 00001657 03870387                add ax,[bx-0x78fd]	; 000014F9  03870387                          
  2524 0000165B 03BD03BD                add di,[di-0x42fd]	; 000014FD  03BD03BD                          
  2525 0000165F 01EE                    add si,bp	; 00001501  03F5                              
  2526 00001661 01EE                    add si,bp	; 00001503  03F5                              
  2527 00001663 0332                    add si,[bp+si]	; 00001505  0332                              
  2528 00001665 0432                    add al,0x32	; 00001507  0432                              
  2529 00001667 0402                    add al,0x2	; 00001509  0402                              
  2530 00001669 0002                    add [bp+si],al	; 0000150B  0002                              
  2531 0000166B 007204                  add [bp+si+0x4],dh	; 0000150D  007204                            
  2532 0000166E 0F82(1615)              jc 0x1516	; 00001510  7204                              
  2533 00001672 0200                    add al,[bx+si]	; 00001512  0200                              
  2534 00001674 0200                    add al,[bx+si]	; 00001514  0200                              
  2535 00001676 B504                    mov ch,0x4	; 00001516  B504                              
  2536 00001678 B504                    mov ch,0x4	; 00001518  B504                              
  2537 0000167A B504                    mov ch,0x4	; 0000151A  B504                              
  2538 0000167C B504                    mov ch,0x4	; 0000151C  B504                              
  2539 0000167E 0F82(2415)              jc 0x1524	; 0000151E  7204                              
  2540 00001682 0F82(2615)              jc 0x1526	; 00001520  7204                              
  2541 00001686 0F82(2815)              jc 0x1528	; 00001522  7204                              
  2542 0000168A 0F82(2A15)              jc 0x152a	; 00001524  7204                              
  2543 0000168E F5                      cmc	; 00001526  F5                                
  2544 0000168F 01EE                    add si,bp	; 00001527  03F5                              
  2545 00001691 0302                    add ax,[bp+si]	; 00001529  0302                              
  2546 00001693 0002                    add [bp+si],al	; 0000152B  0002                              
  2547 00001695 0032                    add [bp+si],dh	; 0000152D  0032                              
  2548 00001697 0432                    add al,0x32	; 0000152F  0432                              
  2549 00001699 0402                    add al,0x2	; 00001531  0402                              
  2550 0000169B 0002                    add [bp+si],al	; 00001533  0002                              
  2551 0000169D 007204                  add [bp+si+0x4],dh	; 00001535  007204                            
  2552 000016A0 0F82(3E15)              jc 0x153e	; 00001538  7204                              
  2553 000016A4 3204                    xor al,[si]	; 0000153A  3204                              
  2554 000016A6 3204                    xor al,[si]	; 0000153C  3204                              
  2555 000016A8 0F82(4415)              jc 0x1544	; 0000153E  7204                              
  2556 000016AC 0F82(4615)              jc 0x1546	; 00001540  7204                              
  2557 000016B0 B504                    mov ch,0x4	; 00001542  B504                              
  2558 000016B2 B504                    mov ch,0x4	; 00001544  B504                              
  2559 000016B4 FD                      std	; 00001546  FD                                
  2560 000016B5 04FD                    add al,0xfd	; 00001547  04FD                              
  2561 000016B7 0402                    add al,0x2	; 00001549  0402                              
  2562 000016B9 0002                    add [bp+si],al	; 0000154B  0002                              
  2563 000016BB 004905                  add [bx+di+0x5],cl	; 0000154D  004905                            
  2564 000016BE 49                      dec cx	; 00001550  49                                
  2565 000016BF 83C002                  add ax,0x2	; 00001551  050200                            
  2566 000016C2 0200                    add al,[bx+si]	; 00001554  0200                              
  2567 000016C4 99                      cwd	; 00001556  99                                
  2568 000016C5 059905                  add ax,0x599	; 00001557  059905                            
  2569 000016C8 99                      cwd	; 0000155A  99                                
  2570 000016C9 059905                  add ax,0x599	; 0000155B  059905                            
  2571 000016CC 49                      dec cx	; 0000155E  49                                
  2572 000016CD 054905                  add ax,0x549	; 0000155F  054905                            
  2573 000016D0 49                      dec cx	; 00001562  49                                
  2574 000016D1 054905                  add ax,0x549	; 00001563  054905                            
  2575 000016D4 0F82(6C15)              jc 0x156c	; 00001566  7204                              
  2576 000016D8 0F82(6E15)              jc 0x156e	; 00001568  7204                              
  2577 000016DC 0200                    add al,[bx+si]	; 0000156A  0200                              
  2578 000016DE 0200                    add al,[bx+si]	; 0000156C  0200                              
  2579 000016E0 EE                      out dx,al	; 0000156E  EE                                
  2580 000016E1 83C002                  add ax,0x2	; 0000156F  050200                            
  2581 000016E4 EE                      out dx,al	; 00001572  EE                                
  2582 000016E5 83C002                  add ax,0x2	; 00001573  050200                            
  2583 000016E8 49                      dec cx	; 00001576  49                                
  2584 000016E9 06                      push es	; 00001577  06                                
  2585 000016EA 49                      dec cx	; 00001578  49                                
  2586 000016EB 06                      push es	; 00001579  06                                
  2587 000016EC 49                      dec cx	; 0000157A  49                                
  2588 000016ED 06                      push es	; 0000157B  06                                
  2589 000016EE 49                      dec cx	; 0000157C  49                                
  2590 000016EF 06                      push es	; 0000157D  06                                
  2591 000016F0 EE                      out dx,al	; 0000157E  EE                                
  2592 000016F1 05EE05                  add ax,0x5ee	; 0000157F  05EE05                            
  2593 000016F4 EE                      out dx,al	; 00001582  EE                                
  2594 000016F5 05EE05                  add ax,0x5ee	; 00001583  05EE05                            
  2595 000016F8 0F82(8C15)              jc 0x158c	; 00001586  7204                              
  2596 000016FC 0F82(8E15)              jc 0x158e	; 00001588  7204                              
  2597 00001700 0200                    add al,[bx+si]	; 0000158A  0200                              
  2598 00001702 0200                    add al,[bx+si]	; 0000158C  0200                              
  2599 00001704 EE                      out dx,al	; 0000158E  EE                                
  2600 00001705 83C002                  add ax,0x2	; 0000158F  050200                            
  2601 00001708 EE                      out dx,al	; 00001592  EE                                
  2602 00001709 83C002                  add ax,0x2	; 00001593  050200                            
  2603 0000170C 49                      dec cx	; 00001596  49                                
  2604 0000170D 06                      push es	; 00001597  06                                
  2605 0000170E 49                      dec cx	; 00001598  49                                
  2606 0000170F 06                      push es	; 00001599  06                                
  2607 00001710 49                      dec cx	; 0000159A  49                                
  2608 00001711 06                      push es	; 0000159B  06                                
  2609 00001712 49                      dec cx	; 0000159C  49                                
  2610 00001713 06                      push es	; 0000159D  06                                
  2611 00001714 EE                      out dx,al	; 0000159E  EE                                
  2612 00001715 05EE05                  add ax,0x5ee	; 0000159F  05EE05                            
  2613 00001718 EE                      out dx,al	; 000015A2  EE                                
  2614 00001719 05EE05                  add ax,0x5ee	; 000015A3  05EE05                            
  2615 0000171C 0E                      push cs	; 000015A6  0E                                
  2616 0000171D 07                      pop es	; 000015A7  07                                
  2617 0000171E 0E                      push cs	; 000015A8  0E                                
  2618 0000171F 07                      pop es	; 000015A9  07                                
  2619 00001720 A806                    test al,0x6	; 000015AA  A806                              
  2620 00001722 A806                    test al,0x6	; 000015AC  A806                              
  2621 00001724 49                      dec cx	; 000015AE  49                                
  2622 00001725 06                      push es	; 000015AF  06                                
  2623 00001726 49                      dec cx	; 000015B0  49                                
  2624 00001727 06                      push es	; 000015B1  06                                
  2625 00001728 EE                      out dx,al	; 000015B2  EE                                
  2626 00001729 05EE05                  add ax,0x5ee	; 000015B3  05EE05                            
  2627 0000172C 99                      cwd	; 000015B6  99                                
  2628 0000172D 059905                  add ax,0x599	; 000015B7  059905                            
  2629 00001730 49                      dec cx	; 000015BA  49                                
  2630 00001731 054905                  add ax,0x549	; 000015BB  054905                            
  2631 00001734 FD                      std	; 000015BE  FD                                
  2632 00001735 04FD                    add al,0xfd	; 000015BF  04FD                              
  2633 00001737 04B5                    add al,0xb5	; 000015C1  04B5                              
  2634 00001739 04B5                    add al,0xb5	; 000015C3  04B5                              
  2635 0000173B 0472                    add al,0x72	; 000015C5  0472                              
  2636 0000173D 0472                    add al,0x72	; 000015C7  0472                              
  2637 0000173F 0402                    add al,0x2	; 000015C9  0402                              
  2638 00001741 0002                    add [bp+si],al	; 000015CB  0002                              
  2639 00001743 0032                    add [bp+si],dh	; 000015CD  0032                              
  2640 00001745 0432                    add al,0x32	; 000015CF  0432                              
  2641 00001747 0402                    add al,0x2	; 000015D1  0402                              
  2642 00001749 0002                    add [bp+si],al	; 000015D3  0002                              
  2643 0000174B 00F5                    add ch,dh	; 000015D5  00F5                              
  2644 0000174D 01EE                    add si,bp	; 000015D7  03F5                              
  2645 0000174F 0302                    add ax,[bp+si]	; 000015D9  0302                              
  2646 00001751 0002                    add [bp+si],al	; 000015DB  0002                              
  2647 00001753 00870387                add [bx-0x78fd],al	; 000015DD  00870387                          
  2648 00001757 0302                    add ax,[bp+si]	; 000015E1  0302                              
  2649 00001759 0002                    add [bp+si],al	; 000015E3  0002                              
  2650 0000175B 005403                  add [si+0x3],dl	; 000015E5  005403                            
  2651 0000175E 54                      push sp	; 000015E8  54                                
  2652 0000175F 035403                  add dx,[si+0x3]	; 000015E9  035403                            
  2653 00001762 54                      push sp	; 000015EC  54                                
  2654 00001763 035403                  add dx,[si+0x3]	; 000015ED  035403                            
  2655 00001766 54                      push sp	; 000015F0  54                                
  2656 00001767 035403                  add dx,[si+0x3]	; 000015F1  035403                            
  2657 0000176A 54                      push sp	; 000015F4  54                                
  2658 0000176B 0302                    add ax,[bp+si]	; 000015F5  0302                              
  2659 0000176D 0013                    add [bp+di],dl	; 000015F7  0013                              
  2660 0000176F 096279                  or [bp+si+0x79],sp	; 000015F9  096279                            
  2661 00001772 000D                    add [di],cl	; 000015FC  000D                              
  2662 00001774 0B4772                  or ax,[bx+0x72]	; 000015FE  0B4772                            
  2663 00001777 6567204B75              and [gs:ebx+0x75],cl	; 00001601  6567204B75                        
  2664 0000177C 0F80(6D16)              jo 0x166d	; 00001606  7065                              
  2665 00001780 0F82(6C16)              jc 0x166c	; 00001608  7262                              
  2666 00001784 650F82(7416)            gs jc 0x1674	; 0000160A  657267                            
  2667 00001789 0003                    add [bp+di],al	; 0000160D  0003                              
  2668 0000178B 105052                  adc [bx+si+0x52],dl	; 0000160F  105052                            
  2669 0000178E 45                      inc bp	; 00001612  45                                
  2670 0000178F 53                      push bx	; 00001613  53                                
  2671 00001790 53                      push bx	; 00001614  53                                
  2672 00001791 207370                  and [bp+di+0x70],dh	; 00001615  207370                            
  2673 00001794 61                      popa	; 00001618  61                                
  2674 00001795 636520                  arpl [di+0x20],sp	; 00001619  636520                            
  2675 00001798 626172                  bound sp,[bx+di+0x72]	; 0000161C  626172                            
  2676 0000179B 20464F                  and [bp+0x4f],al	; 0000161F  20464F                            
  2677 0000179E 52                      push dx	; 00001622  52                                
  2678 0000179F 204B45                  and [bp+di+0x45],cl	; 00001623  204B45                            
  2679 000017A2 59                      pop cx	; 00001626  59                                
  2680 000017A3 42                      inc dx	; 00001627  42                                
  2681 000017A4 4F                      dec di	; 00001628  4F                                
  2682 000017A5 41                      inc cx	; 00001629  41                                
  2683 000017A6 52                      push dx	; 0000162A  52                                
  2684 000017A7 44                      inc sp	; 0000162B  44                                
  2685 000017A8 20504C                  and [bx+si+0x4c],dl	; 0000162C  20504C                            
  2686 000017AB 41                      inc cx	; 0000162F  41                                
  2687 000017AC 59                      pop cx	; 00001630  59                                
  2688 000017AD 0002                    add [bp+si],al	; 00001631  0002                              
  2689 000017AF 1220                    adc ah,[bx+si]	; 00001633  1220                              
  2690 000017B1 2020                    and [bx+si],ah	; 00001635  2020                              
  2691 000017B3 204F52                  and [bx+0x52],cl	; 00001637  204F52                            
  2692 000017B6 2022                    and [bp+si],ah	; 0000163A  2022                              
  2693 000017B8 4A                      dec dx	; 0000163C  4A                                
  2694 000017B9 222D                    and ch,[di]	; 0000163D  222D                              
  2695 000017BB 6B657920                imul sp,[di+0x79],0x20	; 0000163F  6B657920                          
  2696 000017BF 46                      inc si	; 00001643  46                                
  2697 000017C0 4F                      dec di	; 00001644  4F                                
  2698 000017C1 52                      push dx	; 00001645  52                                
  2699 000017C2 204A4F                  and [bp+si+0x4f],cl	; 00001646  204A4F                            
  2700 000017C5 59                      pop cx	; 00001649  59                                
  2701 000017C6 53                      push bx	; 0000164A  53                                
  2702 000017C7 54                      push sp	; 0000164B  54                                
  2703 000017C8 49                      dec cx	; 0000164C  49                                
  2704 000017C9 43                      inc bx	; 0000164D  43                                
  2705 000017CA 4B                      dec bx	; 0000164E  4B                                
  2706 000017CB 20504C                  and [bx+si+0x4c],dl	; 0000164F  20504C                            
  2707 000017CE 41                      inc cx	; 00001652  41                                
  2708 000017CF 59                      pop cx	; 00001653  59                                
  2709 000017D0 2020                    and [bx+si],ah	; 00001654  2020                              
  2710 000017D2 2020                    and [bx+si],ah	; 00001656  2020                              
  2711 000017D4 00061828                add [0x2818],al	; 00001658  00061828                          
  2712 000017D8 43                      inc bx	; 0000165C  43                                
  2713 000017D9 2931                    sub [bx+di],si	; 0000165D  2931                              
  2714 000017DB 3938                    cmp [bx+si],di	; 0000165F  3938                              
  2715 000017DD 3220                    xor ah,[bx+si]	; 00001661  3220                              
  2716 000017DF 4F                      dec di	; 00001663  4F                                
  2717 000017E0 52                      push dx	; 00001664  52                                
  2718 000017E1 49                      dec cx	; 00001665  49                                
  2719 000017E2 4F                      dec di	; 00001666  4F                                
  2720 000017E3 4E                      dec si	; 00001667  4E                                
  2721 000017E4 20534F                  and [bp+di+0x4f],dl	; 00001668  20534F                            
  2722 000017E7 46                      inc si	; 0000166B  46                                
  2723 000017E8 54                      push sp	; 0000166C  54                                
  2724 000017E9 57                      push di	; 0000166D  57                                
  2725 000017EA 41                      inc cx	; 0000166E  41                                
  2726 000017EB 52                      push dx	; 0000166F  52                                
  2727 000017EC 45                      inc bp	; 00001670  45                                
  2728 000017ED 2C20                    sub al,0x20	; 00001671  2C20                              
  2729 000017EF 49                      dec cx	; 00001673  49                                
  2730 000017F0 4E                      dec si	; 00001674  4E                                
  2731 000017F1 43                      inc bx	; 00001675  43                                
  2732 000017F2 2E0003                  add [cs:bp+di],al	; 00001676  2E0003                            
  2733 000017F5 0C50                    or al,0x50	; 00001679  0C50                              
  2734 000017F7 52                      push dx	; 0000167B  52                                
  2735 000017F8 45                      inc bp	; 0000167C  45                                
  2736 000017F9 53                      push bx	; 0000167D  53                                
  2737 000017FA 53                      push bx	; 0000167E  53                                
  2738 000017FB 207370                  and [bp+di+0x70],dh	; 0000167F  207370                            
  2739 000017FE 61                      popa	; 00001682  61                                
  2740 000017FF 636520                  arpl [di+0x20],sp	; 00001683  636520                            
  2741 00001802 626172                  bound sp,[bx+di+0x72]	; 00001686  626172                            
  2742 00001805 20464F                  and [bp+0x4f],al	; 00001689  20464F                            
  2743 00001808 52                      push dx	; 0000168C  52                                
  2744 00001809 204B45                  and [bp+di+0x45],cl	; 0000168D  204B45                            
  2745 0000180C 59                      pop cx	; 00001690  59                                
  2746 0000180D 42                      inc dx	; 00001691  42                                
  2747 0000180E 4F                      dec di	; 00001692  4F                                
  2748 0000180F 41                      inc cx	; 00001693  41                                
  2749 00001810 52                      push dx	; 00001694  52                                
  2750 00001811 44                      inc sp	; 00001695  44                                
  2751 00001812 20504C                  and [bx+si+0x4c],dl	; 00001696  20504C                            
  2752 00001815 41                      inc cx	; 00001699  41                                
  2753 00001816 59                      pop cx	; 0000169A  59                                
  2754 00001817 0002                    add [bp+si],al	; 0000169B  0002                              
  2755 00001819 0E                      push cs	; 0000169D  0E                                
  2756 0000181A 2020                    and [bx+si],ah	; 0000169E  2020                              
  2757 0000181C 2020                    and [bx+si],ah	; 000016A0  2020                              
  2758 0000181E 4F                      dec di	; 000016A2  4F                                
  2759 0000181F 52                      push dx	; 000016A3  52                                
  2760 00001820 2022                    and [bp+si],ah	; 000016A4  2022                              
  2761 00001822 4A                      dec dx	; 000016A6  4A                                
  2762 00001823 222D                    and ch,[di]	; 000016A7  222D                              
  2763 00001825 6B657920                imul sp,[di+0x79],0x20	; 000016A9  6B657920                          
  2764 00001829 46                      inc si	; 000016AD  46                                
  2765 0000182A 4F                      dec di	; 000016AE  4F                                
  2766 0000182B 52                      push dx	; 000016AF  52                                
  2767 0000182C 204A4F                  and [bp+si+0x4f],cl	; 000016B0  204A4F                            
  2768 0000182F 59                      pop cx	; 000016B3  59                                
  2769 00001830 53                      push bx	; 000016B4  53                                
  2770 00001831 54                      push sp	; 000016B5  54                                
  2771 00001832 49                      dec cx	; 000016B6  49                                
  2772 00001833 43                      inc bx	; 000016B7  43                                
  2773 00001834 4B                      dec bx	; 000016B8  4B                                
  2774 00001835 20504C                  and [bx+si+0x4c],dl	; 000016B9  20504C                            
  2775 00001838 41                      inc cx	; 000016BC  41                                
  2776 00001839 59                      pop cx	; 000016BD  59                                
  2777 0000183A 2020                    and [bx+si],ah	; 000016BE  2020                              
  2778 0000183C 2020                    and [bx+si],ah	; 000016C0  2020                              
  2779 0000183E 005343                  add [bp+di+0x43],dl	; 000016C2  005343                            
  2780 00001841 4F                      dec di	; 000016C5  4F                                
  2781 00001842 52                      push dx	; 000016C6  52                                
  2782 00001843 45                      inc bp	; 000016C7  45                                
  2783 00001844 0D0A20                  or ax,0x200a	; 000016C8  0D0A20                            
  2784 00001847 2020                    and [bx+si],ah	; 000016CB  2020                              
  2785 00001849 2020                    and [bx+si],ah	; 000016CD  2020                              
  2786 0000184B 300D                    xor [di],cl	; 000016CF  300D                              
  2787 0000184D 0A0A                    or cl,[bp+si]	; 000016D1  0A0A                              
  2788 0000184F 0A0A                    or cl,[bp+si]	; 000016D3  0A0A                              
  2789 00001851 204849                  and [bx+si+0x49],cl	; 000016D5  204849                            
  2790 00001854 47                      inc di	; 000016D8  47                                
  2791 00001855 48                      dec ax	; 000016D9  48                                
  2792 00001856 0D0A20                  or ax,0x200a	; 000016DA  0D0A20                            
  2793 00001859 53                      push bx	; 000016DD  53                                
  2794 0000185A 43                      inc bx	; 000016DE  43                                
  2795 0000185B 4F                      dec di	; 000016DF  4F                                
  2796 0000185C 52                      push dx	; 000016E0  52                                
  2797 0000185D 45                      inc bp	; 000016E1  45                                
  2798 0000185E 0D0A20                  or ax,0x200a	; 000016E2  0D0A20                            
  2799 00001861 2020                    and [bx+si],ah	; 000016E5  2020                              
  2800 00001863 2020                    and [bx+si],ah	; 000016E7  2020                              
  2801 00001865 3021                    xor [bx+di],ah	; 000016E9  3021                              
  2802 00001867 59                      pop cx	; 000016EB  59                                
  2803 00001868 44                      inc sp	; 000016EC  44                                
  2804 00001869 41                      inc cx	; 000016ED  41                                
  2805 0000186A 45                      inc bp	; 000016EE  45                                
  2806 0000186B 52                      push dx	; 000016EF  52                                
  2807 0000186C 0300                    add ax,[bx+si]	; 000016F0  0300                              
  2808 0000186E 00C8                    add al,cl	; 000016F2  00C8                              
  2809 00001870 0C00                    or al,0x0	; 000016F4  0C00                              
  2810 00001872 20781C                  and [bx+si+0x1c],bh	; 000016F6  20781C                            
  2811 00001875 0020                    add [bx+si],ah	; 000016F9  0020                              
  2812 00001877 96                      xchg ax,si	; 000016FB  96                                
  2813 00001878 1C00                    sbb al,0x0	; 000016FC  1C00                              
  2814 0000187A 285A1C                  sub [bp+si+0x1c],bl	; 000016FE  285A1C                            
  2815 0000187D 0028                    add [bx+si],ch	; 00001701  0028                              
  2816 0000187F 0F88(4117)              js 0x1741	; 00001703  783C                              
  2817 00001883 00403C                  add [bx+si+0x3c],al	; 00001705  00403C                            
  2818 00001886 3C00                    cmp al,0x0	; 00001708  3C00                              
  2819 00001888 40                      inc ax	; 0000170A  40                                
  2820 00001889 3C3C                    cmp al,0x3c	; 0000170B  3C3C                              
  2821 0000188B 00401E                  add [bx+si+0x1e],al	; 0000170D  00401E                            
  2822 0000188E 3C00                    cmp al,0x0	; 00001710  3C00                              
  2823 00001890 50                      push ax	; 00001712  50                                
  2824 00001891 0A3C                    or bh,[si]	; 00001713  0A3C                              
  2825 00001893 0080143C                add [bx+si+0x3c14],al	; 00001715  0080143C                          
  2826 00001897 0080053C                add [bx+si+0x3c05],al	; 00001719  0080053C                          
  2827 0000189B 0080053C                add [bx+si+0x3c05],al	; 0000171D  0080053C                          
  2828 0000189F FF                      db 0xff	; 00001721  FF                                
  2829 000018A0 FF00                    inc word [bx+si]	; 00001722  FF00                              
  2830 000018A2 0000                    add [bx+si],al	; 00001724  0000                              
  2831 000018A4 0F8A(5617)              jpe 0x1756	; 00001726  7A2E                              
  2832 000018A8 190E007A                sbb [0x7a00],cx	; 00001728  190E007A                          
  2833 000018AC 2E0E                    cs push cs	; 0000172C  2E0E                              
  2834 000018AE 0E                      push cs	; 0000172E  0E                                
  2835 000018AF 0000                    add [bx+si],al	; 0000172F  0000                              
  2836 000018B1 0000                    add [bx+si],al	; 00001731  0000                              
  2837 000018B3 0000                    add [bx+si],al	; 00001733  0000                              
  2838 000018B5 0000                    add [bx+si],al	; 00001735  0000                              
  2839 000018B7 0000                    add [bx+si],al	; 00001737  0000                              
  2840 000018B9 0000                    add [bx+si],al	; 00001739  0000                              
  2841 000018BB 0000                    add [bx+si],al	; 0000173B  0000                              
  2842 000018BD 0000                    add [bx+si],al	; 0000173D  0000                              
  2843 000018BF 0000                    add [bx+si],al	; 0000173F  0000                              
  2844 000018C1 0000                    add [bx+si],al	; 00001741  0000                              
  2845 000018C3 0000                    add [bx+si],al	; 00001743  0000                              
  2846 000018C5 0000                    add [bx+si],al	; 00001745  0000                              
  2847 000018C7 0000                    add [bx+si],al	; 00001747  0000                              
  2848 000018C9 0000                    add [bx+si],al	; 00001749  0000                              
  2849 000018CB 0000                    add [bx+si],al	; 0000174B  0000                              
  2850 000018CD 0000                    add [bx+si],al	; 0000174D  0000                              
  2851 000018CF 0000                    add [bx+si],al	; 0000174F  0000                              
  2852 000018D1 0000                    add [bx+si],al	; 00001751  0000                              
  2853 000018D3 0000                    add [bx+si],al	; 00001753  0000                              
  2854 000018D5 0000                    add [bx+si],al	; 00001755  0000                              
  2855 000018D7 0000                    add [bx+si],al	; 00001757  0000                              
  2856 000018D9 0000                    add [bx+si],al	; 00001759  0000                              
  2857 000018DB 0000                    add [bx+si],al	; 0000175B  0000                              
  2858 000018DD 0000                    add [bx+si],al	; 0000175D  0000                              
  2859 000018DF 0000                    add [bx+si],al	; 0000175F  0000                              
  2860 000018E1 0000                    add [bx+si],al	; 00001761  0000                              
  2861 000018E3 0000                    add [bx+si],al	; 00001763  0000                              
  2862 000018E5 0000                    add [bx+si],al	; 00001765  0000                              
  2863 000018E7 0000                    add [bx+si],al	; 00001767  0000                              
  2864 000018E9 0000                    add [bx+si],al	; 00001769  0000                              
  2865 000018EB 0000                    add [bx+si],al	; 0000176B  0000                              
  2866 000018ED 0000                    add [bx+si],al	; 0000176D  0000                              
  2867 000018EF 0000                    add [bx+si],al	; 0000176F  0000                              
  2868 000018F1 0000                    add [bx+si],al	; 00001771  0000                              
  2869 000018F3 0000                    add [bx+si],al	; 00001773  0000                              
  2870 000018F5 0000                    add [bx+si],al	; 00001775  0000                              
  2871 000018F7 0000                    add [bx+si],al	; 00001777  0000                              
  2872 000018F9 0000                    add [bx+si],al	; 00001779  0000                              
  2873 000018FB 0000                    add [bx+si],al	; 0000177B  0000                              
  2874 000018FD 0000                    add [bx+si],al	; 0000177D  0000                              
  2875 000018FF 0000                    add [bx+si],al	; 0000177F  0000                              
  2876 00001901 0000                    add [bx+si],al	; 00001781  0000                              
  2877 00001903 0000                    add [bx+si],al	; 00001783  0000                              
  2878 00001905 0000                    add [bx+si],al	; 00001785  0000                              
  2879 00001907 0000                    add [bx+si],al	; 00001787  0000                              
  2880 00001909 0000                    add [bx+si],al	; 00001789  0000                              
  2881 0000190B 0000                    add [bx+si],al	; 0000178B  0000                              
  2882 0000190D 0000                    add [bx+si],al	; 0000178D  0000                              
  2883 0000190F 0000                    add [bx+si],al	; 0000178F  0000                              
  2884 00001911 0000                    add [bx+si],al	; 00001791  0000                              
  2885 00001913 0000                    add [bx+si],al	; 00001793  0000                              
  2886 00001915 0000                    add [bx+si],al	; 00001795  0000                              
  2887 00001917 0000                    add [bx+si],al	; 00001797  0000                              
  2888 00001919 0000                    add [bx+si],al	; 00001799  0000                              
  2889 0000191B 0000                    add [bx+si],al	; 0000179B  0000                              
  2890 0000191D 0000                    add [bx+si],al	; 0000179D  0000                              
  2891 0000191F 0000                    add [bx+si],al	; 0000179F  0000                              
  2892 00001921 026D30                  add ch,[di+0x30]	; 000017A1  026D30                            
  2893 00001924 1A26006D                sbb ah,[0x6d00]	; 000017A4  1A26006D                          
  2894 00001928 300E0E00                xor [0xe],cl	; 000017A8  300E0E00                          
  2895 0000192C 0400                    add al,0x0	; 000017AC  0400                              
  2896 0000192E 0000                    add [bx+si],al	; 000017AE  0000                              
  2897 00001930 0000                    add [bx+si],al	; 000017B0  0000                              
  2898 00001932 0000                    add [bx+si],al	; 000017B2  0000                              
  2899 00001934 0000                    add [bx+si],al	; 000017B4  0000                              
  2900 00001936 0000                    add [bx+si],al	; 000017B6  0000                              
  2901 00001938 0000                    add [bx+si],al	; 000017B8  0000                              
  2902 0000193A 0000                    add [bx+si],al	; 000017BA  0000                              
  2903 0000193C 0000                    add [bx+si],al	; 000017BC  0000                              
  2904 0000193E 0000                    add [bx+si],al	; 000017BE  0000                              
  2905 00001940 0000                    add [bx+si],al	; 000017C0  0000                              
  2906 00001942 0000                    add [bx+si],al	; 000017C2  0000                              
  2907 00001944 0000                    add [bx+si],al	; 000017C4  0000                              
  2908 00001946 0000                    add [bx+si],al	; 000017C6  0000                              
  2909 00001948 0000                    add [bx+si],al	; 000017C8  0000                              
  2910 0000194A 0000                    add [bx+si],al	; 000017CA  0000                              
  2911 0000194C 0000                    add [bx+si],al	; 000017CC  0000                              
  2912 0000194E 0000                    add [bx+si],al	; 000017CE  0000                              
  2913 00001950 0000                    add [bx+si],al	; 000017D0  0000                              
  2914 00001952 0000                    add [bx+si],al	; 000017D2  0000                              
  2915 00001954 0000                    add [bx+si],al	; 000017D4  0000                              
  2916 00001956 0000                    add [bx+si],al	; 000017D6  0000                              
  2917 00001958 0000                    add [bx+si],al	; 000017D8  0000                              
  2918 0000195A 0000                    add [bx+si],al	; 000017DA  0000                              
  2919 0000195C 0000                    add [bx+si],al	; 000017DC  0000                              
  2920 0000195E 0000                    add [bx+si],al	; 000017DE  0000                              
  2921 00001960 0000                    add [bx+si],al	; 000017E0  0000                              
  2922 00001962 0000                    add [bx+si],al	; 000017E2  0000                              
  2923 00001964 0000                    add [bx+si],al	; 000017E4  0000                              
  2924 00001966 0000                    add [bx+si],al	; 000017E6  0000                              
  2925 00001968 0000                    add [bx+si],al	; 000017E8  0000                              
  2926 0000196A 0000                    add [bx+si],al	; 000017EA  0000                              
  2927 0000196C 0000                    add [bx+si],al	; 000017EC  0000                              
  2928 0000196E 0000                    add [bx+si],al	; 000017EE  0000                              
  2929 00001970 0000                    add [bx+si],al	; 000017F0  0000                              
  2930 00001972 0000                    add [bx+si],al	; 000017F2  0000                              
  2931 00001974 0000                    add [bx+si],al	; 000017F4  0000                              
  2932 00001976 0000                    add [bx+si],al	; 000017F6  0000                              
  2933 00001978 0000                    add [bx+si],al	; 000017F8  0000                              
  2934 0000197A 0000                    add [bx+si],al	; 000017FA  0000                              
  2935 0000197C 0000                    add [bx+si],al	; 000017FC  0000                              
  2936 0000197E 0000                    add [bx+si],al	; 000017FE  0000                              
  2937 00001980 0000                    add [bx+si],al	; 00001800  0000                              
  2938 00001982 0000                    add [bx+si],al	; 00001802  0000                              
  2939 00001984 0000                    add [bx+si],al	; 00001804  0000                              
  2940 00001986 0000                    add [bx+si],al	; 00001806  0000                              
  2941 00001988 0000                    add [bx+si],al	; 00001808  0000                              
  2942 0000198A 0000                    add [bx+si],al	; 0000180A  0000                              
  2943 0000198C 0000                    add [bx+si],al	; 0000180C  0000                              
  2944 0000198E 0000                    add [bx+si],al	; 0000180E  0000                              
  2945 00001990 0000                    add [bx+si],al	; 00001810  0000                              
  2946 00001992 0000                    add [bx+si],al	; 00001812  0000                              
  2947 00001994 0000                    add [bx+si],al	; 00001814  0000                              
  2948 00001996 0000                    add [bx+si],al	; 00001816  0000                              
  2949 00001998 0000                    add [bx+si],al	; 00001818  0000                              
  2950 0000199A 0000                    add [bx+si],al	; 0000181A  0000                              
  2951 0000199C 0003                    add [bp+di],al	; 0000181C  0003                              
  2952 0000199E 8B2E1A26                mov bp,[0x261a]	; 0000181E  8B2E1A26                          
  2953 000019A2 008B2E0E                add [bp+di+0xe2e],cl	; 00001822  008B2E0E                          
  2954 000019A6 0E                      push cs	; 00001826  0E                                
  2955 000019A7 0004                    add [si],al	; 00001827  0004                              
  2956 000019A9 0000                    add [bx+si],al	; 00001829  0000                              
  2957 000019AB 0000                    add [bx+si],al	; 0000182B  0000                              
  2958 000019AD 0000                    add [bx+si],al	; 0000182D  0000                              
  2959 000019AF 0000                    add [bx+si],al	; 0000182F  0000                              
  2960 000019B1 0000                    add [bx+si],al	; 00001831  0000                              
  2961 000019B3 0000                    add [bx+si],al	; 00001833  0000                              
  2962 000019B5 0000                    add [bx+si],al	; 00001835  0000                              
  2963 000019B7 0000                    add [bx+si],al	; 00001837  0000                              
  2964 000019B9 0000                    add [bx+si],al	; 00001839  0000                              
  2965 000019BB 0000                    add [bx+si],al	; 0000183B  0000                              
  2966 000019BD 0000                    add [bx+si],al	; 0000183D  0000                              
  2967 000019BF 0000                    add [bx+si],al	; 0000183F  0000                              
  2968 000019C1 0000                    add [bx+si],al	; 00001841  0000                              
  2969 000019C3 0000                    add [bx+si],al	; 00001843  0000                              
  2970 000019C5 0000                    add [bx+si],al	; 00001845  0000                              
  2971 000019C7 0000                    add [bx+si],al	; 00001847  0000                              
  2972 000019C9 0000                    add [bx+si],al	; 00001849  0000                              
  2973 000019CB 0000                    add [bx+si],al	; 0000184B  0000                              
  2974 000019CD 0000                    add [bx+si],al	; 0000184D  0000                              
  2975 000019CF 0000                    add [bx+si],al	; 0000184F  0000                              
  2976 000019D1 0000                    add [bx+si],al	; 00001851  0000                              
  2977 000019D3 0000                    add [bx+si],al	; 00001853  0000                              
  2978 000019D5 0000                    add [bx+si],al	; 00001855  0000                              
  2979 000019D7 0000                    add [bx+si],al	; 00001857  0000                              
  2980 000019D9 0000                    add [bx+si],al	; 00001859  0000                              
  2981 000019DB 0000                    add [bx+si],al	; 0000185B  0000                              
  2982 000019DD 0000                    add [bx+si],al	; 0000185D  0000                              
  2983 000019DF 0000                    add [bx+si],al	; 0000185F  0000                              
  2984 000019E1 0000                    add [bx+si],al	; 00001861  0000                              
  2985 000019E3 0000                    add [bx+si],al	; 00001863  0000                              
  2986 000019E5 0000                    add [bx+si],al	; 00001865  0000                              
  2987 000019E7 0000                    add [bx+si],al	; 00001867  0000                              
  2988 000019E9 0000                    add [bx+si],al	; 00001869  0000                              
  2989 000019EB 0000                    add [bx+si],al	; 0000186B  0000                              
  2990 000019ED 0000                    add [bx+si],al	; 0000186D  0000                              
  2991 000019EF 0000                    add [bx+si],al	; 0000186F  0000                              
  2992 000019F1 0000                    add [bx+si],al	; 00001871  0000                              
  2993 000019F3 0000                    add [bx+si],al	; 00001873  0000                              
  2994 000019F5 0000                    add [bx+si],al	; 00001875  0000                              
  2995 000019F7 0000                    add [bx+si],al	; 00001877  0000                              
  2996 000019F9 0000                    add [bx+si],al	; 00001879  0000                              
  2997 000019FB 0000                    add [bx+si],al	; 0000187B  0000                              
  2998 000019FD 0000                    add [bx+si],al	; 0000187D  0000                              
  2999 000019FF 0000                    add [bx+si],al	; 0000187F  0000                              
  3000 00001A01 0000                    add [bx+si],al	; 00001881  0000                              
  3001 00001A03 0000                    add [bx+si],al	; 00001883  0000                              
  3002 00001A05 0000                    add [bx+si],al	; 00001885  0000                              
  3003 00001A07 0000                    add [bx+si],al	; 00001887  0000                              
  3004 00001A09 0000                    add [bx+si],al	; 00001889  0000                              
  3005 00001A0B 0000                    add [bx+si],al	; 0000188B  0000                              
  3006 00001A0D 0000                    add [bx+si],al	; 0000188D  0000                              
  3007 00001A0F 0000                    add [bx+si],al	; 0000188F  0000                              
  3008 00001A11 0000                    add [bx+si],al	; 00001891  0000                              
  3009 00001A13 0000                    add [bx+si],al	; 00001893  0000                              
  3010 00001A15 0000                    add [bx+si],al	; 00001895  0000                              
  3011 00001A17 0000                    add [bx+si],al	; 00001897  0000                              
  3012 00001A19 00922E19                add [bp+si+0x192e],dl	; 00001899  00922E19                          
  3013 00001A1D 2600922E0E              add [es:bp+si+0xe2e],dl	; 0000189D  2600922E0E                        
  3014 00001A22 0E                      push cs	; 000018A2  0E                                
  3015 00001A23 0000                    add [bx+si],al	; 000018A3  0000                              
  3016 00001A25 0000                    add [bx+si],al	; 000018A5  0000                              
  3017 00001A27 0000                    add [bx+si],al	; 000018A7  0000                              
  3018 00001A29 0000                    add [bx+si],al	; 000018A9  0000                              
  3019 00001A2B 0000                    add [bx+si],al	; 000018AB  0000                              
  3020 00001A2D 0000                    add [bx+si],al	; 000018AD  0000                              
  3021 00001A2F 0000                    add [bx+si],al	; 000018AF  0000                              
  3022 00001A31 0000                    add [bx+si],al	; 000018B1  0000                              
  3023 00001A33 0000                    add [bx+si],al	; 000018B3  0000                              
  3024 00001A35 0000                    add [bx+si],al	; 000018B5  0000                              
  3025 00001A37 0000                    add [bx+si],al	; 000018B7  0000                              
  3026 00001A39 0000                    add [bx+si],al	; 000018B9  0000                              
  3027 00001A3B 0000                    add [bx+si],al	; 000018BB  0000                              
  3028 00001A3D 0000                    add [bx+si],al	; 000018BD  0000                              
  3029 00001A3F 0000                    add [bx+si],al	; 000018BF  0000                              
  3030 00001A41 0000                    add [bx+si],al	; 000018C1  0000                              
  3031 00001A43 0000                    add [bx+si],al	; 000018C3  0000                              
  3032 00001A45 0000                    add [bx+si],al	; 000018C5  0000                              
  3033 00001A47 0000                    add [bx+si],al	; 000018C7  0000                              
  3034 00001A49 0000                    add [bx+si],al	; 000018C9  0000                              
  3035 00001A4B 0000                    add [bx+si],al	; 000018CB  0000                              
  3036 00001A4D 0000                    add [bx+si],al	; 000018CD  0000                              
  3037 00001A4F 0000                    add [bx+si],al	; 000018CF  0000                              
  3038 00001A51 0000                    add [bx+si],al	; 000018D1  0000                              
  3039 00001A53 0000                    add [bx+si],al	; 000018D3  0000                              
  3040 00001A55 0000                    add [bx+si],al	; 000018D5  0000                              
  3041 00001A57 0000                    add [bx+si],al	; 000018D7  0000                              
  3042 00001A59 0000                    add [bx+si],al	; 000018D9  0000                              
  3043 00001A5B 0000                    add [bx+si],al	; 000018DB  0000                              
  3044 00001A5D 0000                    add [bx+si],al	; 000018DD  0000                              
  3045 00001A5F 0000                    add [bx+si],al	; 000018DF  0000                              
  3046 00001A61 0000                    add [bx+si],al	; 000018E1  0000                              
  3047 00001A63 0000                    add [bx+si],al	; 000018E3  0000                              
  3048 00001A65 0000                    add [bx+si],al	; 000018E5  0000                              
  3049 00001A67 0000                    add [bx+si],al	; 000018E7  0000                              
  3050 00001A69 0000                    add [bx+si],al	; 000018E9  0000                              
  3051 00001A6B 0000                    add [bx+si],al	; 000018EB  0000                              
  3052 00001A6D 0000                    add [bx+si],al	; 000018ED  0000                              
  3053 00001A6F 0000                    add [bx+si],al	; 000018EF  0000                              
  3054 00001A71 0000                    add [bx+si],al	; 000018F1  0000                              
  3055 00001A73 0000                    add [bx+si],al	; 000018F3  0000                              
  3056 00001A75 0000                    add [bx+si],al	; 000018F5  0000                              
  3057 00001A77 0000                    add [bx+si],al	; 000018F7  0000                              
  3058 00001A79 0000                    add [bx+si],al	; 000018F9  0000                              
  3059 00001A7B 0000                    add [bx+si],al	; 000018FB  0000                              
  3060 00001A7D 0000                    add [bx+si],al	; 000018FD  0000                              
  3061 00001A7F 0000                    add [bx+si],al	; 000018FF  0000                              
  3062 00001A81 0000                    add [bx+si],al	; 00001901  0000                              
  3063 00001A83 0000                    add [bx+si],al	; 00001903  0000                              
  3064 00001A85 0000                    add [bx+si],al	; 00001905  0000                              
  3065 00001A87 0000                    add [bx+si],al	; 00001907  0000                              
  3066 00001A89 0000                    add [bx+si],al	; 00001909  0000                              
  3067 00001A8B 0000                    add [bx+si],al	; 0000190B  0000                              
  3068 00001A8D 0000                    add [bx+si],al	; 0000190D  0000                              
  3069 00001A8F 0000                    add [bx+si],al	; 0000190F  0000                              
  3070 00001A91 0000                    add [bx+si],al	; 00001911  0000                              
  3071 00001A93 0000                    add [bx+si],al	; 00001913  0000                              
  3072 00001A95 02AD2C1A                add ch,[di+0x1a2c]	; 00001915  02AD2C1A                          
  3073 00001A99 2600AD2C0E              add [es:di+0xe2c],ch	; 00001919  2600AD2C0E                        
  3074 00001A9E 0E                      push cs	; 0000191E  0E                                
  3075 00001A9F 0004                    add [si],al	; 0000191F  0004                              
  3076 00001AA1 0000                    add [bx+si],al	; 00001921  0000                              
  3077 00001AA3 0000                    add [bx+si],al	; 00001923  0000                              
  3078 00001AA5 0000                    add [bx+si],al	; 00001925  0000                              
  3079 00001AA7 0000                    add [bx+si],al	; 00001927  0000                              
  3080 00001AA9 0000                    add [bx+si],al	; 00001929  0000                              
  3081 00001AAB 0000                    add [bx+si],al	; 0000192B  0000                              
  3082 00001AAD 0000                    add [bx+si],al	; 0000192D  0000                              
  3083 00001AAF 0000                    add [bx+si],al	; 0000192F  0000                              
  3084 00001AB1 0000                    add [bx+si],al	; 00001931  0000                              
  3085 00001AB3 0000                    add [bx+si],al	; 00001933  0000                              
  3086 00001AB5 0000                    add [bx+si],al	; 00001935  0000                              
  3087 00001AB7 0000                    add [bx+si],al	; 00001937  0000                              
  3088 00001AB9 0000                    add [bx+si],al	; 00001939  0000                              
  3089 00001ABB 0000                    add [bx+si],al	; 0000193B  0000                              
  3090 00001ABD 0000                    add [bx+si],al	; 0000193D  0000                              
  3091 00001ABF 0000                    add [bx+si],al	; 0000193F  0000                              
  3092 00001AC1 0000                    add [bx+si],al	; 00001941  0000                              
  3093 00001AC3 0000                    add [bx+si],al	; 00001943  0000                              
  3094 00001AC5 0000                    add [bx+si],al	; 00001945  0000                              
  3095 00001AC7 0000                    add [bx+si],al	; 00001947  0000                              
  3096 00001AC9 0000                    add [bx+si],al	; 00001949  0000                              
  3097 00001ACB 0000                    add [bx+si],al	; 0000194B  0000                              
  3098 00001ACD 0000                    add [bx+si],al	; 0000194D  0000                              
  3099 00001ACF 0000                    add [bx+si],al	; 0000194F  0000                              
  3100 00001AD1 0000                    add [bx+si],al	; 00001951  0000                              
  3101 00001AD3 0000                    add [bx+si],al	; 00001953  0000                              
  3102 00001AD5 0000                    add [bx+si],al	; 00001955  0000                              
  3103 00001AD7 0000                    add [bx+si],al	; 00001957  0000                              
  3104 00001AD9 0000                    add [bx+si],al	; 00001959  0000                              
  3105 00001ADB 0000                    add [bx+si],al	; 0000195B  0000                              
  3106 00001ADD 0000                    add [bx+si],al	; 0000195D  0000                              
  3107 00001ADF 0000                    add [bx+si],al	; 0000195F  0000                              
  3108 00001AE1 0000                    add [bx+si],al	; 00001961  0000                              
  3109 00001AE3 0000                    add [bx+si],al	; 00001963  0000                              
  3110 00001AE5 0000                    add [bx+si],al	; 00001965  0000                              
  3111 00001AE7 0000                    add [bx+si],al	; 00001967  0000                              
  3112 00001AE9 0000                    add [bx+si],al	; 00001969  0000                              
  3113 00001AEB 0000                    add [bx+si],al	; 0000196B  0000                              
  3114 00001AED 0000                    add [bx+si],al	; 0000196D  0000                              
  3115 00001AEF 0000                    add [bx+si],al	; 0000196F  0000                              
  3116 00001AF1 0000                    add [bx+si],al	; 00001971  0000                              
  3117 00001AF3 0000                    add [bx+si],al	; 00001973  0000                              
  3118 00001AF5 0000                    add [bx+si],al	; 00001975  0000                              
  3119 00001AF7 0000                    add [bx+si],al	; 00001977  0000                              
  3120 00001AF9 0000                    add [bx+si],al	; 00001979  0000                              
  3121 00001AFB 0000                    add [bx+si],al	; 0000197B  0000                              
  3122 00001AFD 0000                    add [bx+si],al	; 0000197D  0000                              
  3123 00001AFF 0000                    add [bx+si],al	; 0000197F  0000                              
  3124 00001B01 0000                    add [bx+si],al	; 00001981  0000                              
  3125 00001B03 0000                    add [bx+si],al	; 00001983  0000                              
  3126 00001B05 0000                    add [bx+si],al	; 00001985  0000                              
  3127 00001B07 0000                    add [bx+si],al	; 00001987  0000                              
  3128 00001B09 0000                    add [bx+si],al	; 00001989  0000                              
  3129 00001B0B 0000                    add [bx+si],al	; 0000198B  0000                              
  3130 00001B0D 0000                    add [bx+si],al	; 0000198D  0000                              
  3131 00001B0F 0000                    add [bx+si],al	; 0000198F  0000                              
  3132 00001B11 0000                    add [bx+si],al	; 00001991  0000                              
  3133 00001B13 0000                    add [bx+si],al	; 00001993  0000                              
  3134 00001B15 55                      push bp	; 00001995  55                                
  3135 00001B16 0000                    add [bx+si],al	; 00001996  0000                              
  3136 00001B18 004040                  add [bx+si+0x40],al	; 00001998  004040                            
  3137 00001B1B 40                      inc ax	; 0000199B  40                                
  3138 00001B1C 40                      inc ax	; 0000199C  40                                
  3139 00001B1D 0101                    add [bx+di],ax	; 0000199D  0101                              
  3140 00001B1F 0101                    add [bx+di],ax	; 0000199F  0101                              
  3141 00001B21 0000                    add [bx+si],al	; 000019A1  0000                              
  3142 00001B23 005505                  add [di+0x5],dl	; 000019A3  005505                            
  3143 00001B26 104040                  adc [bx+si+0x40],al	; 000019A6  104040                            
  3144 00001B29 50                      push ax	; 000019A9  50                                
  3145 00001B2A 0401                    add al,0x1	; 000019AA  0401                              
  3146 00001B2C 014040                  add [bx+si+0x40],ax	; 000019AC  014040                            
  3147 00001B2F 1005                    adc [di],al	; 000019AF  1005                              
  3148 00001B31 0101                    add [bx+di],ax	; 000019B1  0101                              
  3149 00001B33 0450                    add al,0x50	; 000019B3  0450                              
  3150 00001B35 83D000                  adc ax,0x0	; 000019B5  150000                            
  3151 00001B38 004040                  add [bx+si+0x40],al	; 000019B8  004040                            
  3152 00001B3B 40                      inc ax	; 000019BB  40                                
  3153 00001B3C 0000                    add [bx+si],al	; 000019BC  0000                              
  3154 00001B3E 0101                    add [bx+di],ax	; 000019BE  0101                              
  3155 00001B40 0100                    add [bx+si],ax	; 000019C0  0100                              
  3156 00001B42 0000                    add [bx+si],al	; 000019C2  0000                              
  3157 00001B44 54                      push sp	; 000019C4  54                                
  3158 00001B45 54                      push sp	; 000019C5  54                                
  3159 00001B46 0000                    add [bx+si],al	; 000019C6  0000                              
  3160 00001B48 0000                    add [bx+si],al	; 000019C8  0000                              
  3161 00001B4A 40                      inc ax	; 000019CA  40                                
  3162 00001B4B 40                      inc ax	; 000019CB  40                                
  3163 00001B4C 40                      inc ax	; 000019CC  40                                
  3164 00001B4D 0101                    add [bx+di],ax	; 000019CD  0101                              
  3165 00001B4F 0100                    add [bx+si],ax	; 000019CF  0100                              
  3166 00001B51 0000                    add [bx+si],al	; 000019D1  0000                              
  3167 00001B53 0015                    add [di],dl	; 000019D3  0015                              
  3168 00001B55 40                      inc ax	; 000019D5  40                                
  3169 00001B56 0000                    add [bx+si],al	; 000019D6  0000                              
  3170 00001B58 0001                    add [bx+di],al	; 000019D8  0001                              
  3171 00001B5A 0000                    add [bx+si],al	; 000019DA  0000                              
  3172 00001B5C 0000                    add [bx+si],al	; 000019DC  0000                              
  3173 00001B5E 0000                    add [bx+si],al	; 000019DE  0000                              
  3174 00001B60 40                      inc ax	; 000019E0  40                                
  3175 00001B61 0000                    add [bx+si],al	; 000019E1  0000                              
  3176 00001B63 0001                    add [bx+di],al	; 000019E3  0001                              
  3177 00001B65 83D040                  adc ax,0x40	; 000019E5  154000                            
  3178 00001B68 005401                  add [si+0x1],dl	; 000019E8  005401                            
  3179 00001B6B 0000                    add [bx+si],al	; 000019EB  0000                              
  3180 00001B6D 0000                    add [bx+si],al	; 000019ED  0000                              
  3181 00001B6F 40                      inc ax	; 000019EF  40                                
  3182 00001B70 83D000                  adc ax,0x0	; 000019F0  150000                            
  3183 00001B73 0114                    add [si+0x0],dx	; 000019F3  015400                            
  3184 00001B75 0001                    add [bx+di],al	; 000019F6  0001                              
  3185 00001B77 0100                    add [bx+si],ax	; 000019F8  0100                              
  3186 00001B79 004040                  add [bx+si+0x40],al	; 000019FA  004040                            
  3187 00001B7C 0101                    add [bx+di],ax	; 000019FD  0101                              
  3188 00001B7E 0000                    add [bx+si],al	; 000019FF  0000                              
  3189 00001B80 40                      inc ax	; 00001A01  40                                
  3190 00001B81 40                      inc ax	; 00001A02  40                                
  3191 00001B82 0000                    add [bx+si],al	; 00001A03  0000                              
  3192 00001B84 0202                    add al,[bp+si]	; 00001A05  0202                              
  3193 00001B86 0202                    add al,[bp+si]	; 00001A07  0202                              
  3194 00001B88 1915                    sbb [di],dx	; 00001A09  1915                              
  3195 00001B8A 0101                    add [bx+di],ax	; 00001A0B  0101                              
  3196 00001B8C 0101                    add [bx+di],ax	; 00001A0D  0101                              
  3197 00001B8E 0101                    add [bx+di],ax	; 00001A0F  0101                              
  3198 00001B90 0101                    add [bx+di],ax	; 00001A11  0101                              
  3199 00001B92 16                      push ss	; 00001A13  16                                
  3200 00001B93 1A19                    sbb bl,[bx+di]	; 00001A14  1A19                              
  3201 00001B95 150101                  adc ax,0x101	; 00001A16  150101                            
  3202 00001B98 0101                    add [bx+di],ax	; 00001A19  0101                              
  3203 00001B9A 0101                    add [bx+di],ax	; 00001A1B  0101                              
  3204 00001B9C 0101                    add [bx+di],ax	; 00001A1D  0101                              
  3205 00001B9E 16                      push ss	; 00001A1F  16                                
  3206 00001B9F 1A00                    sbb al,[bx+si]	; 00001A20  1A00                              
  3207 00001BA1 0000                    add [bx+si],al	; 00001A22  0000                              
  3208 00001BA3 0000                    add [bx+si],al	; 00001A24  0000                              
  3209 00001BA5 0003                    add [bp+di],al	; 00001A26  0003                              
  3210 00001BA7 0000                    add [bx+si],al	; 00001A28  0000                              
  3211 00001BA9 0000                    add [bx+si],al	; 00001A2A  0000                              
  3212 00001BAB 0200                    add al,[bx+si]	; 00001A2C  0200                              
  3213 00001BAD 0000                    add [bx+si],al	; 00001A2E  0000                              
  3214 00001BAF 0000                    add [bx+si],al	; 00001A30  0000                              
  3215 00001BB1 0019                    add [bx+di],bl	; 00001A32  0019                              
  3216 00001BB3 150101                  adc ax,0x101	; 00001A34  150101                            
  3217 00001BB6 0101                    add [bx+di],ax	; 00001A37  0101                              
  3218 00001BB8 0101                    add [bx+di],ax	; 00001A39  0101                              
  3219 00001BBA 0101                    add [bx+di],ax	; 00001A3B  0101                              
  3220 00001BBC 0101                    add [bx+di],ax	; 00001A3D  0101                              
  3221 00001BBE 0101                    add [bx+di],ax	; 00001A3F  0101                              
  3222 00001BC0 0101                    add [bx+di],ax	; 00001A41  0101                              
  3223 00001BC2 0101                    add [bx+di],ax	; 00001A43  0101                              
  3224 00001BC4 16                      push ss	; 00001A45  16                                
  3225 00001BC5 1A03                    sbb al,[bp+di]	; 00001A46  1A03                              
  3226 00001BC7 0000                    add [bx+si],al	; 00001A48  0000                              
  3227 00001BC9 0000                    add [bx+si],al	; 00001A4A  0000                              
  3228 00001BCB 0000                    add [bx+si],al	; 00001A4C  0000                              
  3229 00001BCD 0000                    add [bx+si],al	; 00001A4E  0000                              
  3230 00001BCF 0000                    add [bx+si],al	; 00001A50  0000                              
  3231 00001BD1 0203                    add al,[bp+di]	; 00001A52  0203                              
  3232 00001BD3 0000                    add [bx+si],al	; 00001A54  0000                              
  3233 00001BD5 0000                    add [bx+si],al	; 00001A56  0000                              
  3234 00001BD7 0000                    add [bx+si],al	; 00001A58  0000                              
  3235 00001BD9 0000                    add [bx+si],al	; 00001A5A  0000                              
  3236 00001BDB 0000                    add [bx+si],al	; 00001A5C  0000                              
  3237 00001BDD 0200                    add al,[bx+si]	; 00001A5E  0200                              
  3238 00001BDF 0000                    add [bx+si],al	; 00001A60  0000                              
  3239 00001BE1 0000                    add [bx+si],al	; 00001A62  0000                              
  3240 00001BE3 0003                    add [bp+di],al	; 00001A64  0003                              
  3241 00001BE5 0000                    add [bx+si],al	; 00001A66  0000                              
  3242 00001BE7 0000                    add [bx+si],al	; 00001A68  0000                              
  3243 00001BE9 0200                    add al,[bx+si]	; 00001A6A  0200                              
  3244 00001BEB 0000                    add [bx+si],al	; 00001A6C  0000                              
  3245 00001BED 0000                    add [bx+si],al	; 00001A6E  0000                              
  3246 00001BEF 0003                    add [bp+di],al	; 00001A70  0003                              
  3247 00001BF1 0000                    add [bx+si],al	; 00001A72  0000                              
  3248 00001BF3 0000                    add [bx+si],al	; 00001A74  0000                              
  3249 00001BF5 0000                    add [bx+si],al	; 00001A76  0000                              
  3250 00001BF7 0000                    add [bx+si],al	; 00001A78  0000                              
  3251 00001BF9 0000                    add [bx+si],al	; 00001A7A  0000                              
  3252 00001BFB 0000                    add [bx+si],al	; 00001A7C  0000                              
  3253 00001BFD 0000                    add [bx+si],al	; 00001A7E  0000                              
  3254 00001BFF 0000                    add [bx+si],al	; 00001A80  0000                              
  3255 00001C01 0000                    add [bx+si],al	; 00001A82  0000                              
  3256 00001C03 0203                    add al,[bp+di]	; 00001A84  0203                              
  3257 00001C05 0000                    add [bx+si],al	; 00001A86  0000                              
  3258 00001C07 0000                    add [bx+si],al	; 00001A88  0000                              
  3259 00001C09 0000                    add [bx+si],al	; 00001A8A  0000                              
  3260 00001C0B 0000                    add [bx+si],al	; 00001A8C  0000                              
  3261 00001C0D 0000                    add [bx+si],al	; 00001A8E  0000                              
  3262 00001C0F 0203                    add al,[bp+di]	; 00001A90  0203                              
  3263 00001C11 0000                    add [bx+si],al	; 00001A92  0000                              
  3264 00001C13 0000                    add [bx+si],al	; 00001A94  0000                              
  3265 00001C15 0000                    add [bx+si],al	; 00001A96  0000                              
  3266 00001C17 0000                    add [bx+si],al	; 00001A98  0000                              
  3267 00001C19 0000                    add [bx+si],al	; 00001A9A  0000                              
  3268 00001C1B 0200                    add al,[bx+si]	; 00001A9C  0200                              
  3269 00001C1D 0000                    add [bx+si],al	; 00001A9E  0000                              
  3270 00001C1F 0000                    add [bx+si],al	; 00001AA0  0000                              
  3271 00001C21 0003                    add [bp+di],al	; 00001AA2  0003                              
  3272 00001C23 0000                    add [bx+si],al	; 00001AA4  0000                              
  3273 00001C25 0000                    add [bx+si],al	; 00001AA6  0000                              
  3274 00001C27 0200                    add al,[bx+si]	; 00001AA8  0200                              
  3275 00001C29 0000                    add [bx+si],al	; 00001AAA  0000                              
  3276 00001C2B 0000                    add [bx+si],al	; 00001AAC  0000                              
  3277 00001C2D 0003                    add [bp+di],al	; 00001AAE  0003                              
  3278 00001C2F 0000                    add [bx+si],al	; 00001AB0  0000                              
  3279 00001C31 0000                    add [bx+si],al	; 00001AB2  0000                              
  3280 00001C33 0000                    add [bx+si],al	; 00001AB4  0000                              
  3281 00001C35 0000                    add [bx+si],al	; 00001AB6  0000                              
  3282 00001C37 0000                    add [bx+si],al	; 00001AB8  0000                              
  3283 00001C39 0000                    add [bx+si],al	; 00001ABA  0000                              
  3284 00001C3B 0000                    add [bx+si],al	; 00001ABC  0000                              
  3285 00001C3D 0000                    add [bx+si],al	; 00001ABE  0000                              
  3286 00001C3F 0000                    add [bx+si],al	; 00001AC0  0000                              
  3287 00001C41 0203                    add al,[bp+di]	; 00001AC2  0203                              
  3288 00001C43 0000                    add [bx+si],al	; 00001AC4  0000                              
  3289 00001C45 0000                    add [bx+si],al	; 00001AC6  0000                              
  3290 00001C47 0000                    add [bx+si],al	; 00001AC8  0000                              
  3291 00001C49 0000                    add [bx+si],al	; 00001ACA  0000                              
  3292 00001C4B 0000                    add [bx+si],al	; 00001ACC  0000                              
  3293 00001C4D 07                      pop es	; 00001ACE  07                                
  3294 00001C4E 0800                    or [bx+si],al	; 00001ACF  0800                              
  3295 00001C50 0000                    add [bx+si],al	; 00001AD1  0000                              
  3296 00001C52 0000                    add [bx+si],al	; 00001AD3  0000                              
  3297 00001C54 0000                    add [bx+si],al	; 00001AD5  0000                              
  3298 00001C56 0000                    add [bx+si],al	; 00001AD7  0000                              
  3299 00001C58 0002                    add [bp+si],al	; 00001AD9  0002                              
  3300 00001C5A 0000                    add [bx+si],al	; 00001ADB  0000                              
  3301 00001C5C 0000                    add [bx+si],al	; 00001ADD  0000                              
  3302 00001C5E 0000                    add [bx+si],al	; 00001ADF  0000                              
  3303 00001C60 0300                    add ax,[bx+si]	; 00001AE1  0300                              
  3304 00001C62 0000                    add [bx+si],al	; 00001AE3  0000                              
  3305 00001C64 0002                    add [bp+si],al	; 00001AE5  0002                              
  3306 00001C66 0000                    add [bx+si],al	; 00001AE7  0000                              
  3307 00001C68 0000                    add [bx+si],al	; 00001AE9  0000                              
  3308 00001C6A 0000                    add [bx+si],al	; 00001AEB  0000                              
  3309 00001C6C 0300                    add ax,[bx+si]	; 00001AED  0300                              
  3310 00001C6E 0000                    add [bx+si],al	; 00001AEF  0000                              
  3311 00001C70 0000                    add [bx+si],al	; 00001AF1  0000                              
  3312 00001C72 0000                    add [bx+si],al	; 00001AF3  0000                              
  3313 00001C74 0000                    add [bx+si],al	; 00001AF5  0000                              
  3314 00001C76 0000                    add [bx+si],al	; 00001AF7  0000                              
  3315 00001C78 0000                    add [bx+si],al	; 00001AF9  0000                              
  3316 00001C7A 0000                    add [bx+si],al	; 00001AFB  0000                              
  3317 00001C7C 0000                    add [bx+si],al	; 00001AFD  0000                              
  3318 00001C7E 0002                    add [bp+si],al	; 00001AFF  0002                              
  3319 00001C80 0300                    add ax,[bx+si]	; 00001B01  0300                              
  3320 00001C82 0000                    add [bx+si],al	; 00001B03  0000                              
  3321 00001C84 0005                    add [di],al	; 00001B05  0005                              
  3322 00001C86 06                      push es	; 00001B07  06                                
  3323 00001C87 0000                    add [bx+si],al	; 00001B08  0000                              
  3324 00001C89 0000                    add [bx+si],al	; 00001B0A  0000                              
  3325 00001C8B 0000                    add [bx+si],al	; 00001B0C  0000                              
  3326 00001C8D 0000                    add [bx+si],al	; 00001B0E  0000                              
  3327 00001C8F 0000                    add [bx+si],al	; 00001B10  0000                              
  3328 00001C91 83C006                  add ax,0x6	; 00001B12  050600                            
  3329 00001C94 0000                    add [bx+si],al	; 00001B15  0000                              
  3330 00001C96 0002                    add [bp+si],al	; 00001B17  0002                              
  3331 00001C98 0000                    add [bx+si],al	; 00001B19  0000                              
  3332 00001C9A 0000                    add [bx+si],al	; 00001B1B  0000                              
  3333 00001C9C 0000                    add [bx+si],al	; 00001B1D  0000                              
  3334 00001C9E 0300                    add ax,[bx+si]	; 00001B1F  0300                              
  3335 00001CA0 0000                    add [bx+si],al	; 00001B21  0000                              
  3336 00001CA2 0002                    add [bp+si],al	; 00001B23  0002                              
  3337 00001CA4 0000                    add [bx+si],al	; 00001B25  0000                              
  3338 00001CA6 0000                    add [bx+si],al	; 00001B27  0000                              
  3339 00001CA8 0000                    add [bx+si],al	; 00001B29  0000                              
  3340 00001CAA 0300                    add ax,[bx+si]	; 00001B2B  0300                              
  3341 00001CAC 0000                    add [bx+si],al	; 00001B2D  0000                              
  3342 00001CAE 0005                    add [di],al	; 00001B2F  0005                              
  3343 00001CB0 06                      push es	; 00001B31  06                                
  3344 00001CB1 0000                    add [bx+si],al	; 00001B32  0000                              
  3345 00001CB3 0000                    add [bx+si],al	; 00001B34  0000                              
  3346 00001CB5 050101                  add ax,0x101	; 00001B36  050101                            
  3347 00001CB8 06                      push es	; 00001B39  06                                
  3348 00001CB9 0000                    add [bx+si],al	; 00001B3A  0000                              
  3349 00001CBB 0000                    add [bx+si],al	; 00001B3C  0000                              
  3350 00001CBD 0203                    add al,[bp+di]	; 00001B3E  0203                              
  3351 00001CBF 0000                    add [bx+si],al	; 00001B40  0000                              
  3352 00001CC1 0000                    add [bx+si],al	; 00001B42  0000                              
  3353 00001CC3 0203                    add al,[bp+di]	; 00001B44  0203                              
  3354 00001CC5 0000                    add [bx+si],al	; 00001B46  0000                              
  3355 00001CC7 0000                    add [bx+si],al	; 00001B48  0000                              
  3356 00001CC9 0000                    add [bx+si],al	; 00001B4A  0000                              
  3357 00001CCB 0000                    add [bx+si],al	; 00001B4C  0000                              
  3358 00001CCD 0000                    add [bx+si],al	; 00001B4E  0000                              
  3359 00001CCF 0203                    add al,[bp+di]	; 00001B50  0203                              
  3360 00001CD1 0000                    add [bx+si],al	; 00001B52  0000                              
  3361 00001CD3 0000                    add [bx+si],al	; 00001B54  0000                              
  3362 00001CD5 0200                    add al,[bx+si]	; 00001B56  0200                              
  3363 00001CD7 0000                    add [bx+si],al	; 00001B58  0000                              
  3364 00001CD9 0000                    add [bx+si],al	; 00001B5A  0000                              
  3365 00001CDB 0003                    add [bp+di],al	; 00001B5C  0003                              
  3366 00001CDD 0000                    add [bx+si],al	; 00001B5E  0000                              
  3367 00001CDF 0000                    add [bx+si],al	; 00001B60  0000                              
  3368 00001CE1 0200                    add al,[bx+si]	; 00001B62  0200                              
  3369 00001CE3 0000                    add [bx+si],al	; 00001B64  0000                              
  3370 00001CE5 0000                    add [bx+si],al	; 00001B66  0000                              
  3371 00001CE7 0003                    add [bp+di],al	; 00001B68  0003                              
  3372 00001CE9 0000                    add [bx+si],al	; 00001B6A  0000                              
  3373 00001CEB 0000                    add [bx+si],al	; 00001B6C  0000                              
  3374 00001CED 0203                    add al,[bp+di]	; 00001B6E  0203                              
  3375 00001CEF 0000                    add [bx+si],al	; 00001B70  0000                              
  3376 00001CF1 0000                    add [bx+si],al	; 00001B72  0000                              
  3377 00001CF3 0200                    add al,[bx+si]	; 00001B74  0200                              
  3378 00001CF5 0003                    add [bp+di],al	; 00001B76  0003                              
  3379 00001CF7 0000                    add [bx+si],al	; 00001B78  0000                              
  3380 00001CF9 0000                    add [bx+si],al	; 00001B7A  0000                              
  3381 00001CFB 0203                    add al,[bp+di]	; 00001B7C  0203                              
  3382 00001CFD 0000                    add [bx+si],al	; 00001B7E  0000                              
  3383 00001CFF 0000                    add [bx+si],al	; 00001B80  0000                              
  3384 00001D01 0203                    add al,[bp+di]	; 00001B82  0203                              
  3385 00001D03 0000                    add [bx+si],al	; 00001B84  0000                              
  3386 00001D05 0000                    add [bx+si],al	; 00001B86  0000                              
  3387 00001D07 0000                    add [bx+si],al	; 00001B88  0000                              
  3388 00001D09 0000                    add [bx+si],al	; 00001B8A  0000                              
  3389 00001D0B 0000                    add [bx+si],al	; 00001B8C  0000                              
  3390 00001D0D 0203                    add al,[bp+di]	; 00001B8E  0203                              
  3391 00001D0F 0000                    add [bx+si],al	; 00001B90  0000                              
  3392 00001D11 0000                    add [bx+si],al	; 00001B92  0000                              
  3393 00001D13 0200                    add al,[bx+si]	; 00001B94  0200                              
  3394 00001D15 0000                    add [bx+si],al	; 00001B96  0000                              
  3395 00001D17 0000                    add [bx+si],al	; 00001B98  0000                              
  3396 00001D19 0003                    add [bp+di],al	; 00001B9A  0003                              
  3397 00001D1B 0000                    add [bx+si],al	; 00001B9C  0000                              
  3398 00001D1D 0000                    add [bx+si],al	; 00001B9E  0000                              
  3399 00001D1F 0200                    add al,[bx+si]	; 00001BA0  0200                              
  3400 00001D21 0000                    add [bx+si],al	; 00001BA2  0000                              
  3401 00001D23 0000                    add [bx+si],al	; 00001BA4  0000                              
  3402 00001D25 0003                    add [bp+di],al	; 00001BA6  0003                              
  3403 00001D27 0000                    add [bx+si],al	; 00001BA8  0000                              
  3404 00001D29 0000                    add [bx+si],al	; 00001BAA  0000                              
  3405 00001D2B 0203                    add al,[bp+di]	; 00001BAC  0203                              
  3406 00001D2D 0000                    add [bx+si],al	; 00001BAE  0000                              
  3407 00001D2F 0000                    add [bx+si],al	; 00001BB0  0000                              
  3408 00001D31 0200                    add al,[bx+si]	; 00001BB2  0200                              
  3409 00001D33 0003                    add [bp+di],al	; 00001BB4  0003                              
  3410 00001D35 0000                    add [bx+si],al	; 00001BB6  0000                              
  3411 00001D37 0000                    add [bx+si],al	; 00001BB8  0000                              
  3412 00001D39 0203                    add al,[bp+di]	; 00001BBA  0203                              
  3413 00001D3B 0000                    add [bx+si],al	; 00001BBC  0000                              
  3414 00001D3D 0000                    add [bx+si],al	; 00001BBE  0000                              
  3415 00001D3F 0203                    add al,[bp+di]	; 00001BC0  0203                              
  3416 00001D41 0000                    add [bx+si],al	; 00001BC2  0000                              
  3417 00001D43 0000                    add [bx+si],al	; 00001BC4  0000                              
  3418 00001D45 0000                    add [bx+si],al	; 00001BC6  0000                              
  3419 00001D47 0000                    add [bx+si],al	; 00001BC8  0000                              
  3420 00001D49 0014                    add [si],dl	; 00001BCA  0014                              
  3421 00001D4B 0A03                    or al,[bp+di]	; 00001BCC  0A03                              
  3422 00001D4D 0000                    add [bx+si],al	; 00001BCE  0000                              
  3423 00001D4F 0000                    add [bx+si],al	; 00001BD0  0000                              
  3424 00001D51 0200                    add al,[bx+si]	; 00001BD2  0200                              
  3425 00001D53 0000                    add [bx+si],al	; 00001BD4  0000                              
  3426 00001D55 0000                    add [bx+si],al	; 00001BD6  0000                              
  3427 00001D57 0003                    add [bp+di],al	; 00001BD8  0003                              
  3428 00001D59 0000                    add [bx+si],al	; 00001BDA  0000                              
  3429 00001D5B 0000                    add [bx+si],al	; 00001BDC  0000                              
  3430 00001D5D 0200                    add al,[bx+si]	; 00001BDE  0200                              
  3431 00001D5F 0000                    add [bx+si],al	; 00001BE0  0000                              
  3432 00001D61 0000                    add [bx+si],al	; 00001BE2  0000                              
  3433 00001D63 0003                    add [bp+di],al	; 00001BE4  0003                              
  3434 00001D65 0000                    add [bx+si],al	; 00001BE6  0000                              
  3435 00001D67 0000                    add [bx+si],al	; 00001BE8  0000                              
  3436 00001D69 0203                    add al,[bp+di]	; 00001BEA  0203                              
  3437 00001D6B 0000                    add [bx+si],al	; 00001BEC  0000                              
  3438 00001D6D 0000                    add [bx+si],al	; 00001BEE  0000                              
  3439 00001D6F 0200                    add al,[bx+si]	; 00001BF0  0200                              
  3440 00001D71 0003                    add [bp+di],al	; 00001BF2  0003                              
  3441 00001D73 0000                    add [bx+si],al	; 00001BF4  0000                              
  3442 00001D75 0000                    add [bx+si],al	; 00001BF6  0000                              
  3443 00001D77 0203                    add al,[bp+di]	; 00001BF8  0203                              
  3444 00001D79 0000                    add [bx+si],al	; 00001BFA  0000                              
  3445 00001D7B 0000                    add [bx+si],al	; 00001BFC  0000                              
  3446 00001D7D 0203                    add al,[bp+di]	; 00001BFE  0203                              
  3447 00001D7F 0000                    add [bx+si],al	; 00001C00  0000                              
  3448 00001D81 0000                    add [bx+si],al	; 00001C02  0000                              
  3449 00001D83 050101                  add ax,0x101	; 00001C04  050101                            
  3450 00001D86 0101                    add [bx+di],ax	; 00001C07  0101                              
  3451 00001D88 0D0003                  or ax,0x300	; 00001C09  0D0003                            
  3452 00001D8B 0000                    add [bx+si],al	; 00001C0C  0000                              
  3453 00001D8D 0000                    add [bx+si],al	; 00001C0E  0000                              
  3454 00001D8F 0200                    add al,[bx+si]	; 00001C10  0200                              
  3455 00001D91 0000                    add [bx+si],al	; 00001C12  0000                              
  3456 00001D93 0000                    add [bx+si],al	; 00001C14  0000                              
  3457 00001D95 0003                    add [bp+di],al	; 00001C16  0003                              
  3458 00001D97 0000                    add [bx+si],al	; 00001C18  0000                              
  3459 00001D99 0000                    add [bx+si],al	; 00001C1A  0000                              
  3460 00001D9B 0200                    add al,[bx+si]	; 00001C1C  0200                              
  3461 00001D9D 0000                    add [bx+si],al	; 00001C1E  0000                              
  3462 00001D9F 0000                    add [bx+si],al	; 00001C20  0000                              
  3463 00001DA1 0003                    add [bp+di],al	; 00001C22  0003                              
  3464 00001DA3 0000                    add [bx+si],al	; 00001C24  0000                              
  3465 00001DA5 0000                    add [bx+si],al	; 00001C26  0000                              
  3466 00001DA7 0203                    add al,[bp+di]	; 00001C28  0203                              
  3467 00001DA9 0000                    add [bx+si],al	; 00001C2A  0000                              
  3468 00001DAB 0000                    add [bx+si],al	; 00001C2C  0000                              
  3469 00001DAD 0200                    add al,[bx+si]	; 00001C2E  0200                              
  3470 00001DAF 0003                    add [bp+di],al	; 00001C30  0003                              
  3471 00001DB1 0000                    add [bx+si],al	; 00001C32  0000                              
  3472 00001DB3 0000                    add [bx+si],al	; 00001C34  0000                              
  3473 00001DB5 0203                    add al,[bp+di]	; 00001C36  0203                              
  3474 00001DB7 0000                    add [bx+si],al	; 00001C38  0000                              
  3475 00001DB9 0000                    add [bx+si],al	; 00001C3A  0000                              
  3476 00001DBB 0203                    add al,[bp+di]	; 00001C3C  0203                              
  3477 00001DBD 0000                    add [bx+si],al	; 00001C3E  0000                              
  3478 00001DBF 0000                    add [bx+si],al	; 00001C40  0000                              
  3479 00001DC1 07                      pop es	; 00001C42  07                                
  3480 00001DC2 0404                    add al,0x4	; 00001C43  0404                              
  3481 00001DC4 0404                    add al,0x4	; 00001C45  0404                              
  3482 00001DC6 0404                    add al,0x4	; 00001C47  0404                              
  3483 00001DC8 0800                    or [bx+si],al	; 00001C49  0800                              
  3484 00001DCA 0000                    add [bx+si],al	; 00001C4B  0000                              
  3485 00001DCC 0007                    add [bx],al	; 00001C4D  0007                              
  3486 00001DCE 0404                    add al,0x4	; 00001C4F  0404                              
  3487 00001DD0 0404                    add al,0x4	; 00001C51  0404                              
  3488 00001DD2 0404                    add al,0x4	; 00001C53  0404                              
  3489 00001DD4 0800                    or [bx+si],al	; 00001C55  0800                              
  3490 00001DD6 0000                    add [bx+si],al	; 00001C57  0000                              
  3491 00001DD8 0007                    add [bx],al	; 00001C59  0007                              
  3492 00001DDA 0404                    add al,0x4	; 00001C5B  0404                              
  3493 00001DDC 0404                    add al,0x4	; 00001C5D  0404                              
  3494 00001DDE 0404                    add al,0x4	; 00001C5F  0404                              
  3495 00001DE0 0800                    or [bx+si],al	; 00001C61  0800                              
  3496 00001DE2 0000                    add [bx+si],al	; 00001C63  0000                              
  3497 00001DE4 0007                    add [bx],al	; 00001C65  0007                              
  3498 00001DE6 0800                    or [bx+si],al	; 00001C67  0800                              
  3499 00001DE8 0000                    add [bx+si],al	; 00001C69  0000                              
  3500 00001DEA 0007                    add [bx],al	; 00001C6B  0007                              
  3501 00001DEC 0404                    add al,0x4	; 00001C6D  0404                              
  3502 00001DEE 0800                    or [bx+si],al	; 00001C6F  0800                              
  3503 00001DF0 0000                    add [bx+si],al	; 00001C71  0000                              
  3504 00001DF2 0002                    add [bp+si],al	; 00001C73  0002                              
  3505 00001DF4 0300                    add ax,[bx+si]	; 00001C75  0300                              
  3506 00001DF6 0000                    add [bx+si],al	; 00001C77  0000                              
  3507 00001DF8 0002                    add [bp+si],al	; 00001C79  0002                              
  3508 00001DFA 0300                    add ax,[bx+si]	; 00001C7B  0300                              
  3509 00001DFC 0000                    add [bx+si],al	; 00001C7D  0000                              
  3510 00001DFE 0000                    add [bx+si],al	; 00001C7F  0000                              
  3511 00001E00 0000                    add [bx+si],al	; 00001C81  0000                              
  3512 00001E02 0000                    add [bx+si],al	; 00001C83  0000                              
  3513 00001E04 0000                    add [bx+si],al	; 00001C85  0000                              
  3514 00001E06 0000                    add [bx+si],al	; 00001C87  0000                              
  3515 00001E08 0000                    add [bx+si],al	; 00001C89  0000                              
  3516 00001E0A 0000                    add [bx+si],al	; 00001C8B  0000                              
  3517 00001E0C 0000                    add [bx+si],al	; 00001C8D  0000                              
  3518 00001E0E 0000                    add [bx+si],al	; 00001C8F  0000                              
  3519 00001E10 0000                    add [bx+si],al	; 00001C91  0000                              
  3520 00001E12 0000                    add [bx+si],al	; 00001C93  0000                              
  3521 00001E14 0000                    add [bx+si],al	; 00001C95  0000                              
  3522 00001E16 0000                    add [bx+si],al	; 00001C97  0000                              
  3523 00001E18 0000                    add [bx+si],al	; 00001C99  0000                              
  3524 00001E1A 0000                    add [bx+si],al	; 00001C9B  0000                              
  3525 00001E1C 0000                    add [bx+si],al	; 00001C9D  0000                              
  3526 00001E1E 0000                    add [bx+si],al	; 00001C9F  0000                              
  3527 00001E20 0000                    add [bx+si],al	; 00001CA1  0000                              
  3528 00001E22 0000                    add [bx+si],al	; 00001CA3  0000                              
  3529 00001E24 0000                    add [bx+si],al	; 00001CA5  0000                              
  3530 00001E26 0000                    add [bx+si],al	; 00001CA7  0000                              
  3531 00001E28 0000                    add [bx+si],al	; 00001CA9  0000                              
  3532 00001E2A 0000                    add [bx+si],al	; 00001CAB  0000                              
  3533 00001E2C 0000                    add [bx+si],al	; 00001CAD  0000                              
  3534 00001E2E 0000                    add [bx+si],al	; 00001CAF  0000                              
  3535 00001E30 0002                    add [bp+si],al	; 00001CB1  0002                              
  3536 00001E32 0300                    add ax,[bx+si]	; 00001CB3  0300                              
  3537 00001E34 0000                    add [bx+si],al	; 00001CB5  0000                              
  3538 00001E36 0002                    add [bp+si],al	; 00001CB7  0002                              
  3539 00001E38 0300                    add ax,[bx+si]	; 00001CB9  0300                              
  3540 00001E3A 0000                    add [bx+si],al	; 00001CBB  0000                              
  3541 00001E3C 0000                    add [bx+si],al	; 00001CBD  0000                              
  3542 00001E3E 0000                    add [bx+si],al	; 00001CBF  0000                              
  3543 00001E40 0000                    add [bx+si],al	; 00001CC1  0000                              
  3544 00001E42 0000                    add [bx+si],al	; 00001CC3  0000                              
  3545 00001E44 0000                    add [bx+si],al	; 00001CC5  0000                              
  3546 00001E46 0000                    add [bx+si],al	; 00001CC7  0000                              
  3547 00001E48 0000                    add [bx+si],al	; 00001CC9  0000                              
  3548 00001E4A 0000                    add [bx+si],al	; 00001CCB  0000                              
  3549 00001E4C 0000                    add [bx+si],al	; 00001CCD  0000                              
  3550 00001E4E 0000                    add [bx+si],al	; 00001CCF  0000                              
  3551 00001E50 0000                    add [bx+si],al	; 00001CD1  0000                              
  3552 00001E52 0000                    add [bx+si],al	; 00001CD3  0000                              
  3553 00001E54 0000                    add [bx+si],al	; 00001CD5  0000                              
  3554 00001E56 0000                    add [bx+si],al	; 00001CD7  0000                              
  3555 00001E58 0000                    add [bx+si],al	; 00001CD9  0000                              
  3556 00001E5A 0000                    add [bx+si],al	; 00001CDB  0000                              
  3557 00001E5C 0000                    add [bx+si],al	; 00001CDD  0000                              
  3558 00001E5E 0000                    add [bx+si],al	; 00001CDF  0000                              
  3559 00001E60 0000                    add [bx+si],al	; 00001CE1  0000                              
  3560 00001E62 0000                    add [bx+si],al	; 00001CE3  0000                              
  3561 00001E64 0000                    add [bx+si],al	; 00001CE5  0000                              
  3562 00001E66 0000                    add [bx+si],al	; 00001CE7  0000                              
  3563 00001E68 0000                    add [bx+si],al	; 00001CE9  0000                              
  3564 00001E6A 0000                    add [bx+si],al	; 00001CEB  0000                              
  3565 00001E6C 0000                    add [bx+si],al	; 00001CED  0000                              
  3566 00001E6E 0002                    add [bp+si],al	; 00001CEF  0002                              
  3567 00001E70 0300                    add ax,[bx+si]	; 00001CF1  0300                              
  3568 00001E72 0000                    add [bx+si],al	; 00001CF3  0000                              
  3569 00001E74 0002                    add [bp+si],al	; 00001CF5  0002                              
  3570 00001E76 0300                    add ax,[bx+si]	; 00001CF7  0300                              
  3571 00001E78 0000                    add [bx+si],al	; 00001CF9  0000                              
  3572 00001E7A 0000                    add [bx+si],al	; 00001CFB  0000                              
  3573 00001E7C 0000                    add [bx+si],al	; 00001CFD  0000                              
  3574 00001E7E 0000                    add [bx+si],al	; 00001CFF  0000                              
  3575 00001E80 0000                    add [bx+si],al	; 00001D01  0000                              
  3576 00001E82 0000                    add [bx+si],al	; 00001D03  0000                              
  3577 00001E84 0000                    add [bx+si],al	; 00001D05  0000                              
  3578 00001E86 0000                    add [bx+si],al	; 00001D07  0000                              
  3579 00001E88 0000                    add [bx+si],al	; 00001D09  0000                              
  3580 00001E8A 0000                    add [bx+si],al	; 00001D0B  0000                              
  3581 00001E8C 0000                    add [bx+si],al	; 00001D0D  0000                              
  3582 00001E8E 0000                    add [bx+si],al	; 00001D0F  0000                              
  3583 00001E90 0000                    add [bx+si],al	; 00001D11  0000                              
  3584 00001E92 0000                    add [bx+si],al	; 00001D13  0000                              
  3585 00001E94 0000                    add [bx+si],al	; 00001D15  0000                              
  3586 00001E96 0000                    add [bx+si],al	; 00001D17  0000                              
  3587 00001E98 0000                    add [bx+si],al	; 00001D19  0000                              
  3588 00001E9A 0000                    add [bx+si],al	; 00001D1B  0000                              
  3589 00001E9C 0000                    add [bx+si],al	; 00001D1D  0000                              
  3590 00001E9E 0000                    add [bx+si],al	; 00001D1F  0000                              
  3591 00001EA0 0000                    add [bx+si],al	; 00001D21  0000                              
  3592 00001EA2 0000                    add [bx+si],al	; 00001D23  0000                              
  3593 00001EA4 0000                    add [bx+si],al	; 00001D25  0000                              
  3594 00001EA6 0000                    add [bx+si],al	; 00001D27  0000                              
  3595 00001EA8 0000                    add [bx+si],al	; 00001D29  0000                              
  3596 00001EAA 0000                    add [bx+si],al	; 00001D2B  0000                              
  3597 00001EAC 0002                    add [bp+si],al	; 00001D2D  0002                              
  3598 00001EAE 0300                    add ax,[bx+si]	; 00001D2F  0300                              
  3599 00001EB0 0000                    add [bx+si],al	; 00001D31  0000                              
  3600 00001EB2 0002                    add [bp+si],al	; 00001D33  0002                              
  3601 00001EB4 0F1300                  movlps qword [bx+si],xmm0	; 00001D35  0F1300                            
  3602 00001EB7 0000                    add [bx+si],al	; 00001D38  0000                              
  3603 00001EB9 0000                    add [bx+si],al	; 00001D3A  0000                              
  3604 00001EBB 0000                    add [bx+si],al	; 00001D3C  0000                              
  3605 00001EBD 0000                    add [bx+si],al	; 00001D3E  0000                              
  3606 00001EBF 0000                    add [bx+si],al	; 00001D40  0000                              
  3607 00001EC1 0000                    add [bx+si],al	; 00001D42  0000                              
  3608 00001EC3 0000                    add [bx+si],al	; 00001D44  0000                              
  3609 00001EC5 0000                    add [bx+si],al	; 00001D46  0000                              
  3610 00001EC7 0000                    add [bx+si],al	; 00001D48  0000                              
  3611 00001EC9 0000                    add [bx+si],al	; 00001D4A  0000                              
  3612 00001ECB 0000                    add [bx+si],al	; 00001D4C  0000                              
  3613 00001ECD 0000                    add [bx+si],al	; 00001D4E  0000                              
  3614 00001ECF 0000                    add [bx+si],al	; 00001D50  0000                              
  3615 00001ED1 0000                    add [bx+si],al	; 00001D52  0000                              
  3616 00001ED3 0000                    add [bx+si],al	; 00001D54  0000                              
  3617 00001ED5 0000                    add [bx+si],al	; 00001D56  0000                              
  3618 00001ED7 0000                    add [bx+si],al	; 00001D58  0000                              
  3619 00001ED9 0000                    add [bx+si],al	; 00001D5A  0000                              
  3620 00001EDB 0000                    add [bx+si],al	; 00001D5C  0000                              
  3621 00001EDD 0000                    add [bx+si],al	; 00001D5E  0000                              
  3622 00001EDF 0000                    add [bx+si],al	; 00001D60  0000                              
  3623 00001EE1 0000                    add [bx+si],al	; 00001D62  0000                              
  3624 00001EE3 0000                    add [bx+si],al	; 00001D64  0000                              
  3625 00001EE5 0000                    add [bx+si],al	; 00001D66  0000                              
  3626 00001EE7 0000                    add [bx+si],al	; 00001D68  0000                              
  3627 00001EE9 0000                    add [bx+si],al	; 00001D6A  0000                              
  3628 00001EEB 0203                    add al,[bp+di]	; 00001D6C  0203                              
  3629 00001EED 0000                    add [bx+si],al	; 00001D6E  0000                              
  3630 00001EEF 0000                    add [bx+si],al	; 00001D70  0000                              
  3631 00001EF1 0200                    add al,[bx+si]	; 00001D72  0200                              
  3632 00001EF3 0901                    or [bx+di],ax	; 00001D74  0901                              
  3633 00001EF5 0101                    add [bx+di],ax	; 00001D76  0101                              
  3634 00001EF7 01060000                add [0x0],ax	; 00001D78  01060000                          
  3635 00001EFB 0000                    add [bx+si],al	; 00001D7C  0000                              
  3636 00001EFD 83C006                  add ax,0x6	; 00001D7E  050600                            
  3637 00001F00 0000                    add [bx+si],al	; 00001D81  0000                              
  3638 00001F02 0005                    add [di],al	; 00001D83  0005                              
  3639 00001F04 0101                    add [bx+di],ax	; 00001D85  0101                              
  3640 00001F06 0101                    add [bx+di],ax	; 00001D87  0101                              
  3641 00001F08 0101                    add [bx+di],ax	; 00001D89  0101                              
  3642 00001F0A 06                      push es	; 00001D8B  06                                
  3643 00001F0B 0000                    add [bx+si],al	; 00001D8C  0000                              
  3644 00001F0D 0000                    add [bx+si],al	; 00001D8E  0000                              
  3645 00001F0F 050101                  add ax,0x101	; 00001D90  050101                            
  3646 00001F12 0101                    add [bx+di],ax	; 00001D93  0101                              
  3647 00001F14 0101                    add [bx+di],ax	; 00001D95  0101                              
  3648 00001F16 0101                    add [bx+di],ax	; 00001D97  0101                              
  3649 00001F18 0101                    add [bx+di],ax	; 00001D99  0101                              
  3650 00001F1A 0101                    add [bx+di],ax	; 00001D9B  0101                              
  3651 00001F1C 06                      push es	; 00001D9D  06                                
  3652 00001F1D 0000                    add [bx+si],al	; 00001D9E  0000                              
  3653 00001F1F 0000                    add [bx+si],al	; 00001DA0  0000                              
  3654 00001F21 050101                  add ax,0x101	; 00001DA2  050101                            
  3655 00001F24 06                      push es	; 00001DA5  06                                
  3656 00001F25 0000                    add [bx+si],al	; 00001DA6  0000                              
  3657 00001F27 0000                    add [bx+si],al	; 00001DA8  0000                              
  3658 00001F29 0203                    add al,[bp+di]	; 00001DAA  0203                              
  3659 00001F2B 0000                    add [bx+si],al	; 00001DAC  0000                              
  3660 00001F2D 0000                    add [bx+si],al	; 00001DAE  0000                              
  3661 00001F2F 0200                    add al,[bx+si]	; 00001DB0  0200                              
  3662 00001F31 1004                    adc [si],al	; 00001DB2  1004                              
  3663 00001F33 0404                    add al,0x4	; 00001DB4  0404                              
  3664 00001F35 0408                    add al,0x8	; 00001DB6  0408                              
  3665 00001F37 0000                    add [bx+si],al	; 00001DB8  0000                              
  3666 00001F39 0000                    add [bx+si],al	; 00001DBA  0000                              
  3667 00001F3B 0203                    add al,[bp+di]	; 00001DBC  0203                              
  3668 00001F3D 0000                    add [bx+si],al	; 00001DBE  0000                              
  3669 00001F3F 0000                    add [bx+si],al	; 00001DC0  0000                              
  3670 00001F41 07                      pop es	; 00001DC2  07                                
  3671 00001F42 0404                    add al,0x4	; 00001DC3  0404                              
  3672 00001F44 0404                    add al,0x4	; 00001DC5  0404                              
  3673 00001F46 0404                    add al,0x4	; 00001DC7  0404                              
  3674 00001F48 0800                    or [bx+si],al	; 00001DC9  0800                              
  3675 00001F4A 0000                    add [bx+si],al	; 00001DCB  0000                              
  3676 00001F4C 0007                    add [bx],al	; 00001DCD  0007                              
  3677 00001F4E 0404                    add al,0x4	; 00001DCF  0404                              
  3678 00001F50 0404                    add al,0x4	; 00001DD1  0404                              
  3679 00001F52 0C00                    or al,0x0	; 00001DD3  0C00                              
  3680 00001F54 0010                    add [bx+si],dl	; 00001DD5  0010                              
  3681 00001F56 0404                    add al,0x4	; 00001DD7  0404                              
  3682 00001F58 0404                    add al,0x4	; 00001DD9  0404                              
  3683 00001F5A 0800                    or [bx+si],al	; 00001DDB  0800                              
  3684 00001F5C 0000                    add [bx+si],al	; 00001DDD  0000                              
  3685 00001F5E 0002                    add [bp+si],al	; 00001DDF  0002                              
  3686 00001F60 0000                    add [bx+si],al	; 00001DE1  0000                              
  3687 00001F62 0300                    add ax,[bx+si]	; 00001DE3  0300                              
  3688 00001F64 0000                    add [bx+si],al	; 00001DE5  0000                              
  3689 00001F66 0002                    add [bp+si],al	; 00001DE7  0002                              
  3690 00001F68 0300                    add ax,[bx+si]	; 00001DE9  0300                              
  3691 00001F6A 0000                    add [bx+si],al	; 00001DEB  0000                              
  3692 00001F6C 0002                    add [bp+si],al	; 00001DED  0002                              
  3693 00001F6E 0B11                    or dx,[bx+di]	; 00001DEF  0B11                              
  3694 00001F70 0000                    add [bx+si],al	; 00001DF1  0000                              
  3695 00001F72 0000                    add [bx+si],al	; 00001DF3  0000                              
  3696 00001F74 0000                    add [bx+si],al	; 00001DF5  0000                              
  3697 00001F76 0000                    add [bx+si],al	; 00001DF7  0000                              
  3698 00001F78 0002                    add [bp+si],al	; 00001DF9  0002                              
  3699 00001F7A 0300                    add ax,[bx+si]	; 00001DFB  0300                              
  3700 00001F7C 0000                    add [bx+si],al	; 00001DFD  0000                              
  3701 00001F7E 0000                    add [bx+si],al	; 00001DFF  0000                              
  3702 00001F80 0000                    add [bx+si],al	; 00001E01  0000                              
  3703 00001F82 0000                    add [bx+si],al	; 00001E03  0000                              
  3704 00001F84 0000                    add [bx+si],al	; 00001E05  0000                              
  3705 00001F86 0000                    add [bx+si],al	; 00001E07  0000                              
  3706 00001F88 0000                    add [bx+si],al	; 00001E09  0000                              
  3707 00001F8A 0000                    add [bx+si],al	; 00001E0B  0000                              
  3708 00001F8C 0000                    add [bx+si],al	; 00001E0D  0000                              
  3709 00001F8E 0000                    add [bx+si],al	; 00001E0F  0000                              
  3710 00001F90 120E0B11                adc cl,[0x110b]	; 00001E11  120E0B11                          
  3711 00001F94 0000                    add [bx+si],al	; 00001E15  0000                              
  3712 00001F96 0000                    add [bx+si],al	; 00001E17  0000                              
  3713 00001F98 0000                    add [bx+si],al	; 00001E19  0000                              
  3714 00001F9A 0000                    add [bx+si],al	; 00001E1B  0000                              
  3715 00001F9C 0002                    add [bp+si],al	; 00001E1D  0002                              
  3716 00001F9E 0000                    add [bx+si],al	; 00001E1F  0000                              
  3717 00001FA0 0300                    add ax,[bx+si]	; 00001E21  0300                              
  3718 00001FA2 0000                    add [bx+si],al	; 00001E23  0000                              
  3719 00001FA4 0002                    add [bp+si],al	; 00001E25  0002                              
  3720 00001FA6 0300                    add ax,[bx+si]	; 00001E27  0300                              
  3721 00001FA8 0000                    add [bx+si],al	; 00001E29  0000                              
  3722 00001FAA 0002                    add [bp+si],al	; 00001E2B  0002                              
  3723 00001FAC 0300                    add ax,[bx+si]	; 00001E2D  0300                              
  3724 00001FAE 0000                    add [bx+si],al	; 00001E2F  0000                              
  3725 00001FB0 0000                    add [bx+si],al	; 00001E31  0000                              
  3726 00001FB2 0000                    add [bx+si],al	; 00001E33  0000                              
  3727 00001FB4 0000                    add [bx+si],al	; 00001E35  0000                              
  3728 00001FB6 0002                    add [bp+si],al	; 00001E37  0002                              
  3729 00001FB8 0300                    add ax,[bx+si]	; 00001E39  0300                              
  3730 00001FBA 0000                    add [bx+si],al	; 00001E3B  0000                              
  3731 00001FBC 0000                    add [bx+si],al	; 00001E3D  0000                              
  3732 00001FBE 0000                    add [bx+si],al	; 00001E3F  0000                              
  3733 00001FC0 0000                    add [bx+si],al	; 00001E41  0000                              
  3734 00001FC2 0000                    add [bx+si],al	; 00001E43  0000                              
  3735 00001FC4 0000                    add [bx+si],al	; 00001E45  0000                              
  3736 00001FC6 0000                    add [bx+si],al	; 00001E47  0000                              
  3737 00001FC8 0000                    add [bx+si],al	; 00001E49  0000                              
  3738 00001FCA 0000                    add [bx+si],al	; 00001E4B  0000                              
  3739 00001FCC 0000                    add [bx+si],al	; 00001E4D  0000                              
  3740 00001FCE 0002                    add [bp+si],al	; 00001E4F  0002                              
  3741 00001FD0 0300                    add ax,[bx+si]	; 00001E51  0300                              
  3742 00001FD2 0000                    add [bx+si],al	; 00001E53  0000                              
  3743 00001FD4 0000                    add [bx+si],al	; 00001E55  0000                              
  3744 00001FD6 0000                    add [bx+si],al	; 00001E57  0000                              
  3745 00001FD8 0000                    add [bx+si],al	; 00001E59  0000                              
  3746 00001FDA 0002                    add [bp+si],al	; 00001E5B  0002                              
  3747 00001FDC 0000                    add [bx+si],al	; 00001E5D  0000                              
  3748 00001FDE 0300                    add ax,[bx+si]	; 00001E5F  0300                              
  3749 00001FE0 0000                    add [bx+si],al	; 00001E61  0000                              
  3750 00001FE2 0002                    add [bp+si],al	; 00001E63  0002                              
  3751 00001FE4 0300                    add ax,[bx+si]	; 00001E65  0300                              
  3752 00001FE6 0000                    add [bx+si],al	; 00001E67  0000                              
  3753 00001FE8 0002                    add [bp+si],al	; 00001E69  0002                              
  3754 00001FEA 0300                    add ax,[bx+si]	; 00001E6B  0300                              
  3755 00001FEC 0000                    add [bx+si],al	; 00001E6D  0000                              
  3756 00001FEE 0000                    add [bx+si],al	; 00001E6F  0000                              
  3757 00001FF0 0000                    add [bx+si],al	; 00001E71  0000                              
  3758 00001FF2 0000                    add [bx+si],al	; 00001E73  0000                              
  3759 00001FF4 0002                    add [bp+si],al	; 00001E75  0002                              
  3760 00001FF6 0300                    add ax,[bx+si]	; 00001E77  0300                              
  3761 00001FF8 0000                    add [bx+si],al	; 00001E79  0000                              
  3762 00001FFA 0000                    add [bx+si],al	; 00001E7B  0000                              
  3763 00001FFC 0000                    add [bx+si],al	; 00001E7D  0000                              
  3764 00001FFE 0000                    add [bx+si],al	; 00001E7F  0000                              
  3765 00002000 0000                    add [bx+si],al	; 00001E81  0000                              
  3766 00002002 0000                    add [bx+si],al	; 00001E83  0000                              
  3767 00002004 0000                    add [bx+si],al	; 00001E85  0000                              
  3768 00002006 0000                    add [bx+si],al	; 00001E87  0000                              
  3769 00002008 0000                    add [bx+si],al	; 00001E89  0000                              
  3770 0000200A 0000                    add [bx+si],al	; 00001E8B  0000                              
  3771 0000200C 0002                    add [bp+si],al	; 00001E8D  0002                              
  3772 0000200E 0300                    add ax,[bx+si]	; 00001E8F  0300                              
  3773 00002010 0000                    add [bx+si],al	; 00001E91  0000                              
  3774 00002012 0000                    add [bx+si],al	; 00001E93  0000                              
  3775 00002014 0000                    add [bx+si],al	; 00001E95  0000                              
  3776 00002016 0000                    add [bx+si],al	; 00001E97  0000                              
  3777 00002018 0002                    add [bp+si],al	; 00001E99  0002                              
  3778 0000201A 0000                    add [bx+si],al	; 00001E9B  0000                              
  3779 0000201C 0300                    add ax,[bx+si]	; 00001E9D  0300                              
  3780 0000201E 0000                    add [bx+si],al	; 00001E9F  0000                              
  3781 00002020 0002                    add [bp+si],al	; 00001EA1  0002                              
  3782 00002022 0300                    add ax,[bx+si]	; 00001EA3  0300                              
  3783 00002024 0000                    add [bx+si],al	; 00001EA5  0000                              
  3784 00002026 0007                    add [bx],al	; 00001EA7  0007                              
  3785 00002028 0800                    or [bx+si],al	; 00001EA9  0800                              
  3786 0000202A 0000                    add [bx+si],al	; 00001EAB  0000                              
  3787 0000202C 0000                    add [bx+si],al	; 00001EAD  0000                              
  3788 0000202E 0000                    add [bx+si],al	; 00001EAF  0000                              
  3789 00002030 0000                    add [bx+si],al	; 00001EB1  0000                              
  3790 00002032 0007                    add [bx],al	; 00001EB3  0007                              
  3791 00002034 0800                    or [bx+si],al	; 00001EB5  0800                              
  3792 00002036 0000                    add [bx+si],al	; 00001EB7  0000                              
  3793 00002038 0000                    add [bx+si],al	; 00001EB9  0000                              
  3794 0000203A 0000                    add [bx+si],al	; 00001EBB  0000                              
  3795 0000203C 0000                    add [bx+si],al	; 00001EBD  0000                              
  3796 0000203E 0000                    add [bx+si],al	; 00001EBF  0000                              
  3797 00002040 0000                    add [bx+si],al	; 00001EC1  0000                              
  3798 00002042 0000                    add [bx+si],al	; 00001EC3  0000                              
  3799 00002044 0000                    add [bx+si],al	; 00001EC5  0000                              
  3800 00002046 0000                    add [bx+si],al	; 00001EC7  0000                              
  3801 00002048 0000                    add [bx+si],al	; 00001EC9  0000                              
  3802 0000204A 0007                    add [bx],al	; 00001ECB  0007                              
  3803 0000204C 0800                    or [bx+si],al	; 00001ECD  0800                              
  3804 0000204E 0000                    add [bx+si],al	; 00001ECF  0000                              
  3805 00002050 0000                    add [bx+si],al	; 00001ED1  0000                              
  3806 00002052 0000                    add [bx+si],al	; 00001ED3  0000                              
  3807 00002054 0000                    add [bx+si],al	; 00001ED5  0000                              
  3808 00002056 0007                    add [bx],al	; 00001ED7  0007                              
  3809 00002058 0404                    add al,0x4	; 00001ED9  0404                              
  3810 0000205A 0800                    or [bx+si],al	; 00001EDB  0800                              
  3811 0000205C 0000                    add [bx+si],al	; 00001EDD  0000                              
  3812 0000205E 0002                    add [bp+si],al	; 00001EDF  0002                              
  3813 00002060 0300                    add ax,[bx+si]	; 00001EE1  0300                              
  3814 00002062 0000                    add [bx+si],al	; 00001EE3  0000                              
  3815 00002064 0000                    add [bx+si],al	; 00001EE5  0000                              
  3816 00002066 0000                    add [bx+si],al	; 00001EE7  0000                              
  3817 00002068 0000                    add [bx+si],al	; 00001EE9  0000                              
  3818 0000206A 0005                    add [di],al	; 00001EEB  0005                              
  3819 0000206C 06                      push es	; 00001EED  06                                
  3820 0000206D 0000                    add [bx+si],al	; 00001EEE  0000                              
  3821 0000206F 0000                    add [bx+si],al	; 00001EF0  0000                              
  3822 00002071 0000                    add [bx+si],al	; 00001EF2  0000                              
  3823 00002073 0000                    add [bx+si],al	; 00001EF4  0000                              
  3824 00002075 0000                    add [bx+si],al	; 00001EF6  0000                              
  3825 00002077 83C006                  add ax,0x6	; 00001EF8  050600                            
  3826 0000207A 0000                    add [bx+si],al	; 00001EFB  0000                              
  3827 0000207C 0005                    add [di],al	; 00001EFD  0005                              
  3828 0000207E 0101                    add [bx+di],ax	; 00001EFF  0101                              
  3829 00002080 0101                    add [bx+di],ax	; 00001F01  0101                              
  3830 00002082 0101                    add [bx+di],ax	; 00001F03  0101                              
  3831 00002084 06                      push es	; 00001F05  06                                
  3832 00002085 0000                    add [bx+si],al	; 00001F06  0000                              
  3833 00002087 0000                    add [bx+si],al	; 00001F08  0000                              
  3834 00002089 0000                    add [bx+si],al	; 00001F0A  0000                              
  3835 0000208B 0000                    add [bx+si],al	; 00001F0C  0000                              
  3836 0000208D 0000                    add [bx+si],al	; 00001F0E  0000                              
  3837 0000208F 83C006                  add ax,0x6	; 00001F10  050600                            
  3838 00002092 0000                    add [bx+si],al	; 00001F13  0000                              
  3839 00002094 0000                    add [bx+si],al	; 00001F15  0000                              
  3840 00002096 0000                    add [bx+si],al	; 00001F17  0000                              
  3841 00002098 0000                    add [bx+si],al	; 00001F19  0000                              
  3842 0000209A 0000                    add [bx+si],al	; 00001F1B  0000                              
  3843 0000209C 0002                    add [bp+si],al	; 00001F1D  0002                              
  3844 0000209E 0300                    add ax,[bx+si]	; 00001F1F  0300                              
  3845 000020A0 0000                    add [bx+si],al	; 00001F21  0000                              
  3846 000020A2 0000                    add [bx+si],al	; 00001F23  0000                              
  3847 000020A4 0000                    add [bx+si],al	; 00001F25  0000                              
  3848 000020A6 0000                    add [bx+si],al	; 00001F27  0000                              
  3849 000020A8 0002                    add [bp+si],al	; 00001F29  0002                              
  3850 000020AA 0300                    add ax,[bx+si]	; 00001F2B  0300                              
  3851 000020AC 0000                    add [bx+si],al	; 00001F2D  0000                              
  3852 000020AE 0000                    add [bx+si],al	; 00001F2F  0000                              
  3853 000020B0 0000                    add [bx+si],al	; 00001F31  0000                              
  3854 000020B2 0000                    add [bx+si],al	; 00001F33  0000                              
  3855 000020B4 0002                    add [bp+si],al	; 00001F35  0002                              
  3856 000020B6 0300                    add ax,[bx+si]	; 00001F37  0300                              
  3857 000020B8 0000                    add [bx+si],al	; 00001F39  0000                              
  3858 000020BA 0002                    add [bp+si],al	; 00001F3B  0002                              
  3859 000020BC 0000                    add [bx+si],al	; 00001F3D  0000                              
  3860 000020BE 0000                    add [bx+si],al	; 00001F3F  0000                              
  3861 000020C0 0000                    add [bx+si],al	; 00001F41  0000                              
  3862 000020C2 0300                    add ax,[bx+si]	; 00001F43  0300                              
  3863 000020C4 0000                    add [bx+si],al	; 00001F45  0000                              
  3864 000020C6 0000                    add [bx+si],al	; 00001F47  0000                              
  3865 000020C8 0000                    add [bx+si],al	; 00001F49  0000                              
  3866 000020CA 0000                    add [bx+si],al	; 00001F4B  0000                              
  3867 000020CC 0002                    add [bp+si],al	; 00001F4D  0002                              
  3868 000020CE 0300                    add ax,[bx+si]	; 00001F4F  0300                              
  3869 000020D0 0000                    add [bx+si],al	; 00001F51  0000                              
  3870 000020D2 0000                    add [bx+si],al	; 00001F53  0000                              
  3871 000020D4 0000                    add [bx+si],al	; 00001F55  0000                              
  3872 000020D6 0000                    add [bx+si],al	; 00001F57  0000                              
  3873 000020D8 0000                    add [bx+si],al	; 00001F59  0000                              
  3874 000020DA 0002                    add [bp+si],al	; 00001F5B  0002                              
  3875 000020DC 0300                    add ax,[bx+si]	; 00001F5D  0300                              
  3876 000020DE 0000                    add [bx+si],al	; 00001F5F  0000                              
  3877 000020E0 0000                    add [bx+si],al	; 00001F61  0000                              
  3878 000020E2 0000                    add [bx+si],al	; 00001F63  0000                              
  3879 000020E4 0000                    add [bx+si],al	; 00001F65  0000                              
  3880 000020E6 0002                    add [bp+si],al	; 00001F67  0002                              
  3881 000020E8 0300                    add ax,[bx+si]	; 00001F69  0300                              
  3882 000020EA 0000                    add [bx+si],al	; 00001F6B  0000                              
  3883 000020EC 0000                    add [bx+si],al	; 00001F6D  0000                              
  3884 000020EE 0000                    add [bx+si],al	; 00001F6F  0000                              
  3885 000020F0 0000                    add [bx+si],al	; 00001F71  0000                              
  3886 000020F2 0002                    add [bp+si],al	; 00001F73  0002                              
  3887 000020F4 0300                    add ax,[bx+si]	; 00001F75  0300                              
  3888 000020F6 0000                    add [bx+si],al	; 00001F77  0000                              
  3889 000020F8 0002                    add [bp+si],al	; 00001F79  0002                              
  3890 000020FA 0000                    add [bx+si],al	; 00001F7B  0000                              
  3891 000020FC 0000                    add [bx+si],al	; 00001F7D  0000                              
  3892 000020FE 0000                    add [bx+si],al	; 00001F7F  0000                              
  3893 00002100 0300                    add ax,[bx+si]	; 00001F81  0300                              
  3894 00002102 0000                    add [bx+si],al	; 00001F83  0000                              
  3895 00002104 0000                    add [bx+si],al	; 00001F85  0000                              
  3896 00002106 0000                    add [bx+si],al	; 00001F87  0000                              
  3897 00002108 0000                    add [bx+si],al	; 00001F89  0000                              
  3898 0000210A 0002                    add [bp+si],al	; 00001F8B  0002                              
  3899 0000210C 0300                    add ax,[bx+si]	; 00001F8D  0300                              
  3900 0000210E 0000                    add [bx+si],al	; 00001F8F  0000                              
  3901 00002110 0000                    add [bx+si],al	; 00001F91  0000                              
  3902 00002112 0000                    add [bx+si],al	; 00001F93  0000                              
  3903 00002114 0000                    add [bx+si],al	; 00001F95  0000                              
  3904 00002116 0000                    add [bx+si],al	; 00001F97  0000                              
  3905 00002118 0002                    add [bp+si],al	; 00001F99  0002                              
  3906 0000211A 0300                    add ax,[bx+si]	; 00001F9B  0300                              
  3907 0000211C 0000                    add [bx+si],al	; 00001F9D  0000                              
  3908 0000211E 0000                    add [bx+si],al	; 00001F9F  0000                              
  3909 00002120 0000                    add [bx+si],al	; 00001FA1  0000                              
  3910 00002122 0000                    add [bx+si],al	; 00001FA3  0000                              
  3911 00002124 140A                    adc al,0xa	; 00001FA5  140A                              
  3912 00002126 0300                    add ax,[bx+si]	; 00001FA7  0300                              
  3913 00002128 0000                    add [bx+si],al	; 00001FA9  0000                              
  3914 0000212A 0000                    add [bx+si],al	; 00001FAB  0000                              
  3915 0000212C 0000                    add [bx+si],al	; 00001FAD  0000                              
  3916 0000212E 0000                    add [bx+si],al	; 00001FAF  0000                              
  3917 00002130 140A                    adc al,0xa	; 00001FB1  140A                              
  3918 00002132 0300                    add ax,[bx+si]	; 00001FB3  0300                              
  3919 00002134 0000                    add [bx+si],al	; 00001FB5  0000                              
  3920 00002136 0002                    add [bp+si],al	; 00001FB7  0002                              
  3921 00002138 0000                    add [bx+si],al	; 00001FB9  0000                              
  3922 0000213A 0000                    add [bx+si],al	; 00001FBB  0000                              
  3923 0000213C 0000                    add [bx+si],al	; 00001FBD  0000                              
  3924 0000213E 83D800                  sbb ax,0x0	; 00001FBF  1D0000                            
  3925 00002141 0000                    add [bx+si],al	; 00001FC2  0000                              
  3926 00002143 0000                    add [bx+si],al	; 00001FC4  0000                              
  3927 00002145 0000                    add [bx+si],al	; 00001FC6  0000                              
  3928 00002147 0014                    add [si],dl	; 00001FC8  0014                              
  3929 00002149 0A03                    or al,[bp+di]	; 00001FCA  0A03                              
  3930 0000214B 0000                    add [bx+si],al	; 00001FCC  0000                              
  3931 0000214D 0000                    add [bx+si],al	; 00001FCE  0000                              
  3932 0000214F 0000                    add [bx+si],al	; 00001FD0  0000                              
  3933 00002151 0000                    add [bx+si],al	; 00001FD2  0000                              
  3934 00002153 0000                    add [bx+si],al	; 00001FD4  0000                              
  3935 00002155 0014                    add [si],dl	; 00001FD6  0014                              
  3936 00002157 0A03                    or al,[bp+di]	; 00001FD8  0A03                              
  3937 00002159 0000                    add [bx+si],al	; 00001FDA  0000                              
  3938 0000215B 0000                    add [bx+si],al	; 00001FDC  0000                              
  3939 0000215D 050101                  add ax,0x101	; 00001FDE  050101                            
  3940 00002160 0101                    add [bx+di],ax	; 00001FE1  0101                              
  3941 00002162 0D0003                  or ax,0x300	; 00001FE3  0D0003                            
  3942 00002165 0000                    add [bx+si],al	; 00001FE6  0000                              
  3943 00002167 0000                    add [bx+si],al	; 00001FE8  0000                              
  3944 00002169 050101                  add ax,0x101	; 00001FEA  050101                            
  3945 0000216C 0101                    add [bx+di],ax	; 00001FED  0101                              
  3946 0000216E 0D0003                  or ax,0x300	; 00001FEF  0D0003                            
  3947 00002171 0000                    add [bx+si],al	; 00001FF2  0000                              
  3948 00002173 0000                    add [bx+si],al	; 00001FF4  0000                              
  3949 00002175 0200                    add al,[bx+si]	; 00001FF6  0200                              
  3950 00002177 0000                    add [bx+si],al	; 00001FF8  0000                              
  3951 00002179 0000                    add [bx+si],al	; 00001FFA  0000                              
  3952 0000217B 001D                    add [di],bl	; 00001FFC  001D                              
  3953 0000217D 0000                    add [bx+si],al	; 00001FFE  0000                              
  3954 0000217F 0000                    add [bx+si],al	; 00002000  0000                              
  3955 00002181 050101                  add ax,0x101	; 00002002  050101                            
  3956 00002184 0101                    add [bx+di],ax	; 00002005  0101                              
  3957 00002186 0D0003                  or ax,0x300	; 00002007  0D0003                            
  3958 00002189 0000                    add [bx+si],al	; 0000200A  0000                              
  3959 0000218B 0000                    add [bx+si],al	; 0000200C  0000                              
  3960 0000218D 050101                  add ax,0x101	; 0000200E  050101                            
  3961 00002190 0101                    add [bx+di],ax	; 00002011  0101                              
  3962 00002192 0101                    add [bx+di],ax	; 00002013  0101                              
  3963 00002194 0D0003                  or ax,0x300	; 00002015  0D0003                            
  3964 00002197 0000                    add [bx+si],al	; 00002018  0000                              
  3965 00002199 0000                    add [bx+si],al	; 0000201A  0000                              
  3966 0000219B 07                      pop es	; 0000201C  07                                
  3967 0000219C 0404                    add al,0x4	; 0000201D  0404                              
  3968 0000219E 0404                    add al,0x4	; 0000201F  0404                              
  3969 000021A0 0C00                    or al,0x0	; 00002021  0C00                              
  3970 000021A2 0300                    add ax,[bx+si]	; 00002023  0300                              
  3971 000021A4 0000                    add [bx+si],al	; 00002025  0000                              
  3972 000021A6 0007                    add [bx],al	; 00002027  0007                              
  3973 000021A8 0404                    add al,0x4	; 00002029  0404                              
  3974 000021AA 0404                    add al,0x4	; 0000202B  0404                              
  3975 000021AC 0C00                    or al,0x0	; 0000202D  0C00                              
  3976 000021AE 0300                    add ax,[bx+si]	; 0000202F  0300                              
  3977 000021B0 0000                    add [bx+si],al	; 00002031  0000                              
  3978 000021B2 0002                    add [bp+si],al	; 00002033  0002                              
  3979 000021B4 0000                    add [bx+si],al	; 00002035  0000                              
  3980 000021B6 0000                    add [bx+si],al	; 00002037  0000                              
  3981 000021B8 0000                    add [bx+si],al	; 00002039  0000                              
  3982 000021BA 83D800                  sbb ax,0x0	; 0000203B  1D0000                            
  3983 000021BD 0000                    add [bx+si],al	; 0000203E  0000                              
  3984 000021BF 07                      pop es	; 00002040  07                                
  3985 000021C0 0404                    add al,0x4	; 00002041  0404                              
  3986 000021C2 0404                    add al,0x4	; 00002043  0404                              
  3987 000021C4 0C00                    or al,0x0	; 00002045  0C00                              
  3988 000021C6 0300                    add ax,[bx+si]	; 00002047  0300                              
  3989 000021C8 0000                    add [bx+si],al	; 00002049  0000                              
  3990 000021CA 0007                    add [bx],al	; 0000204B  0007                              
  3991 000021CC 0404                    add al,0x4	; 0000204D  0404                              
  3992 000021CE 0404                    add al,0x4	; 0000204F  0404                              
  3993 000021D0 0404                    add al,0x4	; 00002051  0404                              
  3994 000021D2 0C00                    or al,0x0	; 00002053  0C00                              
  3995 000021D4 0300                    add ax,[bx+si]	; 00002055  0300                              
  3996 000021D6 0000                    add [bx+si],al	; 00002057  0000                              
  3997 000021D8 0000                    add [bx+si],al	; 00002059  0000                              
  3998 000021DA 0000                    add [bx+si],al	; 0000205B  0000                              
  3999 000021DC 0000                    add [bx+si],al	; 0000205D  0000                              
  4000 000021DE 120E0300                adc cl,[0x3]	; 0000205F  120E0300                          
  4001 000021E2 0000                    add [bx+si],al	; 00002063  0000                              
  4002 000021E4 0000                    add [bx+si],al	; 00002065  0000                              
  4003 000021E6 0000                    add [bx+si],al	; 00002067  0000                              
  4004 000021E8 0000                    add [bx+si],al	; 00002069  0000                              
  4005 000021EA 120E0300                adc cl,[0x3]	; 0000206B  120E0300                          
  4006 000021EE 0000                    add [bx+si],al	; 0000206F  0000                              
  4007 000021F0 0002                    add [bp+si],al	; 00002071  0002                              
  4008 000021F2 0000                    add [bx+si],al	; 00002073  0000                              
  4009 000021F4 0000                    add [bx+si],al	; 00002075  0000                              
  4010 000021F6 0000                    add [bx+si],al	; 00002077  0000                              
  4011 000021F8 83D800                  sbb ax,0x0	; 00002079  1D0000                            
  4012 000021FB 0000                    add [bx+si],al	; 0000207C  0000                              
  4013 000021FD 0000                    add [bx+si],al	; 0000207E  0000                              
  4014 000021FF 0000                    add [bx+si],al	; 00002080  0000                              
  4015 00002201 0012                    add [bp+si],dl	; 00002082  0012                              
  4016 00002203 0E                      push cs	; 00002084  0E                                
  4017 00002204 0300                    add ax,[bx+si]	; 00002085  0300                              
  4018 00002206 0000                    add [bx+si],al	; 00002087  0000                              
  4019 00002208 0000                    add [bx+si],al	; 00002089  0000                              
  4020 0000220A 0000                    add [bx+si],al	; 0000208B  0000                              
  4021 0000220C 0000                    add [bx+si],al	; 0000208D  0000                              
  4022 0000220E 0000                    add [bx+si],al	; 0000208F  0000                              
  4023 00002210 120E0300                adc cl,[0x3]	; 00002091  120E0300                          
  4024 00002214 0000                    add [bx+si],al	; 00002095  0000                              
  4025 00002216 0000                    add [bx+si],al	; 00002097  0000                              
  4026 00002218 0000                    add [bx+si],al	; 00002099  0000                              
  4027 0000221A 0000                    add [bx+si],al	; 0000209B  0000                              
  4028 0000221C 0002                    add [bp+si],al	; 0000209D  0002                              
  4029 0000221E 0300                    add ax,[bx+si]	; 0000209F  0300                              
  4030 00002220 0000                    add [bx+si],al	; 000020A1  0000                              
  4031 00002222 0000                    add [bx+si],al	; 000020A3  0000                              
  4032 00002224 0000                    add [bx+si],al	; 000020A5  0000                              
  4033 00002226 0000                    add [bx+si],al	; 000020A7  0000                              
  4034 00002228 0002                    add [bp+si],al	; 000020A9  0002                              
  4035 0000222A 0300                    add ax,[bx+si]	; 000020AB  0300                              
  4036 0000222C 0000                    add [bx+si],al	; 000020AD  0000                              
  4037 0000222E 0002                    add [bp+si],al	; 000020AF  0002                              
  4038 00002230 0000                    add [bx+si],al	; 000020B1  0000                              
  4039 00002232 0000                    add [bx+si],al	; 000020B3  0000                              
  4040 00002234 0000                    add [bx+si],al	; 000020B5  0000                              
  4041 00002236 0300                    add ax,[bx+si]	; 000020B7  0300                              
  4042 00002238 0000                    add [bx+si],al	; 000020B9  0000                              
  4043 0000223A 0000                    add [bx+si],al	; 000020BB  0000                              
  4044 0000223C 0000                    add [bx+si],al	; 000020BD  0000                              
  4045 0000223E 0000                    add [bx+si],al	; 000020BF  0000                              
  4046 00002240 0002                    add [bp+si],al	; 000020C1  0002                              
  4047 00002242 0300                    add ax,[bx+si]	; 000020C3  0300                              
  4048 00002244 0000                    add [bx+si],al	; 000020C5  0000                              
  4049 00002246 0000                    add [bx+si],al	; 000020C7  0000                              
  4050 00002248 0000                    add [bx+si],al	; 000020C9  0000                              
  4051 0000224A 0000                    add [bx+si],al	; 000020CB  0000                              
  4052 0000224C 0000                    add [bx+si],al	; 000020CD  0000                              
  4053 0000224E 0002                    add [bp+si],al	; 000020CF  0002                              
  4054 00002250 0300                    add ax,[bx+si]	; 000020D1  0300                              
  4055 00002252 0000                    add [bx+si],al	; 000020D3  0000                              
  4056 00002254 0000                    add [bx+si],al	; 000020D5  0000                              
  4057 00002256 0000                    add [bx+si],al	; 000020D7  0000                              
  4058 00002258 0000                    add [bx+si],al	; 000020D9  0000                              
  4059 0000225A 0002                    add [bp+si],al	; 000020DB  0002                              
  4060 0000225C 0300                    add ax,[bx+si]	; 000020DD  0300                              
  4061 0000225E 0000                    add [bx+si],al	; 000020DF  0000                              
  4062 00002260 0000                    add [bx+si],al	; 000020E1  0000                              
  4063 00002262 0000                    add [bx+si],al	; 000020E3  0000                              
  4064 00002264 0000                    add [bx+si],al	; 000020E5  0000                              
  4065 00002266 0002                    add [bp+si],al	; 000020E7  0002                              
  4066 00002268 0300                    add ax,[bx+si]	; 000020E9  0300                              
  4067 0000226A 0000                    add [bx+si],al	; 000020EB  0000                              
  4068 0000226C 0002                    add [bp+si],al	; 000020ED  0002                              
  4069 0000226E 0000                    add [bx+si],al	; 000020EF  0000                              
  4070 00002270 0000                    add [bx+si],al	; 000020F1  0000                              
  4071 00002272 0000                    add [bx+si],al	; 000020F3  0000                              
  4072 00002274 0300                    add ax,[bx+si]	; 000020F5  0300                              
  4073 00002276 0000                    add [bx+si],al	; 000020F7  0000                              
  4074 00002278 0000                    add [bx+si],al	; 000020F9  0000                              
  4075 0000227A 0000                    add [bx+si],al	; 000020FB  0000                              
  4076 0000227C 0000                    add [bx+si],al	; 000020FD  0000                              
  4077 0000227E 0002                    add [bp+si],al	; 000020FF  0002                              
  4078 00002280 0300                    add ax,[bx+si]	; 00002101  0300                              
  4079 00002282 0000                    add [bx+si],al	; 00002103  0000                              
  4080 00002284 0000                    add [bx+si],al	; 00002105  0000                              
  4081 00002286 0000                    add [bx+si],al	; 00002107  0000                              
  4082 00002288 0000                    add [bx+si],al	; 00002109  0000                              
  4083 0000228A 0000                    add [bx+si],al	; 0000210B  0000                              
  4084 0000228C 0002                    add [bp+si],al	; 0000210D  0002                              
  4085 0000228E 0300                    add ax,[bx+si]	; 0000210F  0300                              
  4086 00002290 0000                    add [bx+si],al	; 00002111  0000                              
  4087 00002292 0000                    add [bx+si],al	; 00002113  0000                              
  4088 00002294 0000                    add [bx+si],al	; 00002115  0000                              
  4089 00002296 0000                    add [bx+si],al	; 00002117  0000                              
  4090 00002298 0007                    add [bx],al	; 00002119  0007                              
  4091 0000229A 0800                    or [bx+si],al	; 0000211B  0800                              
  4092 0000229C 0000                    add [bx+si],al	; 0000211D  0000                              
  4093 0000229E 0000                    add [bx+si],al	; 0000211F  0000                              
  4094 000022A0 0000                    add [bx+si],al	; 00002121  0000                              
  4095 000022A2 0000                    add [bx+si],al	; 00002123  0000                              
  4096 000022A4 0007                    add [bx],al	; 00002125  0007                              
  4097 000022A6 0800                    or [bx+si],al	; 00002127  0800                              
  4098 000022A8 0000                    add [bx+si],al	; 00002129  0000                              
  4099 000022AA 0007                    add [bx],al	; 0000212B  0007                              
  4100 000022AC 0404                    add al,0x4	; 0000212D  0404                              
  4101 000022AE 0404                    add al,0x4	; 0000212F  0404                              
  4102 000022B0 0404                    add al,0x4	; 00002131  0404                              
  4103 000022B2 0800                    or [bx+si],al	; 00002133  0800                              
  4104 000022B4 0000                    add [bx+si],al	; 00002135  0000                              
  4105 000022B6 0000                    add [bx+si],al	; 00002137  0000                              
  4106 000022B8 0000                    add [bx+si],al	; 00002139  0000                              
  4107 000022BA 0000                    add [bx+si],al	; 0000213B  0000                              
  4108 000022BC 0007                    add [bx],al	; 0000213D  0007                              
  4109 000022BE 0800                    or [bx+si],al	; 0000213F  0800                              
  4110 000022C0 0000                    add [bx+si],al	; 00002141  0000                              
  4111 000022C2 0000                    add [bx+si],al	; 00002143  0000                              
  4112 000022C4 0000                    add [bx+si],al	; 00002145  0000                              
  4113 000022C6 0000                    add [bx+si],al	; 00002147  0000                              
  4114 000022C8 0000                    add [bx+si],al	; 00002149  0000                              
  4115 000022CA 0002                    add [bp+si],al	; 0000214B  0002                              
  4116 000022CC 0300                    add ax,[bx+si]	; 0000214D  0300                              
  4117 000022CE 0000                    add [bx+si],al	; 0000214F  0000                              
  4118 000022D0 0005                    add [di],al	; 00002151  0005                              
  4119 000022D2 06                      push es	; 00002153  06                                
  4120 000022D3 0000                    add [bx+si],al	; 00002154  0000                              
  4121 000022D5 0000                    add [bx+si],al	; 00002156  0000                              
  4122 000022D7 0000                    add [bx+si],al	; 00002158  0000                              
  4123 000022D9 0000                    add [bx+si],al	; 0000215A  0000                              
  4124 000022DB 0000                    add [bx+si],al	; 0000215C  0000                              
  4125 000022DD 83C006                  add ax,0x6	; 0000215E  050600                            
  4126 000022E0 0000                    add [bx+si],al	; 00002161  0000                              
  4127 000022E2 0000                    add [bx+si],al	; 00002163  0000                              
  4128 000022E4 0000                    add [bx+si],al	; 00002165  0000                              
  4129 000022E6 0000                    add [bx+si],al	; 00002167  0000                              
  4130 000022E8 0000                    add [bx+si],al	; 00002169  0000                              
  4131 000022EA 0000                    add [bx+si],al	; 0000216B  0000                              
  4132 000022EC 0000                    add [bx+si],al	; 0000216D  0000                              
  4133 000022EE 0000                    add [bx+si],al	; 0000216F  0000                              
  4134 000022F0 0000                    add [bx+si],al	; 00002171  0000                              
  4135 000022F2 0000                    add [bx+si],al	; 00002173  0000                              
  4136 000022F4 0005                    add [di],al	; 00002175  0005                              
  4137 000022F6 06                      push es	; 00002177  06                                
  4138 000022F7 0000                    add [bx+si],al	; 00002178  0000                              
  4139 000022F9 0000                    add [bx+si],al	; 0000217A  0000                              
  4140 000022FB 0000                    add [bx+si],al	; 0000217C  0000                              
  4141 000022FD 0000                    add [bx+si],al	; 0000217E  0000                              
  4142 000022FF 0000                    add [bx+si],al	; 00002180  0000                              
  4143 00002301 050101                  add ax,0x101	; 00002182  050101                            
  4144 00002304 06                      push es	; 00002185  06                                
  4145 00002305 0000                    add [bx+si],al	; 00002186  0000                              
  4146 00002307 0000                    add [bx+si],al	; 00002188  0000                              
  4147 00002309 0203                    add al,[bp+di]	; 0000218A  0203                              
  4148 0000230B 0000                    add [bx+si],al	; 0000218C  0000                              
  4149 0000230D 0000                    add [bx+si],al	; 0000218E  0000                              
  4150 0000230F 0203                    add al,[bp+di]	; 00002190  0203                              
  4151 00002311 0000                    add [bx+si],al	; 00002192  0000                              
  4152 00002313 0000                    add [bx+si],al	; 00002194  0000                              
  4153 00002315 0000                    add [bx+si],al	; 00002196  0000                              
  4154 00002317 0000                    add [bx+si],al	; 00002198  0000                              
  4155 00002319 0000                    add [bx+si],al	; 0000219A  0000                              
  4156 0000231B 0203                    add al,[bp+di]	; 0000219C  0203                              
  4157 0000231D 0000                    add [bx+si],al	; 0000219E  0000                              
  4158 0000231F 0000                    add [bx+si],al	; 000021A0  0000                              
  4159 00002321 0000                    add [bx+si],al	; 000021A2  0000                              
  4160 00002323 0000                    add [bx+si],al	; 000021A4  0000                              
  4161 00002325 0000                    add [bx+si],al	; 000021A6  0000                              
  4162 00002327 0000                    add [bx+si],al	; 000021A8  0000                              
  4163 00002329 0000                    add [bx+si],al	; 000021AA  0000                              
  4164 0000232B 0000                    add [bx+si],al	; 000021AC  0000                              
  4165 0000232D 0000                    add [bx+si],al	; 000021AE  0000                              
  4166 0000232F 0000                    add [bx+si],al	; 000021B0  0000                              
  4167 00002331 0000                    add [bx+si],al	; 000021B2  0000                              
  4168 00002333 0203                    add al,[bp+di]	; 000021B4  0203                              
  4169 00002335 0000                    add [bx+si],al	; 000021B6  0000                              
  4170 00002337 0000                    add [bx+si],al	; 000021B8  0000                              
  4171 00002339 0000                    add [bx+si],al	; 000021BA  0000                              
  4172 0000233B 0000                    add [bx+si],al	; 000021BC  0000                              
  4173 0000233D 0000                    add [bx+si],al	; 000021BE  0000                              
  4174 0000233F 0200                    add al,[bx+si]	; 000021C0  0200                              
  4175 00002341 0003                    add [bp+di],al	; 000021C2  0003                              
  4176 00002343 0000                    add [bx+si],al	; 000021C4  0000                              
  4177 00002345 0000                    add [bx+si],al	; 000021C6  0000                              
  4178 00002347 0203                    add al,[bp+di]	; 000021C8  0203                              
  4179 00002349 0000                    add [bx+si],al	; 000021CA  0000                              
  4180 0000234B 0000                    add [bx+si],al	; 000021CC  0000                              
  4181 0000234D 0203                    add al,[bp+di]	; 000021CE  0203                              
  4182 0000234F 0000                    add [bx+si],al	; 000021D0  0000                              
  4183 00002351 0000                    add [bx+si],al	; 000021D2  0000                              
  4184 00002353 0000                    add [bx+si],al	; 000021D4  0000                              
  4185 00002355 0000                    add [bx+si],al	; 000021D6  0000                              
  4186 00002357 0000                    add [bx+si],al	; 000021D8  0000                              
  4187 00002359 0203                    add al,[bp+di]	; 000021DA  0203                              
  4188 0000235B 0000                    add [bx+si],al	; 000021DC  0000                              
  4189 0000235D 0000                    add [bx+si],al	; 000021DE  0000                              
  4190 0000235F 0000                    add [bx+si],al	; 000021E0  0000                              
  4191 00002361 0000                    add [bx+si],al	; 000021E2  0000                              
  4192 00002363 0000                    add [bx+si],al	; 000021E4  0000                              
  4193 00002365 0000                    add [bx+si],al	; 000021E6  0000                              
  4194 00002367 0000                    add [bx+si],al	; 000021E8  0000                              
  4195 00002369 0000                    add [bx+si],al	; 000021EA  0000                              
  4196 0000236B 0000                    add [bx+si],al	; 000021EC  0000                              
  4197 0000236D 0000                    add [bx+si],al	; 000021EE  0000                              
  4198 0000236F 0000                    add [bx+si],al	; 000021F0  0000                              
  4199 00002371 0203                    add al,[bp+di]	; 000021F2  0203                              
  4200 00002373 0000                    add [bx+si],al	; 000021F4  0000                              
  4201 00002375 0000                    add [bx+si],al	; 000021F6  0000                              
  4202 00002377 0000                    add [bx+si],al	; 000021F8  0000                              
  4203 00002379 0000                    add [bx+si],al	; 000021FA  0000                              
  4204 0000237B 0000                    add [bx+si],al	; 000021FC  0000                              
  4205 0000237D 0200                    add al,[bx+si]	; 000021FE  0200                              
  4206 0000237F 0003                    add [bp+di],al	; 00002200  0003                              
  4207 00002381 0000                    add [bx+si],al	; 00002202  0000                              
  4208 00002383 0000                    add [bx+si],al	; 00002204  0000                              
  4209 00002385 0203                    add al,[bp+di]	; 00002206  0203                              
  4210 00002387 0000                    add [bx+si],al	; 00002208  0000                              
  4211 00002389 0000                    add [bx+si],al	; 0000220A  0000                              
  4212 0000238B 020F                    add cl,[bx]	; 0000220C  020F                              
  4213 0000238D 1300                    adc ax,[bx+si]	; 0000220E  1300                              
  4214 0000238F 0000                    add [bx+si],al	; 00002210  0000                              
  4215 00002391 0000                    add [bx+si],al	; 00002212  0000                              
  4216 00002393 0000                    add [bx+si],al	; 00002214  0000                              
  4217 00002395 0000                    add [bx+si],al	; 00002216  0000                              
  4218 00002397 0203                    add al,[bp+di]	; 00002218  0203                              
  4219 00002399 0000                    add [bx+si],al	; 0000221A  0000                              
  4220 0000239B 0000                    add [bx+si],al	; 0000221C  0000                              
  4221 0000239D 0000                    add [bx+si],al	; 0000221E  0000                              
  4222 0000239F 0000                    add [bx+si],al	; 00002220  0000                              
  4223 000023A1 0000                    add [bx+si],al	; 00002222  0000                              
  4224 000023A3 0000                    add [bx+si],al	; 00002224  0000                              
  4225 000023A5 0000                    add [bx+si],al	; 00002226  0000                              
  4226 000023A7 0000                    add [bx+si],al	; 00002228  0000                              
  4227 000023A9 0000                    add [bx+si],al	; 0000222A  0000                              
  4228 000023AB 0000                    add [bx+si],al	; 0000222C  0000                              
  4229 000023AD 0014                    add [si],dl	; 0000222E  0014                              
  4230 000023AF 0A0F                    or cl,[bx]	; 00002230  0A0F                              
  4231 000023B1 1300                    adc ax,[bx+si]	; 00002232  1300                              
  4232 000023B3 0000                    add [bx+si],al	; 00002234  0000                              
  4233 000023B5 0000                    add [bx+si],al	; 00002236  0000                              
  4234 000023B7 0000                    add [bx+si],al	; 00002238  0000                              
  4235 000023B9 0000                    add [bx+si],al	; 0000223A  0000                              
  4236 000023BB 0200                    add al,[bx+si]	; 0000223C  0200                              
  4237 000023BD 0003                    add [bp+di],al	; 0000223E  0003                              
  4238 000023BF 0000                    add [bx+si],al	; 00002240  0000                              
  4239 000023C1 0000                    add [bx+si],al	; 00002242  0000                              
  4240 000023C3 0203                    add al,[bp+di]	; 00002244  0203                              
  4241 000023C5 0000                    add [bx+si],al	; 00002246  0000                              
  4242 000023C7 0000                    add [bx+si],al	; 00002248  0000                              
  4243 000023C9 0200                    add al,[bx+si]	; 0000224A  0200                              
  4244 000023CB 0901                    or [bx+di],ax	; 0000224C  0901                              
  4245 000023CD 0101                    add [bx+di],ax	; 0000224E  0101                              
  4246 000023CF 01060000                add [0x0],ax	; 00002250  01060000                          
  4247 000023D3 0000                    add [bx+si],al	; 00002254  0000                              
  4248 000023D5 0203                    add al,[bp+di]	; 00002256  0203                              
  4249 000023D7 0000                    add [bx+si],al	; 00002258  0000                              
  4250 000023D9 0000                    add [bx+si],al	; 0000225A  0000                              
  4251 000023DB 050101                  add ax,0x101	; 0000225C  050101                            
  4252 000023DE 0101                    add [bx+di],ax	; 0000225F  0101                              
  4253 000023E0 0101                    add [bx+di],ax	; 00002261  0101                              
  4254 000023E2 06                      push es	; 00002263  06                                
  4255 000023E3 0000                    add [bx+si],al	; 00002264  0000                              
  4256 000023E5 0000                    add [bx+si],al	; 00002266  0000                              
  4257 000023E7 050101                  add ax,0x101	; 00002268  050101                            
  4258 000023EA 0101                    add [bx+di],ax	; 0000226B  0101                              
  4259 000023EC 83C800                  or ax,0x0	; 0000226D  0D0000                            
  4260 000023EF 0901                    or [bx+di],ax	; 00002270  0901                              
  4261 000023F1 0101                    add [bx+di],ax	; 00002272  0101                              
  4262 000023F3 01060000                add [0x0],ax	; 00002274  01060000                          
  4263 000023F7 0000                    add [bx+si],al	; 00002278  0000                              
  4264 000023F9 0200                    add al,[bx+si]	; 0000227A  0200                              
  4265 000023FB 0003                    add [bp+di],al	; 0000227C  0003                              
  4266 000023FD 0000                    add [bx+si],al	; 0000227E  0000                              
  4267 000023FF 0000                    add [bx+si],al	; 00002280  0000                              
  4268 00002401 0203                    add al,[bp+di]	; 00002282  0203                              
  4269 00002403 0000                    add [bx+si],al	; 00002284  0000                              
  4270 00002405 0000                    add [bx+si],al	; 00002286  0000                              
  4271 00002407 0200                    add al,[bx+si]	; 00002288  0200                              
  4272 00002409 1004                    adc [si],al	; 0000228A  1004                              
  4273 0000240B 0404                    add al,0x4	; 0000228C  0404                              
  4274 0000240D 0408                    add al,0x8	; 0000228E  0408                              
  4275 0000240F 0000                    add [bx+si],al	; 00002290  0000                              
  4276 00002411 0000                    add [bx+si],al	; 00002292  0000                              
  4277 00002413 07                      pop es	; 00002294  07                                
  4278 00002414 0800                    or [bx+si],al	; 00002295  0800                              
  4279 00002416 0000                    add [bx+si],al	; 00002297  0000                              
  4280 00002418 0007                    add [bx],al	; 00002299  0007                              
  4281 0000241A 0404                    add al,0x4	; 0000229B  0404                              
  4282 0000241C 0404                    add al,0x4	; 0000229D  0404                              
  4283 0000241E 0404                    add al,0x4	; 0000229F  0404                              
  4284 00002420 0800                    or [bx+si],al	; 000022A1  0800                              
  4285 00002422 0000                    add [bx+si],al	; 000022A3  0000                              
  4286 00002424 0007                    add [bx],al	; 000022A5  0007                              
  4287 00002426 0404                    add al,0x4	; 000022A7  0404                              
  4288 00002428 0404                    add al,0x4	; 000022A9  0404                              
  4289 0000242A 0404                    add al,0x4	; 000022AB  0404                              
  4290 0000242C 0404                    add al,0x4	; 000022AD  0404                              
  4291 0000242E 0404                    add al,0x4	; 000022AF  0404                              
  4292 00002430 0404                    add al,0x4	; 000022B1  0404                              
  4293 00002432 0800                    or [bx+si],al	; 000022B3  0800                              
  4294 00002434 0000                    add [bx+si],al	; 000022B5  0000                              
  4295 00002436 0007                    add [bx],al	; 000022B7  0007                              
  4296 00002438 0404                    add al,0x4	; 000022B9  0404                              
  4297 0000243A 0800                    or [bx+si],al	; 000022BB  0800                              
  4298 0000243C 0000                    add [bx+si],al	; 000022BD  0000                              
  4299 0000243E 0002                    add [bp+si],al	; 000022BF  0002                              
  4300 00002440 0300                    add ax,[bx+si]	; 000022C1  0300                              
  4301 00002442 0000                    add [bx+si],al	; 000022C3  0000                              
  4302 00002444 0002                    add [bp+si],al	; 000022C5  0002                              
  4303 00002446 0B11                    or dx,[bx+di]	; 000022C7  0B11                              
  4304 00002448 0000                    add [bx+si],al	; 000022C9  0000                              
  4305 0000244A 0000                    add [bx+si],al	; 000022CB  0000                              
  4306 0000244C 0000                    add [bx+si],al	; 000022CD  0000                              
  4307 0000244E 0000                    add [bx+si],al	; 000022CF  0000                              
  4308 00002450 0000                    add [bx+si],al	; 000022D1  0000                              
  4309 00002452 0000                    add [bx+si],al	; 000022D3  0000                              
  4310 00002454 0000                    add [bx+si],al	; 000022D5  0000                              
  4311 00002456 0000                    add [bx+si],al	; 000022D7  0000                              
  4312 00002458 0000                    add [bx+si],al	; 000022D9  0000                              
  4313 0000245A 0000                    add [bx+si],al	; 000022DB  0000                              
  4314 0000245C 0000                    add [bx+si],al	; 000022DD  0000                              
  4315 0000245E 0000                    add [bx+si],al	; 000022DF  0000                              
  4316 00002460 0000                    add [bx+si],al	; 000022E1  0000                              
  4317 00002462 0000                    add [bx+si],al	; 000022E3  0000                              
  4318 00002464 0000                    add [bx+si],al	; 000022E5  0000                              
  4319 00002466 0000                    add [bx+si],al	; 000022E7  0000                              
  4320 00002468 0000                    add [bx+si],al	; 000022E9  0000                              
  4321 0000246A 0000                    add [bx+si],al	; 000022EB  0000                              
  4322 0000246C 0000                    add [bx+si],al	; 000022ED  0000                              
  4323 0000246E 0000                    add [bx+si],al	; 000022EF  0000                              
  4324 00002470 0000                    add [bx+si],al	; 000022F1  0000                              
  4325 00002472 0000                    add [bx+si],al	; 000022F3  0000                              
  4326 00002474 0000                    add [bx+si],al	; 000022F5  0000                              
  4327 00002476 0000                    add [bx+si],al	; 000022F7  0000                              
  4328 00002478 0000                    add [bx+si],al	; 000022F9  0000                              
  4329 0000247A 0000                    add [bx+si],al	; 000022FB  0000                              
  4330 0000247C 0002                    add [bp+si],al	; 000022FD  0002                              
  4331 0000247E 0300                    add ax,[bx+si]	; 000022FF  0300                              
  4332 00002480 0000                    add [bx+si],al	; 00002301  0000                              
  4333 00002482 0002                    add [bp+si],al	; 00002303  0002                              
  4334 00002484 0300                    add ax,[bx+si]	; 00002305  0300                              
  4335 00002486 0000                    add [bx+si],al	; 00002307  0000                              
  4336 00002488 0000                    add [bx+si],al	; 00002309  0000                              
  4337 0000248A 0000                    add [bx+si],al	; 0000230B  0000                              
  4338 0000248C 0000                    add [bx+si],al	; 0000230D  0000                              
  4339 0000248E 0000                    add [bx+si],al	; 0000230F  0000                              
  4340 00002490 0000                    add [bx+si],al	; 00002311  0000                              
  4341 00002492 0000                    add [bx+si],al	; 00002313  0000                              
  4342 00002494 0000                    add [bx+si],al	; 00002315  0000                              
  4343 00002496 0000                    add [bx+si],al	; 00002317  0000                              
  4344 00002498 0000                    add [bx+si],al	; 00002319  0000                              
  4345 0000249A 0000                    add [bx+si],al	; 0000231B  0000                              
  4346 0000249C 0000                    add [bx+si],al	; 0000231D  0000                              
  4347 0000249E 0000                    add [bx+si],al	; 0000231F  0000                              
  4348 000024A0 0000                    add [bx+si],al	; 00002321  0000                              
  4349 000024A2 0000                    add [bx+si],al	; 00002323  0000                              
  4350 000024A4 0000                    add [bx+si],al	; 00002325  0000                              
  4351 000024A6 0000                    add [bx+si],al	; 00002327  0000                              
  4352 000024A8 0000                    add [bx+si],al	; 00002329  0000                              
  4353 000024AA 0000                    add [bx+si],al	; 0000232B  0000                              
  4354 000024AC 0000                    add [bx+si],al	; 0000232D  0000                              
  4355 000024AE 0000                    add [bx+si],al	; 0000232F  0000                              
  4356 000024B0 0000                    add [bx+si],al	; 00002331  0000                              
  4357 000024B2 0000                    add [bx+si],al	; 00002333  0000                              
  4358 000024B4 0000                    add [bx+si],al	; 00002335  0000                              
  4359 000024B6 0000                    add [bx+si],al	; 00002337  0000                              
  4360 000024B8 0000                    add [bx+si],al	; 00002339  0000                              
  4361 000024BA 0002                    add [bp+si],al	; 0000233B  0002                              
  4362 000024BC 0300                    add ax,[bx+si]	; 0000233D  0300                              
  4363 000024BE 0000                    add [bx+si],al	; 0000233F  0000                              
  4364 000024C0 0002                    add [bp+si],al	; 00002341  0002                              
  4365 000024C2 0300                    add ax,[bx+si]	; 00002343  0300                              
  4366 000024C4 0000                    add [bx+si],al	; 00002345  0000                              
  4367 000024C6 0000                    add [bx+si],al	; 00002347  0000                              
  4368 000024C8 0000                    add [bx+si],al	; 00002349  0000                              
  4369 000024CA 0000                    add [bx+si],al	; 0000234B  0000                              
  4370 000024CC 0000                    add [bx+si],al	; 0000234D  0000                              
  4371 000024CE 0000                    add [bx+si],al	; 0000234F  0000                              
  4372 000024D0 0000                    add [bx+si],al	; 00002351  0000                              
  4373 000024D2 0000                    add [bx+si],al	; 00002353  0000                              
  4374 000024D4 0000                    add [bx+si],al	; 00002355  0000                              
  4375 000024D6 0000                    add [bx+si],al	; 00002357  0000                              
  4376 000024D8 0000                    add [bx+si],al	; 00002359  0000                              
  4377 000024DA 0000                    add [bx+si],al	; 0000235B  0000                              
  4378 000024DC 0000                    add [bx+si],al	; 0000235D  0000                              
  4379 000024DE 0000                    add [bx+si],al	; 0000235F  0000                              
  4380 000024E0 0000                    add [bx+si],al	; 00002361  0000                              
  4381 000024E2 0000                    add [bx+si],al	; 00002363  0000                              
  4382 000024E4 0000                    add [bx+si],al	; 00002365  0000                              
  4383 000024E6 0000                    add [bx+si],al	; 00002367  0000                              
  4384 000024E8 0000                    add [bx+si],al	; 00002369  0000                              
  4385 000024EA 0000                    add [bx+si],al	; 0000236B  0000                              
  4386 000024EC 0000                    add [bx+si],al	; 0000236D  0000                              
  4387 000024EE 0000                    add [bx+si],al	; 0000236F  0000                              
  4388 000024F0 0000                    add [bx+si],al	; 00002371  0000                              
  4389 000024F2 0000                    add [bx+si],al	; 00002373  0000                              
  4390 000024F4 0000                    add [bx+si],al	; 00002375  0000                              
  4391 000024F6 0000                    add [bx+si],al	; 00002377  0000                              
  4392 000024F8 0002                    add [bp+si],al	; 00002379  0002                              
  4393 000024FA 0300                    add ax,[bx+si]	; 0000237B  0300                              
  4394 000024FC 0000                    add [bx+si],al	; 0000237D  0000                              
  4395 000024FE 0002                    add [bp+si],al	; 0000237F  0002                              
  4396 00002500 0300                    add ax,[bx+si]	; 00002381  0300                              
  4397 00002502 0000                    add [bx+si],al	; 00002383  0000                              
  4398 00002504 0000                    add [bx+si],al	; 00002385  0000                              
  4399 00002506 0000                    add [bx+si],al	; 00002387  0000                              
  4400 00002508 0000                    add [bx+si],al	; 00002389  0000                              
  4401 0000250A 0000                    add [bx+si],al	; 0000238B  0000                              
  4402 0000250C 0000                    add [bx+si],al	; 0000238D  0000                              
  4403 0000250E 0000                    add [bx+si],al	; 0000238F  0000                              
  4404 00002510 0000                    add [bx+si],al	; 00002391  0000                              
  4405 00002512 0000                    add [bx+si],al	; 00002393  0000                              
  4406 00002514 0000                    add [bx+si],al	; 00002395  0000                              
  4407 00002516 0000                    add [bx+si],al	; 00002397  0000                              
  4408 00002518 0000                    add [bx+si],al	; 00002399  0000                              
  4409 0000251A 0000                    add [bx+si],al	; 0000239B  0000                              
  4410 0000251C 0000                    add [bx+si],al	; 0000239D  0000                              
  4411 0000251E 0000                    add [bx+si],al	; 0000239F  0000                              
  4412 00002520 0000                    add [bx+si],al	; 000023A1  0000                              
  4413 00002522 0000                    add [bx+si],al	; 000023A3  0000                              
  4414 00002524 0000                    add [bx+si],al	; 000023A5  0000                              
  4415 00002526 0000                    add [bx+si],al	; 000023A7  0000                              
  4416 00002528 0000                    add [bx+si],al	; 000023A9  0000                              
  4417 0000252A 0000                    add [bx+si],al	; 000023AB  0000                              
  4418 0000252C 0000                    add [bx+si],al	; 000023AD  0000                              
  4419 0000252E 0000                    add [bx+si],al	; 000023AF  0000                              
  4420 00002530 0000                    add [bx+si],al	; 000023B1  0000                              
  4421 00002532 0000                    add [bx+si],al	; 000023B3  0000                              
  4422 00002534 0000                    add [bx+si],al	; 000023B5  0000                              
  4423 00002536 0002                    add [bp+si],al	; 000023B7  0002                              
  4424 00002538 0300                    add ax,[bx+si]	; 000023B9  0300                              
  4425 0000253A 0000                    add [bx+si],al	; 000023BB  0000                              
  4426 0000253C 0002                    add [bp+si],al	; 000023BD  0002                              
  4427 0000253E 0300                    add ax,[bx+si]	; 000023BF  0300                              
  4428 00002540 0000                    add [bx+si],al	; 000023C1  0000                              
  4429 00002542 0005                    add [di],al	; 000023C3  0005                              
  4430 00002544 0101                    add [bx+di],ax	; 000023C5  0101                              
  4431 00002546 0101                    add [bx+di],ax	; 000023C7  0101                              
  4432 00002548 0101                    add [bx+di],ax	; 000023C9  0101                              
  4433 0000254A 06                      push es	; 000023CB  06                                
  4434 0000254B 0000                    add [bx+si],al	; 000023CC  0000                              
  4435 0000254D 0000                    add [bx+si],al	; 000023CE  0000                              
  4436 0000254F 050101                  add ax,0x101	; 000023D0  050101                            
  4437 00002552 0101                    add [bx+di],ax	; 000023D3  0101                              
  4438 00002554 0101                    add [bx+di],ax	; 000023D5  0101                              
  4439 00002556 06                      push es	; 000023D7  06                                
  4440 00002557 0000                    add [bx+si],al	; 000023D8  0000                              
  4441 00002559 0000                    add [bx+si],al	; 000023DA  0000                              
  4442 0000255B 050101                  add ax,0x101	; 000023DC  050101                            
  4443 0000255E 0101                    add [bx+di],ax	; 000023DF  0101                              
  4444 00002560 0101                    add [bx+di],ax	; 000023E1  0101                              
  4445 00002562 06                      push es	; 000023E3  06                                
  4446 00002563 0000                    add [bx+si],al	; 000023E4  0000                              
  4447 00002565 0000                    add [bx+si],al	; 000023E6  0000                              
  4448 00002567 83C006                  add ax,0x6	; 000023E8  050600                            
  4449 0000256A 0000                    add [bx+si],al	; 000023EB  0000                              
  4450 0000256C 0005                    add [di],al	; 000023ED  0005                              
  4451 0000256E 0101                    add [bx+di],ax	; 000023EF  0101                              
  4452 00002570 06                      push es	; 000023F1  06                                
  4453 00002571 0000                    add [bx+si],al	; 000023F2  0000                              
  4454 00002573 0000                    add [bx+si],al	; 000023F4  0000                              
  4455 00002575 0203                    add al,[bp+di]	; 000023F6  0203                              
  4456 00002577 0000                    add [bx+si],al	; 000023F8  0000                              
  4457 00002579 0000                    add [bx+si],al	; 000023FA  0000                              
  4458 0000257B 0203                    add al,[bp+di]	; 000023FC  0203                              
  4459 0000257D 0000                    add [bx+si],al	; 000023FE  0000                              
  4460 0000257F 0000                    add [bx+si],al	; 00002400  0000                              
  4461 00002581 07                      pop es	; 00002402  07                                
  4462 00002582 0404                    add al,0x4	; 00002403  0404                              
  4463 00002584 0404                    add al,0x4	; 00002405  0404                              
  4464 00002586 0C00                    or al,0x0	; 00002407  0C00                              
  4465 00002588 0300                    add ax,[bx+si]	; 00002409  0300                              
  4466 0000258A 0000                    add [bx+si],al	; 0000240B  0000                              
  4467 0000258C 0002                    add [bp+si],al	; 0000240D  0002                              
  4468 0000258E 0000                    add [bx+si],al	; 0000240F  0000                              
  4469 00002590 0000                    add [bx+si],al	; 00002411  0000                              
  4470 00002592 0000                    add [bx+si],al	; 00002413  0000                              
  4471 00002594 0300                    add ax,[bx+si]	; 00002415  0300                              
  4472 00002596 0000                    add [bx+si],al	; 00002417  0000                              
  4473 00002598 0002                    add [bp+si],al	; 00002419  0002                              
  4474 0000259A 0000                    add [bx+si],al	; 0000241B  0000                              
  4475 0000259C 0000                    add [bx+si],al	; 0000241D  0000                              
  4476 0000259E 0000                    add [bx+si],al	; 0000241F  0000                              
  4477 000025A0 0300                    add ax,[bx+si]	; 00002421  0300                              
  4478 000025A2 0000                    add [bx+si],al	; 00002423  0000                              
  4479 000025A4 0002                    add [bp+si],al	; 00002425  0002                              
  4480 000025A6 0300                    add ax,[bx+si]	; 00002427  0300                              
  4481 000025A8 0000                    add [bx+si],al	; 00002429  0000                              
  4482 000025AA 0002                    add [bp+si],al	; 0000242B  0002                              
  4483 000025AC 0000                    add [bx+si],al	; 0000242D  0000                              
  4484 000025AE 0300                    add ax,[bx+si]	; 0000242F  0300                              
  4485 000025B0 0000                    add [bx+si],al	; 00002431  0000                              
  4486 000025B2 0002                    add [bp+si],al	; 00002433  0002                              
  4487 000025B4 0300                    add ax,[bx+si]	; 00002435  0300                              
  4488 000025B6 0000                    add [bx+si],al	; 00002437  0000                              
  4489 000025B8 0002                    add [bp+si],al	; 00002439  0002                              
  4490 000025BA 0300                    add ax,[bx+si]	; 0000243B  0300                              
  4491 000025BC 0000                    add [bx+si],al	; 0000243D  0000                              
  4492 000025BE 0000                    add [bx+si],al	; 0000243F  0000                              
  4493 000025C0 0000                    add [bx+si],al	; 00002441  0000                              
  4494 000025C2 0000                    add [bx+si],al	; 00002443  0000                              
  4495 000025C4 120E0300                adc cl,[0x3]	; 00002445  120E0300                          
  4496 000025C8 0000                    add [bx+si],al	; 00002449  0000                              
  4497 000025CA 0002                    add [bp+si],al	; 0000244B  0002                              
  4498 000025CC 0000                    add [bx+si],al	; 0000244D  0000                              
  4499 000025CE 0000                    add [bx+si],al	; 0000244F  0000                              
  4500 000025D0 0000                    add [bx+si],al	; 00002451  0000                              
  4501 000025D2 0300                    add ax,[bx+si]	; 00002453  0300                              
  4502 000025D4 0000                    add [bx+si],al	; 00002455  0000                              
  4503 000025D6 0002                    add [bp+si],al	; 00002457  0002                              
  4504 000025D8 0000                    add [bx+si],al	; 00002459  0000                              
  4505 000025DA 0000                    add [bx+si],al	; 0000245B  0000                              
  4506 000025DC 0000                    add [bx+si],al	; 0000245D  0000                              
  4507 000025DE 0300                    add ax,[bx+si]	; 0000245F  0300                              
  4508 000025E0 0000                    add [bx+si],al	; 00002461  0000                              
  4509 000025E2 0002                    add [bp+si],al	; 00002463  0002                              
  4510 000025E4 0300                    add ax,[bx+si]	; 00002465  0300                              
  4511 000025E6 0000                    add [bx+si],al	; 00002467  0000                              
  4512 000025E8 0002                    add [bp+si],al	; 00002469  0002                              
  4513 000025EA 0000                    add [bx+si],al	; 0000246B  0000                              
  4514 000025EC 0300                    add ax,[bx+si]	; 0000246D  0300                              
  4515 000025EE 0000                    add [bx+si],al	; 0000246F  0000                              
  4516 000025F0 0002                    add [bp+si],al	; 00002471  0002                              
  4517 000025F2 0300                    add ax,[bx+si]	; 00002473  0300                              
  4518 000025F4 0000                    add [bx+si],al	; 00002475  0000                              
  4519 000025F6 0002                    add [bp+si],al	; 00002477  0002                              
  4520 000025F8 0300                    add ax,[bx+si]	; 00002479  0300                              
  4521 000025FA 0000                    add [bx+si],al	; 0000247B  0000                              
  4522 000025FC 0000                    add [bx+si],al	; 0000247D  0000                              
  4523 000025FE 0000                    add [bx+si],al	; 0000247F  0000                              
  4524 00002600 0000                    add [bx+si],al	; 00002481  0000                              
  4525 00002602 0002                    add [bp+si],al	; 00002483  0002                              
  4526 00002604 0300                    add ax,[bx+si]	; 00002485  0300                              
  4527 00002606 0000                    add [bx+si],al	; 00002487  0000                              
  4528 00002608 0002                    add [bp+si],al	; 00002489  0002                              
  4529 0000260A 0000                    add [bx+si],al	; 0000248B  0000                              
  4530 0000260C 0000                    add [bx+si],al	; 0000248D  0000                              
  4531 0000260E 0000                    add [bx+si],al	; 0000248F  0000                              
  4532 00002610 0300                    add ax,[bx+si]	; 00002491  0300                              
  4533 00002612 0000                    add [bx+si],al	; 00002493  0000                              
  4534 00002614 0002                    add [bp+si],al	; 00002495  0002                              
  4535 00002616 0000                    add [bx+si],al	; 00002497  0000                              
  4536 00002618 0000                    add [bx+si],al	; 00002499  0000                              
  4537 0000261A 0000                    add [bx+si],al	; 0000249B  0000                              
  4538 0000261C 0300                    add ax,[bx+si]	; 0000249D  0300                              
  4539 0000261E 0000                    add [bx+si],al	; 0000249F  0000                              
  4540 00002620 0002                    add [bp+si],al	; 000024A1  0002                              
  4541 00002622 0300                    add ax,[bx+si]	; 000024A3  0300                              
  4542 00002624 0000                    add [bx+si],al	; 000024A5  0000                              
  4543 00002626 0002                    add [bp+si],al	; 000024A7  0002                              
  4544 00002628 0000                    add [bx+si],al	; 000024A9  0000                              
  4545 0000262A 0300                    add ax,[bx+si]	; 000024AB  0300                              
  4546 0000262C 0000                    add [bx+si],al	; 000024AD  0000                              
  4547 0000262E 0002                    add [bp+si],al	; 000024AF  0002                              
  4548 00002630 0300                    add ax,[bx+si]	; 000024B1  0300                              
  4549 00002632 0000                    add [bx+si],al	; 000024B3  0000                              
  4550 00002634 0002                    add [bp+si],al	; 000024B5  0002                              
  4551 00002636 0300                    add ax,[bx+si]	; 000024B7  0300                              
  4552 00002638 0000                    add [bx+si],al	; 000024B9  0000                              
  4553 0000263A 0000                    add [bx+si],al	; 000024BB  0000                              
  4554 0000263C 0000                    add [bx+si],al	; 000024BD  0000                              
  4555 0000263E 0000                    add [bx+si],al	; 000024BF  0000                              
  4556 00002640 0002                    add [bp+si],al	; 000024C1  0002                              
  4557 00002642 0300                    add ax,[bx+si]	; 000024C3  0300                              
  4558 00002644 0000                    add [bx+si],al	; 000024C5  0000                              
  4559 00002646 0002                    add [bp+si],al	; 000024C7  0002                              
  4560 00002648 0000                    add [bx+si],al	; 000024C9  0000                              
  4561 0000264A 0000                    add [bx+si],al	; 000024CB  0000                              
  4562 0000264C 0000                    add [bx+si],al	; 000024CD  0000                              
  4563 0000264E 0300                    add ax,[bx+si]	; 000024CF  0300                              
  4564 00002650 0000                    add [bx+si],al	; 000024D1  0000                              
  4565 00002652 0002                    add [bp+si],al	; 000024D3  0002                              
  4566 00002654 0000                    add [bx+si],al	; 000024D5  0000                              
  4567 00002656 0000                    add [bx+si],al	; 000024D7  0000                              
  4568 00002658 0000                    add [bx+si],al	; 000024D9  0000                              
  4569 0000265A 0300                    add ax,[bx+si]	; 000024DB  0300                              
  4570 0000265C 0000                    add [bx+si],al	; 000024DD  0000                              
  4571 0000265E 0002                    add [bp+si],al	; 000024DF  0002                              
  4572 00002660 0300                    add ax,[bx+si]	; 000024E1  0300                              
  4573 00002662 0000                    add [bx+si],al	; 000024E3  0000                              
  4574 00002664 0002                    add [bp+si],al	; 000024E5  0002                              
  4575 00002666 0000                    add [bx+si],al	; 000024E7  0000                              
  4576 00002668 0300                    add ax,[bx+si]	; 000024E9  0300                              
  4577 0000266A 0000                    add [bx+si],al	; 000024EB  0000                              
  4578 0000266C 0002                    add [bp+si],al	; 000024ED  0002                              
  4579 0000266E 0300                    add ax,[bx+si]	; 000024EF  0300                              
  4580 00002670 0000                    add [bx+si],al	; 000024F1  0000                              
  4581 00002672 0007                    add [bx],al	; 000024F3  0007                              
  4582 00002674 0800                    or [bx+si],al	; 000024F5  0800                              
  4583 00002676 0000                    add [bx+si],al	; 000024F7  0000                              
  4584 00002678 0000                    add [bx+si],al	; 000024F9  0000                              
  4585 0000267A 0000                    add [bx+si],al	; 000024FB  0000                              
  4586 0000267C 0000                    add [bx+si],al	; 000024FD  0000                              
  4587 0000267E 0007                    add [bx],al	; 000024FF  0007                              
  4588 00002680 0800                    or [bx+si],al	; 00002501  0800                              
  4589 00002682 0000                    add [bx+si],al	; 00002503  0000                              
  4590 00002684 0002                    add [bp+si],al	; 00002505  0002                              
  4591 00002686 0000                    add [bx+si],al	; 00002507  0000                              
  4592 00002688 0000                    add [bx+si],al	; 00002509  0000                              
  4593 0000268A 0000                    add [bx+si],al	; 0000250B  0000                              
  4594 0000268C 0300                    add ax,[bx+si]	; 0000250D  0300                              
  4595 0000268E 0000                    add [bx+si],al	; 0000250F  0000                              
  4596 00002690 0002                    add [bp+si],al	; 00002511  0002                              
  4597 00002692 0000                    add [bx+si],al	; 00002513  0000                              
  4598 00002694 0000                    add [bx+si],al	; 00002515  0000                              
  4599 00002696 0000                    add [bx+si],al	; 00002517  0000                              
  4600 00002698 0300                    add ax,[bx+si]	; 00002519  0300                              
  4601 0000269A 0000                    add [bx+si],al	; 0000251B  0000                              
  4602 0000269C 0007                    add [bx],al	; 0000251D  0007                              
  4603 0000269E 0800                    or [bx+si],al	; 0000251F  0800                              
  4604 000026A0 0000                    add [bx+si],al	; 00002521  0000                              
  4605 000026A2 0007                    add [bx],al	; 00002523  0007                              
  4606 000026A4 0404                    add al,0x4	; 00002525  0404                              
  4607 000026A6 0800                    or [bx+si],al	; 00002527  0800                              
  4608 000026A8 0000                    add [bx+si],al	; 00002529  0000                              
  4609 000026AA 0002                    add [bp+si],al	; 0000252B  0002                              
  4610 000026AC 0300                    add ax,[bx+si]	; 0000252D  0300                              
  4611 000026AE 0000                    add [bx+si],al	; 0000252F  0000                              
  4612 000026B0 0000                    add [bx+si],al	; 00002531  0000                              
  4613 000026B2 0000                    add [bx+si],al	; 00002533  0000                              
  4614 000026B4 0000                    add [bx+si],al	; 00002535  0000                              
  4615 000026B6 0005                    add [di],al	; 00002537  0005                              
  4616 000026B8 06                      push es	; 00002539  06                                
  4617 000026B9 0000                    add [bx+si],al	; 0000253A  0000                              
  4618 000026BB 0000                    add [bx+si],al	; 0000253C  0000                              
  4619 000026BD 0000                    add [bx+si],al	; 0000253E  0000                              
  4620 000026BF 0000                    add [bx+si],al	; 00002540  0000                              
  4621 000026C1 0000                    add [bx+si],al	; 00002542  0000                              
  4622 000026C3 0200                    add al,[bx+si]	; 00002544  0200                              
  4623 000026C5 0000                    add [bx+si],al	; 00002546  0000                              
  4624 000026C7 0000                    add [bx+si],al	; 00002548  0000                              
  4625 000026C9 0003                    add [bp+di],al	; 0000254A  0003                              
  4626 000026CB 0000                    add [bx+si],al	; 0000254C  0000                              
  4627 000026CD 0000                    add [bx+si],al	; 0000254E  0000                              
  4628 000026CF 0200                    add al,[bx+si]	; 00002550  0200                              
  4629 000026D1 0000                    add [bx+si],al	; 00002552  0000                              
  4630 000026D3 0000                    add [bx+si],al	; 00002554  0000                              
  4631 000026D5 0003                    add [bp+di],al	; 00002556  0003                              
  4632 000026D7 0000                    add [bx+si],al	; 00002558  0000                              
  4633 000026D9 0000                    add [bx+si],al	; 0000255A  0000                              
  4634 000026DB 0000                    add [bx+si],al	; 0000255C  0000                              
  4635 000026DD 0000                    add [bx+si],al	; 0000255E  0000                              
  4636 000026DF 0000                    add [bx+si],al	; 00002560  0000                              
  4637 000026E1 0000                    add [bx+si],al	; 00002562  0000                              
  4638 000026E3 0000                    add [bx+si],al	; 00002564  0000                              
  4639 000026E5 0000                    add [bx+si],al	; 00002566  0000                              
  4640 000026E7 0000                    add [bx+si],al	; 00002568  0000                              
  4641 000026E9 0203                    add al,[bp+di]	; 0000256A  0203                              
  4642 000026EB 0000                    add [bx+si],al	; 0000256C  0000                              
  4643 000026ED 0000                    add [bx+si],al	; 0000256E  0000                              
  4644 000026EF 0000                    add [bx+si],al	; 00002570  0000                              
  4645 000026F1 0000                    add [bx+si],al	; 00002572  0000                              
  4646 000026F3 0000                    add [bx+si],al	; 00002574  0000                              
  4647 000026F5 0203                    add al,[bp+di]	; 00002576  0203                              
  4648 000026F7 0000                    add [bx+si],al	; 00002578  0000                              
  4649 000026F9 0000                    add [bx+si],al	; 0000257A  0000                              
  4650 000026FB 0000                    add [bx+si],al	; 0000257C  0000                              
  4651 000026FD 0000                    add [bx+si],al	; 0000257E  0000                              
  4652 000026FF 0000                    add [bx+si],al	; 00002580  0000                              
  4653 00002701 0200                    add al,[bx+si]	; 00002582  0200                              
  4654 00002703 0000                    add [bx+si],al	; 00002584  0000                              
  4655 00002705 0000                    add [bx+si],al	; 00002586  0000                              
  4656 00002707 0003                    add [bp+di],al	; 00002588  0003                              
  4657 00002709 0000                    add [bx+si],al	; 0000258A  0000                              
  4658 0000270B 0000                    add [bx+si],al	; 0000258C  0000                              
  4659 0000270D 0200                    add al,[bx+si]	; 0000258E  0200                              
  4660 0000270F 0000                    add [bx+si],al	; 00002590  0000                              
  4661 00002711 0000                    add [bx+si],al	; 00002592  0000                              
  4662 00002713 0003                    add [bp+di],al	; 00002594  0003                              
  4663 00002715 0000                    add [bx+si],al	; 00002596  0000                              
  4664 00002717 0000                    add [bx+si],al	; 00002598  0000                              
  4665 00002719 0000                    add [bx+si],al	; 0000259A  0000                              
  4666 0000271B 0000                    add [bx+si],al	; 0000259C  0000                              
  4667 0000271D 0000                    add [bx+si],al	; 0000259E  0000                              
  4668 0000271F 0000                    add [bx+si],al	; 000025A0  0000                              
  4669 00002721 0000                    add [bx+si],al	; 000025A2  0000                              
  4670 00002723 0000                    add [bx+si],al	; 000025A4  0000                              
  4671 00002725 0000                    add [bx+si],al	; 000025A6  0000                              
  4672 00002727 0203                    add al,[bp+di]	; 000025A8  0203                              
  4673 00002729 0000                    add [bx+si],al	; 000025AA  0000                              
  4674 0000272B 0000                    add [bx+si],al	; 000025AC  0000                              
  4675 0000272D 0000                    add [bx+si],al	; 000025AE  0000                              
  4676 0000272F 0000                    add [bx+si],al	; 000025B0  0000                              
  4677 00002731 0000                    add [bx+si],al	; 000025B2  0000                              
  4678 00002733 0203                    add al,[bp+di]	; 000025B4  0203                              
  4679 00002735 0000                    add [bx+si],al	; 000025B6  0000                              
  4680 00002737 0000                    add [bx+si],al	; 000025B8  0000                              
  4681 00002739 0000                    add [bx+si],al	; 000025BA  0000                              
  4682 0000273B 0000                    add [bx+si],al	; 000025BC  0000                              
  4683 0000273D 0000                    add [bx+si],al	; 000025BE  0000                              
  4684 0000273F 0200                    add al,[bx+si]	; 000025C0  0200                              
  4685 00002741 0000                    add [bx+si],al	; 000025C2  0000                              
  4686 00002743 0000                    add [bx+si],al	; 000025C4  0000                              
  4687 00002745 0003                    add [bp+di],al	; 000025C6  0003                              
  4688 00002747 0000                    add [bx+si],al	; 000025C8  0000                              
  4689 00002749 0000                    add [bx+si],al	; 000025CA  0000                              
  4690 0000274B 0200                    add al,[bx+si]	; 000025CC  0200                              
  4691 0000274D 0000                    add [bx+si],al	; 000025CE  0000                              
  4692 0000274F 0000                    add [bx+si],al	; 000025D0  0000                              
  4693 00002751 0003                    add [bp+di],al	; 000025D2  0003                              
  4694 00002753 0000                    add [bx+si],al	; 000025D4  0000                              
  4695 00002755 0000                    add [bx+si],al	; 000025D6  0000                              
  4696 00002757 0000                    add [bx+si],al	; 000025D8  0000                              
  4697 00002759 0000                    add [bx+si],al	; 000025DA  0000                              
  4698 0000275B 0000                    add [bx+si],al	; 000025DC  0000                              
  4699 0000275D 0000                    add [bx+si],al	; 000025DE  0000                              
  4700 0000275F 0000                    add [bx+si],al	; 000025E0  0000                              
  4701 00002761 0000                    add [bx+si],al	; 000025E2  0000                              
  4702 00002763 0000                    add [bx+si],al	; 000025E4  0000                              
  4703 00002765 021B                    add bl,[bp+di]	; 000025E6  021B                              
  4704 00002767 17                      pop ss	; 000025E8  17                                
  4705 00002768 0404                    add al,0x4	; 000025E9  0404                              
  4706 0000276A 0404                    add al,0x4	; 000025EB  0404                              
  4707 0000276C 0404                    add al,0x4	; 000025ED  0404                              
  4708 0000276E 0404                    add al,0x4	; 000025EF  0404                              
  4709 00002770 181C                    sbb [si],bl	; 000025F1  181C                              
  4710 00002772 1B17                    sbb dx,[bx]	; 000025F3  1B17                              
  4711 00002774 0404                    add al,0x4	; 000025F5  0404                              
  4712 00002776 0404                    add al,0x4	; 000025F7  0404                              
  4713 00002778 0404                    add al,0x4	; 000025F9  0404                              
  4714 0000277A 0404                    add al,0x4	; 000025FB  0404                              
  4715 0000277C 181C                    sbb [si],bl	; 000025FD  181C                              
  4716 0000277E 0000                    add [bx+si],al	; 000025FF  0000                              
  4717 00002780 0000                    add [bx+si],al	; 00002601  0000                              
  4718 00002782 0000                    add [bx+si],al	; 00002603  0000                              
  4719 00002784 0300                    add ax,[bx+si]	; 00002605  0300                              
  4720 00002786 0000                    add [bx+si],al	; 00002607  0000                              
  4721 00002788 0002                    add [bp+si],al	; 00002609  0002                              
  4722 0000278A 0000                    add [bx+si],al	; 0000260B  0000                              
  4723 0000278C 0000                    add [bx+si],al	; 0000260D  0000                              
  4724 0000278E 0000                    add [bx+si],al	; 0000260F  0000                              
  4725 00002790 1B17                    sbb dx,[bx]	; 00002611  1B17                              
  4726 00002792 0404                    add al,0x4	; 00002613  0404                              
  4727 00002794 0404                    add al,0x4	; 00002615  0404                              
  4728 00002796 0404                    add al,0x4	; 00002617  0404                              
  4729 00002798 0404                    add al,0x4	; 00002619  0404                              
  4730 0000279A 0404                    add al,0x4	; 0000261B  0404                              
  4731 0000279C 0404                    add al,0x4	; 0000261D  0404                              
  4732 0000279E 0404                    add al,0x4	; 0000261F  0404                              
  4733 000027A0 0404                    add al,0x4	; 00002621  0404                              
  4734 000027A2 181C                    sbb [si],bl	; 00002623  181C                              
  4735 000027A4 98                      cbw	; 00002625  98                                
  4736 000027A5 16                      push ss	; 00002626  16                                
  4737 000027A6 AC                      lodsb	; 00002627  AC                                
  4738 000027A7 16                      push ss	; 00002628  16                                
  4739 000027A8 4A                      dec dx	; 00002629  4A                                
  4740 000027A9 195E19                  sbb [bp+0x19],bx	; 0000262A  195E19                            
  4741 000027AC BB00E3                  mov bx,0xe300	; 0000262D  BB00E3                            
  4742 000027AF 007B1D                  add [bp+di+0x1d],bh	; 00002630  007B1D                            
  4743 000027B2 A31D00                  mov [0x1d],ax	; 00002633  A31D00                            
  4744 000027B5 0000                    add [bx+si],al	; 00002636  0000                              
  4745 000027B7 0000                    add [bx+si],al	; 00002638  0000                              
  4746 000027B9 0003                    add [bp+di],al	; 0000263A  0003                              
  4747 000027BB C003C0                  rol byte [bp+di],byte 0xc0	; 0000263C  C003C0                            
  4748 000027BE 0000                    add [bx+si],al	; 0000263F  0000                              
  4749 000027C0 0000                    add [bx+si],al	; 00002641  0000                              
  4750 000027C2 0000                    add [bx+si],al	; 00002643  0000                              
  4751 000027C4 0F                      db 0x0f	; 00002645  0F                                
  4752 000027C5 F0                      lock	; 00002646  F0                                
  4752          ******************       warning: instruction is not lockable [-w+prefix-lock-error]
  4753 000027C6 3F                      aas	; 00002647  3F                                
  4754 000027C7 FC                      cld	; 00002648  FC                                
  4755 000027C8 FF                      db 0xff	; 00002649  FF                                
  4756 000027C9 FF                      db 0xff	; 0000264A  FF                                
  4757 000027CA FF                      db 0xff	; 0000264B  FF                                
  4758 000027CB FF                      db 0xff	; 0000264C  FF                                
  4759 000027CC FF                      db 0xff	; 0000264D  FF                                
  4760 000027CD FF                      db 0xff	; 0000264E  FF                                
  4761 000027CE FF                      db 0xff	; 0000264F  FF                                
  4762 000027CF FF                      db 0xff	; 00002650  FF                                
  4763 000027D0 3F                      aas	; 00002651  3F                                
  4764 000027D1 FC                      cld	; 00002652  FC                                
  4765 000027D2 0F                      db 0x0f	; 00002653  0F                                
  4766 000027D3 F00000                  lock add [bx+si],al	; 00002654  F00000                            
  4767 000027D6 0000                    add [bx+si],al	; 00002657  0000                              
  4768 000027D8 0000                    add [bx+si],al	; 00002659  0000                              
  4769 000027DA 0000                    add [bx+si],al	; 0000265B  0000                              
  4770 000027DC 0000                    add [bx+si],al	; 0000265D  0000                              
  4771 000027DE 0000                    add [bx+si],al	; 0000265F  0000                              
  4772 000027E0 0000                    add [bx+si],al	; 00002661  0000                              
  4773 000027E2 0000                    add [bx+si],al	; 00002663  0000                              
  4774 000027E4 0100                    add [bx+si],ax	; 00002665  0100                              
  4775 000027E6 0000                    add [bx+si],al	; 00002667  0000                              
  4776 000027E8 0000                    add [bx+si],al	; 00002669  0000                              
  4777 000027EA 0000                    add [bx+si],al	; 0000266B  0000                              
  4778 000027EC 0000                    add [bx+si],al	; 0000266D  0000                              
  4779 000027EE 0000                    add [bx+si],al	; 0000266F  0000                              
  4780 000027F0 0000                    add [bx+si],al	; 00002671  0000                              
  4781 000027F2 0000                    add [bx+si],al	; 00002673  0000                              
  4782 000027F4 0000                    add [bx+si],al	; 00002675  0000                              
  4783 000027F6 0000                    add [bx+si],al	; 00002677  0000                              
  4784 000027F8 0000                    add [bx+si],al	; 00002679  0000                              
  4785 000027FA 0000                    add [bx+si],al	; 0000267B  0000                              
  4786 000027FC 0000                    add [bx+si],al	; 0000267D  0000                              
  4787 000027FE 0000                    add [bx+si],al	; 0000267F  0000                              
  4788 00002800 0000                    add [bx+si],al	; 00002681  0000                              
  4789 00002802 0000                    add [bx+si],al	; 00002683  0000                              
  4790 00002804 0000                    add [bx+si],al	; 00002685  0000                              
  4791 00002806 0000                    add [bx+si],al	; 00002687  0000                              
  4792 00002808 0000                    add [bx+si],al	; 00002689  0000                              
  4793 0000280A 0000                    add [bx+si],al	; 0000268B  0000                              
  4794 0000280C 0000                    add [bx+si],al	; 0000268D  0000                              
  4795 0000280E 0000                    add [bx+si],al	; 0000268F  0000                              
  4796 00002810 0000                    add [bx+si],al	; 00002691  0000                              
  4797 00002812 0000                    add [bx+si],al	; 00002693  0000                              
  4798 00002814 0000                    add [bx+si],al	; 00002695  0000                              
  4799 00002816 0000                    add [bx+si],al	; 00002697  0000                              
  4800 00002818 0000                    add [bx+si],al	; 00002699  0000                              
  4801 0000281A 0000                    add [bx+si],al	; 0000269B  0000                              
  4802 0000281C 0000                    add [bx+si],al	; 0000269D  0000                              
  4803 0000281E 0000                    add [bx+si],al	; 0000269F  0000                              
  4804 00002820 0000                    add [bx+si],al	; 000026A1  0000                              
  4805 00002822 0000                    add [bx+si],al	; 000026A3  0000                              
  4806 00002824 0000                    add [bx+si],al	; 000026A5  0000                              
  4807 00002826 0000                    add [bx+si],al	; 000026A7  0000                              
  4808 00002828 0000                    add [bx+si],al	; 000026A9  0000                              
  4809 0000282A 0000                    add [bx+si],al	; 000026AB  0000                              
  4810 0000282C 0000                    add [bx+si],al	; 000026AD  0000                              
  4811 0000282E 0000                    add [bx+si],al	; 000026AF  0000                              
  4812 00002830 0000                    add [bx+si],al	; 000026B1  0000                              
  4813 00002832 0000                    add [bx+si],al	; 000026B3  0000                              
  4814 00002834 0000                    add [bx+si],al	; 000026B5  0000                              
  4815 00002836 0000                    add [bx+si],al	; 000026B7  0000                              
  4816 00002838 0000                    add [bx+si],al	; 000026B9  0000                              
  4817 0000283A 0000                    add [bx+si],al	; 000026BB  0000                              
  4818 0000283C 0000                    add [bx+si],al	; 000026BD  0000                              
  4819 0000283E 0000                    add [bx+si],al	; 000026BF  0000                              
  4820 00002840 0000                    add [bx+si],al	; 000026C1  0000                              
  4821 00002842 0000                    add [bx+si],al	; 000026C3  0000                              
  4822 00002844 0000                    add [bx+si],al	; 000026C5  0000                              
  4823 00002846 0000                    add [bx+si],al	; 000026C7  0000                              
  4824 00002848 0000                    add [bx+si],al	; 000026C9  0000                              
  4825 0000284A 0000                    add [bx+si],al	; 000026CB  0000                              
  4826 0000284C 0000                    add [bx+si],al	; 000026CD  0000                              
  4827 0000284E 0000                    add [bx+si],al	; 000026CF  0000                              
  4828 00002850 0000                    add [bx+si],al	; 000026D1  0000                              
  4829 00002852 0000                    add [bx+si],al	; 000026D3  0000                              
  4830 00002854 0000                    add [bx+si],al	; 000026D5  0000                              
  4831 00002856 0000                    add [bx+si],al	; 000026D7  0000                              
  4832 00002858 0000                    add [bx+si],al	; 000026D9  0000                              
  4833 0000285A 0000                    add [bx+si],al	; 000026DB  0000                              
  4834 0000285C 0000                    add [bx+si],al	; 000026DD  0000                              
  4835 0000285E 0000                    add [bx+si],al	; 000026DF  0000                              
  4836 00002860 0000                    add [bx+si],al	; 000026E1  0000                              
  4837 00002862 0000                    add [bx+si],al	; 000026E3  0000                              
  4838 00002864 0000                    add [bx+si],al	; 000026E5  0000                              
  4839 00002866 0000                    add [bx+si],al	; 000026E7  0000                              
  4840 00002868 0000                    add [bx+si],al	; 000026E9  0000                              
  4841 0000286A 0000                    add [bx+si],al	; 000026EB  0000                              
  4842 0000286C 0000                    add [bx+si],al	; 000026ED  0000                              
  4843 0000286E 0000                    add [bx+si],al	; 000026EF  0000                              
  4844 00002870 0000                    add [bx+si],al	; 000026F1  0000                              
  4845 00002872 0000                    add [bx+si],al	; 000026F3  0000                              
  4846 00002874 0000                    add [bx+si],al	; 000026F5  0000                              
  4847 00002876 0000                    add [bx+si],al	; 000026F7  0000                              
  4848 00002878 0000                    add [bx+si],al	; 000026F9  0000                              
  4849 0000287A 0000                    add [bx+si],al	; 000026FB  0000                              
  4850 0000287C 0000                    add [bx+si],al	; 000026FD  0000                              
  4851 0000287E 0000                    add [bx+si],al	; 000026FF  0000                              
  4852 00002880 0000                    add [bx+si],al	; 00002701  0000                              
  4853 00002882 0000                    add [bx+si],al	; 00002703  0000                              
  4854 00002884 0000                    add [bx+si],al	; 00002705  0000                              
  4855 00002886 0000                    add [bx+si],al	; 00002707  0000                              
  4856 00002888 0000                    add [bx+si],al	; 00002709  0000                              
  4857 0000288A 0000                    add [bx+si],al	; 0000270B  0000                              
  4858 0000288C 0000                    add [bx+si],al	; 0000270D  0000                              
  4859 0000288E 0000                    add [bx+si],al	; 0000270F  0000                              
  4860 00002890 0000                    add [bx+si],al	; 00002711  0000                              
  4861 00002892 0000                    add [bx+si],al	; 00002713  0000                              
  4862 00002894 0000                    add [bx+si],al	; 00002715  0000                              
  4863 00002896 0000                    add [bx+si],al	; 00002717  0000                              
  4864 00002898 0000                    add [bx+si],al	; 00002719  0000                              
  4865 0000289A 0000                    add [bx+si],al	; 0000271B  0000                              
  4866 0000289C 0000                    add [bx+si],al	; 0000271D  0000                              
  4867 0000289E 0000                    add [bx+si],al	; 0000271F  0000                              
  4868 000028A0 0000                    add [bx+si],al	; 00002721  0000                              
  4869 000028A2 0000                    add [bx+si],al	; 00002723  0000                              
  4870 000028A4 0000                    add [bx+si],al	; 00002725  0000                              
  4871 000028A6 0000                    add [bx+si],al	; 00002727  0000                              
  4872 000028A8 0000                    add [bx+si],al	; 00002729  0000                              
  4873 000028AA 0000                    add [bx+si],al	; 0000272B  0000                              
  4874 000028AC 0000                    add [bx+si],al	; 0000272D  0000                              
  4875 000028AE 0000                    add [bx+si],al	; 0000272F  0000                              
  4876 000028B0 0000                    add [bx+si],al	; 00002731  0000                              
  4877 000028B2 0000                    add [bx+si],al	; 00002733  0000                              
  4878 000028B4 0000                    add [bx+si],al	; 00002735  0000                              
  4879 000028B6 0000                    add [bx+si],al	; 00002737  0000                              
  4880 000028B8 0000                    add [bx+si],al	; 00002739  0000                              
  4881 000028BA 0000                    add [bx+si],al	; 0000273B  0000                              
  4882 000028BC 0000                    add [bx+si],al	; 0000273D  0000                              
  4883 000028BE 0000                    add [bx+si],al	; 0000273F  0000                              
  4884 000028C0 0000                    add [bx+si],al	; 00002741  0000                              
  4885 000028C2 0000                    add [bx+si],al	; 00002743  0000                              
  4886 000028C4 0000                    add [bx+si],al	; 00002745  0000                              
  4887 000028C6 0000                    add [bx+si],al	; 00002747  0000                              
  4888 000028C8 0000                    add [bx+si],al	; 00002749  0000                              
  4889 000028CA 0000                    add [bx+si],al	; 0000274B  0000                              
  4890 000028CC 0000                    add [bx+si],al	; 0000274D  0000                              
  4891 000028CE 0000                    add [bx+si],al	; 0000274F  0000                              
  4892 000028D0 0000                    add [bx+si],al	; 00002751  0000                              
  4893 000028D2 0000                    add [bx+si],al	; 00002753  0000                              
  4894 000028D4 0000                    add [bx+si],al	; 00002755  0000                              
  4895 000028D6 0000                    add [bx+si],al	; 00002757  0000                              
  4896 000028D8 0000                    add [bx+si],al	; 00002759  0000                              
  4897 000028DA 0000                    add [bx+si],al	; 0000275B  0000                              
  4898 000028DC 0000                    add [bx+si],al	; 0000275D  0000                              
  4899 000028DE 0000                    add [bx+si],al	; 0000275F  0000                              
  4900 000028E0 0000                    add [bx+si],al	; 00002761  0000                              
  4901 000028E2 0000                    add [bx+si],al	; 00002763  0000                              
  4902 000028E4 0000                    add [bx+si],al	; 00002765  0000                              
  4903 000028E6 0000                    add [bx+si],al	; 00002767  0000                              
  4904 000028E8 0000                    add [bx+si],al	; 00002769  0000                              
  4905 000028EA 0000                    add [bx+si],al	; 0000276B  0000                              
  4906 000028EC 0000                    add [bx+si],al	; 0000276D  0000                              
  4907 000028EE 0000                    add [bx+si],al	; 0000276F  0000                              
  4908 000028F0 0000                    add [bx+si],al	; 00002771  0000                              
  4909 000028F2 0000                    add [bx+si],al	; 00002773  0000                              
  4910 000028F4 0000                    add [bx+si],al	; 00002775  0000                              
  4911 000028F6 0000                    add [bx+si],al	; 00002777  0000                              
  4912 000028F8 0000                    add [bx+si],al	; 00002779  0000                              
  4913 000028FA 0000                    add [bx+si],al	; 0000277B  0000                              
  4914 000028FC 0000                    add [bx+si],al	; 0000277D  0000                              
  4915 000028FE 0000                    add [bx+si],al	; 0000277F  0000                              
  4916 00002900 0000                    add [bx+si],al	; 00002781  0000                              
  4917 00002902 0000                    add [bx+si],al	; 00002783  0000                              
  4918 00002904 0000                    add [bx+si],al	; 00002785  0000                              
  4919 00002906 0000                    add [bx+si],al	; 00002787  0000                              
  4920 00002908 0000                    add [bx+si],al	; 00002789  0000                              
  4921 0000290A 0000                    add [bx+si],al	; 0000278B  0000                              
  4922 0000290C 0000                    add [bx+si],al	; 0000278D  0000                              
  4923 0000290E 0000                    add [bx+si],al	; 0000278F  0000                              
  4924 00002910 0000                    add [bx+si],al	; 00002791  0000                              
  4925 00002912 0000                    add [bx+si],al	; 00002793  0000                              
  4926 00002914 0000                    add [bx+si],al	; 00002795  0000                              
  4927 00002916 0000                    add [bx+si],al	; 00002797  0000                              
  4928 00002918 0000                    add [bx+si],al	; 00002799  0000                              
  4929 0000291A 0000                    add [bx+si],al	; 0000279B  0000                              
  4930 0000291C 0000                    add [bx+si],al	; 0000279D  0000                              
  4931 0000291E 0000                    add [bx+si],al	; 0000279F  0000                              
  4932 00002920 0000                    add [bx+si],al	; 000027A1  0000                              
  4933 00002922 0000                    add [bx+si],al	; 000027A3  0000                              
  4934 00002924 0000                    add [bx+si],al	; 000027A5  0000                              
  4935 00002926 0000                    add [bx+si],al	; 000027A7  0000                              
  4936 00002928 0000                    add [bx+si],al	; 000027A9  0000                              
  4937 0000292A 0000                    add [bx+si],al	; 000027AB  0000                              
  4938 0000292C 0000                    add [bx+si],al	; 000027AD  0000                              
  4939 0000292E 0000                    add [bx+si],al	; 000027AF  0000                              
  4940 00002930 0000                    add [bx+si],al	; 000027B1  0000                              
  4941 00002932 0000                    add [bx+si],al	; 000027B3  0000                              
  4942 00002934 0000                    add [bx+si],al	; 000027B5  0000                              
  4943 00002936 0000                    add [bx+si],al	; 000027B7  0000                              
  4944 00002938 0000                    add [bx+si],al	; 000027B9  0000                              
  4945 0000293A 0000                    add [bx+si],al	; 000027BB  0000                              
  4946 0000293C 0000                    add [bx+si],al	; 000027BD  0000                              
  4947 0000293E 0000                    add [bx+si],al	; 000027BF  0000                              
  4948 00002940 0000                    add [bx+si],al	; 000027C1  0000                              
  4949 00002942 0000                    add [bx+si],al	; 000027C3  0000                              
  4950 00002944 0000                    add [bx+si],al	; 000027C5  0000                              
  4951 00002946 0000                    add [bx+si],al	; 000027C7  0000                              
  4952 00002948 0000                    add [bx+si],al	; 000027C9  0000                              
  4953 0000294A 0000                    add [bx+si],al	; 000027CB  0000                              
  4954 0000294C 0000                    add [bx+si],al	; 000027CD  0000                              
  4955 0000294E 0000                    add [bx+si],al	; 000027CF  0000                              
  4956 00002950 0000                    add [bx+si],al	; 000027D1  0000                              
  4957 00002952 0000                    add [bx+si],al	; 000027D3  0000                              
  4958 00002954 0000                    add [bx+si],al	; 000027D5  0000                              
  4959 00002956 0000                    add [bx+si],al	; 000027D7  0000                              
  4960 00002958 0000                    add [bx+si],al	; 000027D9  0000                              
  4961 0000295A 0000                    add [bx+si],al	; 000027DB  0000                              
  4962 0000295C 0000                    add [bx+si],al	; 000027DD  0000                              
  4963 0000295E 0000                    add [bx+si],al	; 000027DF  0000                              
  4964 00002960 0000                    add [bx+si],al	; 000027E1  0000                              
  4965 00002962 0000                    add [bx+si],al	; 000027E3  0000                              
  4966 00002964 0000                    add [bx+si],al	; 000027E5  0000                              
  4967 00002966 0000                    add [bx+si],al	; 000027E7  0000                              
  4968 00002968 0000                    add [bx+si],al	; 000027E9  0000                              
  4969 0000296A 0000                    add [bx+si],al	; 000027EB  0000                              
  4970 0000296C 0000                    add [bx+si],al	; 000027ED  0000                              
  4971 0000296E 0000                    add [bx+si],al	; 000027EF  0000                              
  4972 00002970 0000                    add [bx+si],al	; 000027F1  0000                              
  4973 00002972 0000                    add [bx+si],al	; 000027F3  0000                              
  4974 00002974 0000                    add [bx+si],al	; 000027F5  0000                              
  4975 00002976 0000                    add [bx+si],al	; 000027F7  0000                              
  4976 00002978 0000                    add [bx+si],al	; 000027F9  0000                              
  4977 0000297A 0000                    add [bx+si],al	; 000027FB  0000                              
  4978 0000297C 0000                    add [bx+si],al	; 000027FD  0000                              
  4979 0000297E 0000                    add [bx+si],al	; 000027FF  0000                              
  4980 00002980 0000                    add [bx+si],al	; 00002801  0000                              
  4981 00002982 0000                    add [bx+si],al	; 00002803  0000                              
  4982 00002984 0000                    add [bx+si],al	; 00002805  0000                              
  4983 00002986 0000                    add [bx+si],al	; 00002807  0000                              
  4984 00002988 0000                    add [bx+si],al	; 00002809  0000                              
  4985 0000298A 0000                    add [bx+si],al	; 0000280B  0000                              
  4986 0000298C 0000                    add [bx+si],al	; 0000280D  0000                              
  4987 0000298E 0000                    add [bx+si],al	; 0000280F  0000                              
  4988 00002990 0000                    add [bx+si],al	; 00002811  0000                              
  4989 00002992 0000                    add [bx+si],al	; 00002813  0000                              
  4990 00002994 0000                    add [bx+si],al	; 00002815  0000                              
  4991 00002996 0000                    add [bx+si],al	; 00002817  0000                              
  4992 00002998 0000                    add [bx+si],al	; 00002819  0000                              
  4993 0000299A 0000                    add [bx+si],al	; 0000281B  0000                              
  4994 0000299C 0000                    add [bx+si],al	; 0000281D  0000                              
  4995 0000299E 0000                    add [bx+si],al	; 0000281F  0000                              
  4996 000029A0 0000                    add [bx+si],al	; 00002821  0000                              
  4997 000029A2 0000                    add [bx+si],al	; 00002823  0000                              
  4998 000029A4 0000                    add [bx+si],al	; 00002825  0000                              
  4999 000029A6 0000                    add [bx+si],al	; 00002827  0000                              
  5000 000029A8 0000                    add [bx+si],al	; 00002829  0000                              
  5001 000029AA 0000                    add [bx+si],al	; 0000282B  0000                              
  5002 000029AC 0000                    add [bx+si],al	; 0000282D  0000                              
  5003 000029AE 0000                    add [bx+si],al	; 0000282F  0000                              
  5004 000029B0 0000                    add [bx+si],al	; 00002831  0000                              
  5005 000029B2 0000                    add [bx+si],al	; 00002833  0000                              
  5006 000029B4 0000                    add [bx+si],al	; 00002835  0000                              
  5007 000029B6 0000                    add [bx+si],al	; 00002837  0000                              
  5008 000029B8 0000                    add [bx+si],al	; 00002839  0000                              
  5009 000029BA 0000                    add [bx+si],al	; 0000283B  0000                              
  5010 000029BC 0000                    add [bx+si],al	; 0000283D  0000                              
  5011 000029BE 0000                    add [bx+si],al	; 0000283F  0000                              
  5012 000029C0 0000                    add [bx+si],al	; 00002841  0000                              
  5013 000029C2 0000                    add [bx+si],al	; 00002843  0000                              
  5014 000029C4 0000                    add [bx+si],al	; 00002845  0000                              
  5015 000029C6 0000                    add [bx+si],al	; 00002847  0000                              
  5016 000029C8 0000                    add [bx+si],al	; 00002849  0000                              
  5017 000029CA 0000                    add [bx+si],al	; 0000284B  0000                              
  5018 000029CC 0000                    add [bx+si],al	; 0000284D  0000                              
  5019 000029CE 0000                    add [bx+si],al	; 0000284F  0000                              
  5020 000029D0 0000                    add [bx+si],al	; 00002851  0000                              
  5021 000029D2 0000                    add [bx+si],al	; 00002853  0000                              
  5022 000029D4 0000                    add [bx+si],al	; 00002855  0000                              
  5023 000029D6 0000                    add [bx+si],al	; 00002857  0000                              
  5024 000029D8 0000                    add [bx+si],al	; 00002859  0000                              
  5025 000029DA 0000                    add [bx+si],al	; 0000285B  0000                              
  5026 000029DC 0000                    add [bx+si],al	; 0000285D  0000                              
  5027 000029DE 0000                    add [bx+si],al	; 0000285F  0000                              
  5028 000029E0 0000                    add [bx+si],al	; 00002861  0000                              
  5029 000029E2 0000                    add [bx+si],al	; 00002863  0000                              
  5030 000029E4 0000                    add [bx+si],al	; 00002865  0000                              
  5031 000029E6 0000                    add [bx+si],al	; 00002867  0000                              
  5032 000029E8 0000                    add [bx+si],al	; 00002869  0000                              
  5033 000029EA 0000                    add [bx+si],al	; 0000286B  0000                              
  5034 000029EC 0000                    add [bx+si],al	; 0000286D  0000                              
  5035 000029EE 0000                    add [bx+si],al	; 0000286F  0000                              
  5036 000029F0 0000                    add [bx+si],al	; 00002871  0000                              
  5037 000029F2 0000                    add [bx+si],al	; 00002873  0000                              
  5038 000029F4 0000                    add [bx+si],al	; 00002875  0000                              
  5039 000029F6 0000                    add [bx+si],al	; 00002877  0000                              
  5040 000029F8 0000                    add [bx+si],al	; 00002879  0000                              
  5041 000029FA 0000                    add [bx+si],al	; 0000287B  0000                              
  5042 000029FC 0000                    add [bx+si],al	; 0000287D  0000                              
  5043 000029FE 0000                    add [bx+si],al	; 0000287F  0000                              
  5044 00002A00 0000                    add [bx+si],al	; 00002881  0000                              
  5045 00002A02 0000                    add [bx+si],al	; 00002883  0000                              
  5046 00002A04 0000                    add [bx+si],al	; 00002885  0000                              
  5047 00002A06 0000                    add [bx+si],al	; 00002887  0000                              
  5048 00002A08 0000                    add [bx+si],al	; 00002889  0000                              
  5049 00002A0A 0000                    add [bx+si],al	; 0000288B  0000                              
  5050 00002A0C 0000                    add [bx+si],al	; 0000288D  0000                              
  5051 00002A0E 0000                    add [bx+si],al	; 0000288F  0000                              
  5052 00002A10 0000                    add [bx+si],al	; 00002891  0000                              
  5053 00002A12 0000                    add [bx+si],al	; 00002893  0000                              
  5054 00002A14 0000                    add [bx+si],al	; 00002895  0000                              
  5055 00002A16 0000                    add [bx+si],al	; 00002897  0000                              
  5056 00002A18 0000                    add [bx+si],al	; 00002899  0000                              
  5057 00002A1A 0000                    add [bx+si],al	; 0000289B  0000                              
  5058 00002A1C 0000                    add [bx+si],al	; 0000289D  0000                              
  5059 00002A1E 0000                    add [bx+si],al	; 0000289F  0000                              
  5060 00002A20 0000                    add [bx+si],al	; 000028A1  0000                              
  5061 00002A22 0000                    add [bx+si],al	; 000028A3  0000                              
  5062 00002A24 0000                    add [bx+si],al	; 000028A5  0000                              
  5063 00002A26 0000                    add [bx+si],al	; 000028A7  0000                              
  5064 00002A28 0000                    add [bx+si],al	; 000028A9  0000                              
  5065 00002A2A 0000                    add [bx+si],al	; 000028AB  0000                              
  5066 00002A2C 0000                    add [bx+si],al	; 000028AD  0000                              
  5067 00002A2E 0000                    add [bx+si],al	; 000028AF  0000                              
  5068 00002A30 0000                    add [bx+si],al	; 000028B1  0000                              
  5069 00002A32 0000                    add [bx+si],al	; 000028B3  0000                              
  5070 00002A34 0000                    add [bx+si],al	; 000028B5  0000                              
  5071 00002A36 0000                    add [bx+si],al	; 000028B7  0000                              
  5072 00002A38 0000                    add [bx+si],al	; 000028B9  0000                              
  5073 00002A3A 0000                    add [bx+si],al	; 000028BB  0000                              
  5074 00002A3C 0000                    add [bx+si],al	; 000028BD  0000                              
  5075 00002A3E 0000                    add [bx+si],al	; 000028BF  0000                              
  5076 00002A40 0000                    add [bx+si],al	; 000028C1  0000                              
  5077 00002A42 0000                    add [bx+si],al	; 000028C3  0000                              
  5078 00002A44 0000                    add [bx+si],al	; 000028C5  0000                              
  5079 00002A46 0000                    add [bx+si],al	; 000028C7  0000                              
  5080 00002A48 0000                    add [bx+si],al	; 000028C9  0000                              
  5081 00002A4A 0000                    add [bx+si],al	; 000028CB  0000                              
  5082 00002A4C 0000                    add [bx+si],al	; 000028CD  0000                              
  5083 00002A4E 0000                    add [bx+si],al	; 000028CF  0000                              
  5084 00002A50 0000                    add [bx+si],al	; 000028D1  0000                              
  5085 00002A52 0000                    add [bx+si],al	; 000028D3  0000                              
  5086 00002A54 0000                    add [bx+si],al	; 000028D5  0000                              
  5087 00002A56 0000                    add [bx+si],al	; 000028D7  0000                              
  5088 00002A58 0000                    add [bx+si],al	; 000028D9  0000                              
  5089 00002A5A 0000                    add [bx+si],al	; 000028DB  0000                              
  5090 00002A5C 0000                    add [bx+si],al	; 000028DD  0000                              
  5091 00002A5E 0000                    add [bx+si],al	; 000028DF  0000                              
  5092 00002A60 0000                    add [bx+si],al	; 000028E1  0000                              
  5093 00002A62 0000                    add [bx+si],al	; 000028E3  0000                              
  5094 00002A64 0000                    add [bx+si],al	; 000028E5  0000                              
  5095 00002A66 0000                    add [bx+si],al	; 000028E7  0000                              
  5096 00002A68 0000                    add [bx+si],al	; 000028E9  0000                              
  5097 00002A6A 0000                    add [bx+si],al	; 000028EB  0000                              
  5098 00002A6C 0000                    add [bx+si],al	; 000028ED  0000                              
  5099 00002A6E 0000                    add [bx+si],al	; 000028EF  0000                              
  5100 00002A70 0000                    add [bx+si],al	; 000028F1  0000                              
  5101 00002A72 0000                    add [bx+si],al	; 000028F3  0000                              
  5102 00002A74 0000                    add [bx+si],al	; 000028F5  0000                              
  5103 00002A76 0000                    add [bx+si],al	; 000028F7  0000                              
  5104 00002A78 0000                    add [bx+si],al	; 000028F9  0000                              
  5105 00002A7A 0000                    add [bx+si],al	; 000028FB  0000                              
  5106 00002A7C 0000                    add [bx+si],al	; 000028FD  0000                              
  5107 00002A7E 0000                    add [bx+si],al	; 000028FF  0000                              
  5108 00002A80 0000                    add [bx+si],al	; 00002901  0000                              
  5109 00002A82 0000                    add [bx+si],al	; 00002903  0000                              
  5110 00002A84 0000                    add [bx+si],al	; 00002905  0000                              
  5111 00002A86 0000                    add [bx+si],al	; 00002907  0000                              
  5112 00002A88 0000                    add [bx+si],al	; 00002909  0000                              
  5113 00002A8A 0000                    add [bx+si],al	; 0000290B  0000                              
  5114 00002A8C 0000                    add [bx+si],al	; 0000290D  0000                              
  5115 00002A8E 0000                    add [bx+si],al	; 0000290F  0000                              
  5116 00002A90 0000                    add [bx+si],al	; 00002911  0000                              
  5117 00002A92 0000                    add [bx+si],al	; 00002913  0000                              
  5118 00002A94 0000                    add [bx+si],al	; 00002915  0000                              
  5119 00002A96 0000                    add [bx+si],al	; 00002917  0000                              
  5120 00002A98 0000                    add [bx+si],al	; 00002919  0000                              
  5121 00002A9A 0000                    add [bx+si],al	; 0000291B  0000                              
  5122 00002A9C 0000                    add [bx+si],al	; 0000291D  0000                              
  5123 00002A9E 0000                    add [bx+si],al	; 0000291F  0000                              
  5124 00002AA0 0000                    add [bx+si],al	; 00002921  0000                              
  5125 00002AA2 0000                    add [bx+si],al	; 00002923  0000                              
  5126 00002AA4 0000                    add [bx+si],al	; 00002925  0000                              
  5127 00002AA6 0000                    add [bx+si],al	; 00002927  0000                              
  5128 00002AA8 0000                    add [bx+si],al	; 00002929  0000                              
  5129 00002AAA 0000                    add [bx+si],al	; 0000292B  0000                              
  5130 00002AAC 0000                    add [bx+si],al	; 0000292D  0000                              
  5131 00002AAE 0000                    add [bx+si],al	; 0000292F  0000                              
  5132 00002AB0 0000                    add [bx+si],al	; 00002931  0000                              
  5133 00002AB2 0000                    add [bx+si],al	; 00002933  0000                              
  5134 00002AB4 0000                    add [bx+si],al	; 00002935  0000                              
  5135 00002AB6 0000                    add [bx+si],al	; 00002937  0000                              
  5136 00002AB8 0000                    add [bx+si],al	; 00002939  0000                              
  5137 00002ABA 0000                    add [bx+si],al	; 0000293B  0000                              
  5138 00002ABC 0000                    add [bx+si],al	; 0000293D  0000                              
  5139 00002ABE 0000                    add [bx+si],al	; 0000293F  0000                              
  5140 00002AC0 0000                    add [bx+si],al	; 00002941  0000                              
  5141 00002AC2 0000                    add [bx+si],al	; 00002943  0000                              
  5142 00002AC4 0000                    add [bx+si],al	; 00002945  0000                              
  5143 00002AC6 0000                    add [bx+si],al	; 00002947  0000                              
  5144 00002AC8 0000                    add [bx+si],al	; 00002949  0000                              
  5145 00002ACA 0000                    add [bx+si],al	; 0000294B  0000                              
  5146 00002ACC 0000                    add [bx+si],al	; 0000294D  0000                              
  5147 00002ACE 0000                    add [bx+si],al	; 0000294F  0000                              
  5148 00002AD0 0000                    add [bx+si],al	; 00002951  0000                              
  5149 00002AD2 0000                    add [bx+si],al	; 00002953  0000                              
  5150 00002AD4 0000                    add [bx+si],al	; 00002955  0000                              
  5151 00002AD6 0000                    add [bx+si],al	; 00002957  0000                              
  5152 00002AD8 0000                    add [bx+si],al	; 00002959  0000                              
  5153 00002ADA 0000                    add [bx+si],al	; 0000295B  0000                              
  5154 00002ADC 0000                    add [bx+si],al	; 0000295D  0000                              
  5155 00002ADE 0000                    add [bx+si],al	; 0000295F  0000                              
  5156 00002AE0 0000                    add [bx+si],al	; 00002961  0000                              
  5157 00002AE2 0000                    add [bx+si],al	; 00002963  0000                              
  5158 00002AE4 0000                    add [bx+si],al	; 00002965  0000                              
  5159 00002AE6 0000                    add [bx+si],al	; 00002967  0000                              
  5160 00002AE8 0000                    add [bx+si],al	; 00002969  0000                              
  5161 00002AEA 0000                    add [bx+si],al	; 0000296B  0000                              
  5162 00002AEC 0000                    add [bx+si],al	; 0000296D  0000                              
  5163 00002AEE 0000                    add [bx+si],al	; 0000296F  0000                              
  5164 00002AF0 0000                    add [bx+si],al	; 00002971  0000                              
  5165 00002AF2 0000                    add [bx+si],al	; 00002973  0000                              
  5166 00002AF4 0000                    add [bx+si],al	; 00002975  0000                              
  5167 00002AF6 0000                    add [bx+si],al	; 00002977  0000                              
  5168 00002AF8 0000                    add [bx+si],al	; 00002979  0000                              
  5169 00002AFA 0000                    add [bx+si],al	; 0000297B  0000                              
  5170 00002AFC 0000                    add [bx+si],al	; 0000297D  0000                              
  5171 00002AFE 0000                    add [bx+si],al	; 0000297F  0000                              
  5172 00002B00 0000                    add [bx+si],al	; 00002981  0000                              
  5173 00002B02 0000                    add [bx+si],al	; 00002983  0000                              
  5174 00002B04 0000                    add [bx+si],al	; 00002985  0000                              
  5175 00002B06 0000                    add [bx+si],al	; 00002987  0000                              
  5176 00002B08 0000                    add [bx+si],al	; 00002989  0000                              
  5177 00002B0A 0000                    add [bx+si],al	; 0000298B  0000                              
  5178 00002B0C 0000                    add [bx+si],al	; 0000298D  0000                              
  5179 00002B0E 0000                    add [bx+si],al	; 0000298F  0000                              
  5180 00002B10 0000                    add [bx+si],al	; 00002991  0000                              
  5181 00002B12 0000                    add [bx+si],al	; 00002993  0000                              
  5182 00002B14 0000                    add [bx+si],al	; 00002995  0000                              
  5183 00002B16 0000                    add [bx+si],al	; 00002997  0000                              
  5184 00002B18 0000                    add [bx+si],al	; 00002999  0000                              
  5185 00002B1A 0000                    add [bx+si],al	; 0000299B  0000                              
  5186 00002B1C 0000                    add [bx+si],al	; 0000299D  0000                              
  5187 00002B1E 0000                    add [bx+si],al	; 0000299F  0000                              
  5188 00002B20 0000                    add [bx+si],al	; 000029A1  0000                              
  5189 00002B22 0000                    add [bx+si],al	; 000029A3  0000                              
  5190 00002B24 0000                    add [bx+si],al	; 000029A5  0000                              
  5191 00002B26 0000                    add [bx+si],al	; 000029A7  0000                              
  5192 00002B28 0000                    add [bx+si],al	; 000029A9  0000                              
  5193 00002B2A 0000                    add [bx+si],al	; 000029AB  0000                              
  5194 00002B2C 0000                    add [bx+si],al	; 000029AD  0000                              
  5195 00002B2E 0000                    add [bx+si],al	; 000029AF  0000                              
  5196 00002B30 0000                    add [bx+si],al	; 000029B1  0000                              
  5197 00002B32 0000                    add [bx+si],al	; 000029B3  0000                              
  5198 00002B34 0000                    add [bx+si],al	; 000029B5  0000                              
  5199 00002B36 0000                    add [bx+si],al	; 000029B7  0000                              
  5200 00002B38 0000                    add [bx+si],al	; 000029B9  0000                              
  5201 00002B3A 0000                    add [bx+si],al	; 000029BB  0000                              
  5202 00002B3C 0000                    add [bx+si],al	; 000029BD  0000                              
  5203 00002B3E 0000                    add [bx+si],al	; 000029BF  0000                              
  5204 00002B40 0000                    add [bx+si],al	; 000029C1  0000                              
  5205 00002B42 0000                    add [bx+si],al	; 000029C3  0000                              
  5206 00002B44 0000                    add [bx+si],al	; 000029C5  0000                              
  5207 00002B46 0000                    add [bx+si],al	; 000029C7  0000                              
  5208 00002B48 0000                    add [bx+si],al	; 000029C9  0000                              
  5209 00002B4A 0000                    add [bx+si],al	; 000029CB  0000                              
  5210 00002B4C 0000                    add [bx+si],al	; 000029CD  0000                              
  5211 00002B4E 0000                    add [bx+si],al	; 000029CF  0000                              
  5212 00002B50 0000                    add [bx+si],al	; 000029D1  0000                              
  5213 00002B52 0000                    add [bx+si],al	; 000029D3  0000                              
  5214 00002B54 0000                    add [bx+si],al	; 000029D5  0000                              
  5215 00002B56 0000                    add [bx+si],al	; 000029D7  0000                              
  5216 00002B58 0000                    add [bx+si],al	; 000029D9  0000                              
  5217 00002B5A 0000                    add [bx+si],al	; 000029DB  0000                              
  5218 00002B5C 0000                    add [bx+si],al	; 000029DD  0000                              
  5219 00002B5E 0000                    add [bx+si],al	; 000029DF  0000                              
  5220 00002B60 0000                    add [bx+si],al	; 000029E1  0000                              
  5221 00002B62 0000                    add [bx+si],al	; 000029E3  0000                              
  5222 00002B64 0000                    add [bx+si],al	; 000029E5  0000                              
  5223 00002B66 0000                    add [bx+si],al	; 000029E7  0000                              
  5224 00002B68 0000                    add [bx+si],al	; 000029E9  0000                              
  5225 00002B6A 0000                    add [bx+si],al	; 000029EB  0000                              
  5226 00002B6C 0000                    add [bx+si],al	; 000029ED  0000                              
  5227 00002B6E 0000                    add [bx+si],al	; 000029EF  0000                              
  5228 00002B70 0000                    add [bx+si],al	; 000029F1  0000                              
  5229 00002B72 0000                    add [bx+si],al	; 000029F3  0000                              
  5230 00002B74 0000                    add [bx+si],al	; 000029F5  0000                              
  5231 00002B76 0000                    add [bx+si],al	; 000029F7  0000                              
  5232 00002B78 0001                    add [bx+di],al	; 000029F9  0001                              
  5233 00002B7A 0000                    add [bx+si],al	; 000029FB  0000                              
  5234 00002B7C 0000                    add [bx+si],al	; 000029FD  0000                              
  5235 00002B7E 0000                    add [bx+si],al	; 000029FF  0000                              
  5236 00002B80 0000                    add [bx+si],al	; 00002A01  0000                              
  5237 00002B82 0000                    add [bx+si],al	; 00002A03  0000                              
  5238 00002B84 0000                    add [bx+si],al	; 00002A05  0000                              
  5239 00002B86 0000                    add [bx+si],al	; 00002A07  0000                              
  5240 00002B88 0202                    add al,[bp+si]	; 00002A09  0202                              
  5241 00002B8A 0202                    add al,[bp+si]	; 00002A0B  0202                              
  5242 00002B8C 0000                    add [bx+si],al	; 00002A0D  0000                              
  5243 00002B8E 0302                    add ax,[bp+si]	; 00002A0F  0302                              
  5244 00002B90 0202                    add al,[bp+si]	; 00002A11  0202                              
  5245 00002B92 0000                    add [bx+si],al	; 00002A13  0000                              
  5246 00002B94 0000                    add [bx+si],al	; 00002A15  0000                              
  5247 00002B96 0001                    add [bx+di],al	; 00002A17  0001                              
  5248 00002B98 0000                    add [bx+si],al	; 00002A19  0000                              
  5249 00002B9A 0000                    add [bx+si],al	; 00002A1B  0000                              
  5250 00002B9C 0002                    add [bp+si],al	; 00002A1D  0002                              
  5251 00002B9E 0202                    add al,[bp+si]	; 00002A1F  0202                              
  5252 00002BA0 0202                    add al,[bp+si]	; 00002A21  0202                              
  5253 00002BA2 0302                    add ax,[bp+si]	; 00002A23  0302                              
  5254 00002BA4 0200                    add al,[bx+si]	; 00002A25  0200                              
  5255 00002BA6 0200                    add al,[bx+si]	; 00002A27  0200                              
  5256 00002BA8 0002                    add [bp+si],al	; 00002A29  0002                              
  5257 00002BAA 0000                    add [bx+si],al	; 00002A2B  0000                              
  5258 00002BAC 0200                    add al,[bx+si]	; 00002A2D  0200                              
  5259 00002BAE 0002                    add [bp+si],al	; 00002A2F  0002                              
  5260 00002BB0 0000                    add [bx+si],al	; 00002A31  0000                              
  5261 00002BB2 0000                    add [bx+si],al	; 00002A33  0000                              
  5262 00002BB4 0001                    add [bx+di],al	; 00002A35  0001                              
  5263 00002BB6 0000                    add [bx+si],al	; 00002A37  0000                              
  5264 00002BB8 0000                    add [bx+si],al	; 00002A39  0000                              
  5265 00002BBA 0002                    add [bp+si],al	; 00002A3B  0002                              
  5266 00002BBC 0000                    add [bx+si],al	; 00002A3D  0000                              
  5267 00002BBE 0200                    add al,[bx+si]	; 00002A3F  0200                              
  5268 00002BC0 0000                    add [bx+si],al	; 00002A41  0000                              
  5269 00002BC2 0200                    add al,[bx+si]	; 00002A43  0200                              
  5270 00002BC4 0200                    add al,[bx+si]	; 00002A45  0200                              
  5271 00002BC6 0002                    add [bp+si],al	; 00002A47  0002                              
  5272 00002BC8 0202                    add al,[bp+si]	; 00002A49  0202                              
  5273 00002BCA 0200                    add al,[bx+si]	; 00002A4B  0200                              
  5274 00002BCC 0002                    add [bp+si],al	; 00002A4D  0002                              
  5275 00002BCE 0000                    add [bx+si],al	; 00002A4F  0000                              
  5276 00002BD0 0000                    add [bx+si],al	; 00002A51  0000                              
  5277 00002BD2 0001                    add [bx+di],al	; 00002A53  0001                              
  5278 00002BD4 0000                    add [bx+si],al	; 00002A55  0000                              
  5279 00002BD6 0000                    add [bx+si],al	; 00002A57  0000                              
  5280 00002BD8 0002                    add [bp+si],al	; 00002A59  0002                              
  5281 00002BDA 0000                    add [bx+si],al	; 00002A5B  0000                              
  5282 00002BDC 0200                    add al,[bx+si]	; 00002A5D  0200                              
  5283 00002BDE 0000                    add [bx+si],al	; 00002A5F  0000                              
  5284 00002BE0 0200                    add al,[bx+si]	; 00002A61  0200                              
  5285 00002BE2 0200                    add al,[bx+si]	; 00002A63  0200                              
  5286 00002BE4 0002                    add [bp+si],al	; 00002A65  0002                              
  5287 00002BE6 0000                    add [bx+si],al	; 00002A67  0000                              
  5288 00002BE8 0000                    add [bx+si],al	; 00002A69  0000                              
  5289 00002BEA 0002                    add [bp+si],al	; 00002A6B  0002                              
  5290 00002BEC 0000                    add [bx+si],al	; 00002A6D  0000                              
  5291 00002BEE 0000                    add [bx+si],al	; 00002A6F  0000                              
  5292 00002BF0 0001                    add [bx+di],al	; 00002A71  0001                              
  5293 00002BF2 0000                    add [bx+si],al	; 00002A73  0000                              
  5294 00002BF4 0000                    add [bx+si],al	; 00002A75  0000                              
  5295 00002BF6 0002                    add [bp+si],al	; 00002A77  0002                              
  5296 00002BF8 0000                    add [bx+si],al	; 00002A79  0000                              
  5297 00002BFA 0200                    add al,[bx+si]	; 00002A7B  0200                              
  5298 00002BFC 0000                    add [bx+si],al	; 00002A7D  0000                              
  5299 00002BFE 0200                    add al,[bx+si]	; 00002A7F  0200                              
  5300 00002C00 0200                    add al,[bx+si]	; 00002A81  0200                              
  5301 00002C02 0002                    add [bp+si],al	; 00002A83  0002                              
  5302 00002C04 0000                    add [bx+si],al	; 00002A85  0000                              
  5303 00002C06 0000                    add [bx+si],al	; 00002A87  0000                              
  5304 00002C08 0002                    add [bp+si],al	; 00002A89  0002                              
  5305 00002C0A 0000                    add [bx+si],al	; 00002A8B  0000                              
  5306 00002C0C 0000                    add [bx+si],al	; 00002A8D  0000                              
  5307 00002C0E 0001                    add [bx+di],al	; 00002A8F  0001                              
  5308 00002C10 0000                    add [bx+si],al	; 00002A91  0000                              
  5309 00002C12 0000                    add [bx+si],al	; 00002A93  0000                              
  5310 00002C14 0002                    add [bp+si],al	; 00002A95  0002                              
  5311 00002C16 0000                    add [bx+si],al	; 00002A97  0000                              
  5312 00002C18 0200                    add al,[bx+si]	; 00002A99  0200                              
  5313 00002C1A 0000                    add [bx+si],al	; 00002A9B  0000                              
  5314 00002C1C 0200                    add al,[bx+si]	; 00002A9D  0200                              
  5315 00002C1E 0200                    add al,[bx+si]	; 00002A9F  0200                              
  5316 00002C20 0002                    add [bp+si],al	; 00002AA1  0002                              
  5317 00002C22 0202                    add al,[bp+si]	; 00002AA3  0202                              
  5318 00002C24 0202                    add al,[bp+si]	; 00002AA5  0202                              
  5319 00002C26 0202                    add al,[bp+si]	; 00002AA7  0202                              
  5320 00002C28 0202                    add al,[bp+si]	; 00002AA9  0202                              
  5321 00002C2A 0202                    add al,[bp+si]	; 00002AAB  0202                              
  5322 00002C2C 0202                    add al,[bp+si]	; 00002AAD  0202                              
  5323 00002C2E 0202                    add al,[bp+si]	; 00002AAF  0202                              
  5324 00002C30 0202                    add al,[bp+si]	; 00002AB1  0202                              
  5325 00002C32 0202                    add al,[bp+si]	; 00002AB3  0202                              
  5326 00002C34 0202                    add al,[bp+si]	; 00002AB5  0202                              
  5327 00002C36 0202                    add al,[bp+si]	; 00002AB7  0202                              
  5328 00002C38 0202                    add al,[bp+si]	; 00002AB9  0202                              
  5329 00002C3A 0200                    add al,[bx+si]	; 00002ABB  0200                              
  5330 00002C3C 0200                    add al,[bx+si]	; 00002ABD  0200                              
  5331 00002C3E 0000                    add [bx+si],al	; 00002ABF  0000                              
  5332 00002C40 0000                    add [bx+si],al	; 00002AC1  0000                              
  5333 00002C42 0200                    add al,[bx+si]	; 00002AC3  0200                              
  5334 00002C44 0002                    add [bp+si],al	; 00002AC5  0002                              
  5335 00002C46 0000                    add [bx+si],al	; 00002AC7  0000                              
  5336 00002C48 0000                    add [bx+si],al	; 00002AC9  0000                              
  5337 00002C4A 0001                    add [bx+di],al	; 00002ACB  0001                              
  5338 00002C4C 0000                    add [bx+si],al	; 00002ACD  0000                              
  5339 00002C4E 0000                    add [bx+si],al	; 00002ACF  0000                              
  5340 00002C50 0000                    add [bx+si],al	; 00002AD1  0000                              
  5341 00002C52 0000                    add [bx+si],al	; 00002AD3  0000                              
  5342 00002C54 0200                    add al,[bx+si]	; 00002AD5  0200                              
  5343 00002C56 0000                    add [bx+si],al	; 00002AD7  0000                              
  5344 00002C58 0200                    add al,[bx+si]	; 00002AD9  0200                              
  5345 00002C5A 0200                    add al,[bx+si]	; 00002ADB  0200                              
  5346 00002C5C 0000                    add [bx+si],al	; 00002ADD  0000                              
  5347 00002C5E 0000                    add [bx+si],al	; 00002ADF  0000                              
  5348 00002C60 0200                    add al,[bx+si]	; 00002AE1  0200                              
  5349 00002C62 0002                    add [bp+si],al	; 00002AE3  0002                              
  5350 00002C64 0000                    add [bx+si],al	; 00002AE5  0000                              
  5351 00002C66 0000                    add [bx+si],al	; 00002AE7  0000                              
  5352 00002C68 0001                    add [bx+di],al	; 00002AE9  0001                              
  5353 00002C6A 0000                    add [bx+si],al	; 00002AEB  0000                              
  5354 00002C6C 0000                    add [bx+si],al	; 00002AED  0000                              
  5355 00002C6E 0000                    add [bx+si],al	; 00002AEF  0000                              
  5356 00002C70 0000                    add [bx+si],al	; 00002AF1  0000                              
  5357 00002C72 0200                    add al,[bx+si]	; 00002AF3  0200                              
  5358 00002C74 0000                    add [bx+si],al	; 00002AF5  0000                              
  5359 00002C76 0200                    add al,[bx+si]	; 00002AF7  0200                              
  5360 00002C78 0200                    add al,[bx+si]	; 00002AF9  0200                              
  5361 00002C7A 0002                    add [bp+si],al	; 00002AFB  0002                              
  5362 00002C7C 0202                    add al,[bp+si]	; 00002AFD  0202                              
  5363 00002C7E 0200                    add al,[bx+si]	; 00002AFF  0200                              
  5364 00002C80 0002                    add [bp+si],al	; 00002B01  0002                              
  5365 00002C82 0101                    add [bx+di],ax	; 00002B03  0101                              
  5366 00002C84 0101                    add [bx+di],ax	; 00002B05  0101                              
  5367 00002C86 0101                    add [bx+di],ax	; 00002B07  0101                              
  5368 00002C88 0101                    add [bx+di],ax	; 00002B09  0101                              
  5369 00002C8A 0100                    add [bx+si],ax	; 00002B0B  0100                              
  5370 00002C8C 0002                    add [bp+si],al	; 00002B0D  0002                              
  5371 00002C8E 0202                    add al,[bp+si]	; 00002B0F  0202                              
  5372 00002C90 0200                    add al,[bx+si]	; 00002B11  0200                              
  5373 00002C92 0000                    add [bx+si],al	; 00002B13  0000                              
  5374 00002C94 0200                    add al,[bx+si]	; 00002B15  0200                              
  5375 00002C96 0200                    add al,[bx+si]	; 00002B17  0200                              
  5376 00002C98 0002                    add [bp+si],al	; 00002B19  0002                              
  5377 00002C9A 0000                    add [bx+si],al	; 00002B1B  0000                              
  5378 00002C9C 0200                    add al,[bx+si]	; 00002B1D  0200                              
  5379 00002C9E 0002                    add [bp+si],al	; 00002B1F  0002                              
  5380 00002CA0 0000                    add [bx+si],al	; 00002B21  0000                              
  5381 00002CA2 0100                    add [bx+si],ax	; 00002B23  0100                              
  5382 00002CA4 0000                    add [bx+si],al	; 00002B25  0000                              
  5383 00002CA6 0000                    add [bx+si],al	; 00002B27  0000                              
  5384 00002CA8 0100                    add [bx+si],ax	; 00002B29  0100                              
  5385 00002CAA 0002                    add [bp+si],al	; 00002B2B  0002                              
  5386 00002CAC 0000                    add [bx+si],al	; 00002B2D  0000                              
  5387 00002CAE 0200                    add al,[bx+si]	; 00002B2F  0200                              
  5388 00002CB0 0000                    add [bx+si],al	; 00002B31  0000                              
  5389 00002CB2 0200                    add al,[bx+si]	; 00002B33  0200                              
  5390 00002CB4 0202                    add al,[bp+si]	; 00002B35  0202                              
  5391 00002CB6 0202                    add al,[bp+si]	; 00002B37  0202                              
  5392 00002CB8 0000                    add [bx+si],al	; 00002B39  0000                              
  5393 00002CBA 0202                    add al,[bp+si]	; 00002B3B  0202                              
  5394 00002CBC 0202                    add al,[bp+si]	; 00002B3D  0202                              
  5395 00002CBE 0000                    add [bx+si],al	; 00002B3F  0000                              
  5396 00002CC0 0100                    add [bx+si],ax	; 00002B41  0100                              
  5397 00002CC2 0000                    add [bx+si],al	; 00002B43  0000                              
  5398 00002CC4 0000                    add [bx+si],al	; 00002B45  0000                              
  5399 00002CC6 0101                    add [bx+di],ax	; 00002B47  0101                              
  5400 00002CC8 0102                    add [bp+si],ax	; 00002B49  0102                              
  5401 00002CCA 0000                    add [bx+si],al	; 00002B4B  0000                              
  5402 00002CCC 0202                    add al,[bp+si]	; 00002B4D  0202                              
  5403 00002CCE 0202                    add al,[bp+si]	; 00002B4F  0202                              
  5404 00002CD0 0200                    add al,[bx+si]	; 00002B51  0200                              
  5405 00002CD2 0200                    add al,[bx+si]	; 00002B53  0200                              
  5406 00002CD4 0000                    add [bx+si],al	; 00002B55  0000                              
  5407 00002CD6 0000                    add [bx+si],al	; 00002B57  0000                              
  5408 00002CD8 0100                    add [bx+si],ax	; 00002B59  0100                              
  5409 00002CDA 0000                    add [bx+si],al	; 00002B5B  0000                              
  5410 00002CDC 0000                    add [bx+si],al	; 00002B5D  0000                              
  5411 00002CDE 0100                    add [bx+si],ax	; 00002B5F  0100                              
  5412 00002CE0 0000                    add [bx+si],al	; 00002B61  0000                              
  5413 00002CE2 0000                    add [bx+si],al	; 00002B63  0000                              
  5414 00002CE4 0100                    add [bx+si],ax	; 00002B65  0100                              
  5415 00002CE6 0000                    add [bx+si],al	; 00002B67  0000                              
  5416 00002CE8 0000                    add [bx+si],al	; 00002B69  0000                              
  5417 00002CEA 0200                    add al,[bx+si]	; 00002B6B  0200                              
  5418 00002CEC 0000                    add [bx+si],al	; 00002B6D  0000                              
  5419 00002CEE 0000                    add [bx+si],al	; 00002B6F  0000                              
  5420 00002CF0 0200                    add al,[bx+si]	; 00002B71  0200                              
  5421 00002CF2 0000                    add [bx+si],al	; 00002B73  0000                              
  5422 00002CF4 0000                    add [bx+si],al	; 00002B75  0000                              
  5423 00002CF6 0100                    add [bx+si],ax	; 00002B77  0100                              
  5424 00002CF8 0000                    add [bx+si],al	; 00002B79  0000                              
  5425 00002CFA 0000                    add [bx+si],al	; 00002B7B  0000                              
  5426 00002CFC 0100                    add [bx+si],ax	; 00002B7D  0100                              
  5427 00002CFE 0000                    add [bx+si],al	; 00002B7F  0000                              
  5428 00002D00 0000                    add [bx+si],al	; 00002B81  0000                              
  5429 00002D02 0100                    add [bx+si],ax	; 00002B83  0100                              
  5430 00002D04 0000                    add [bx+si],al	; 00002B85  0000                              
  5431 00002D06 0000                    add [bx+si],al	; 00002B87  0000                              
  5432 00002D08 0200                    add al,[bx+si]	; 00002B89  0200                              
  5433 00002D0A 0000                    add [bx+si],al	; 00002B8B  0000                              
  5434 00002D0C 0000                    add [bx+si],al	; 00002B8D  0000                              
  5435 00002D0E 0202                    add al,[bp+si]	; 00002B8F  0202                              
  5436 00002D10 0202                    add al,[bp+si]	; 00002B91  0202                              
  5437 00002D12 0000                    add [bx+si],al	; 00002B93  0000                              
  5438 00002D14 0202                    add al,[bp+si]	; 00002B95  0202                              
  5439 00002D16 0202                    add al,[bp+si]	; 00002B97  0202                              
  5440 00002D18 0000                    add [bx+si],al	; 00002B99  0000                              
  5441 00002D1A 0100                    add [bx+si],ax	; 00002B9B  0100                              
  5442 00002D1C 0000                    add [bx+si],al	; 00002B9D  0000                              
  5443 00002D1E 0000                    add [bx+si],al	; 00002B9F  0000                              
  5444 00002D20 0101                    add [bx+di],ax	; 00002BA1  0101                              
  5445 00002D22 0102                    add [bp+si],ax	; 00002BA3  0102                              
  5446 00002D24 0000                    add [bx+si],al	; 00002BA5  0000                              
  5447 00002D26 0202                    add al,[bp+si]	; 00002BA7  0202                              
  5448 00002D28 0202                    add al,[bp+si]	; 00002BA9  0202                              
  5449 00002D2A 0200                    add al,[bx+si]	; 00002BAB  0200                              
  5450 00002D2C 0200                    add al,[bx+si]	; 00002BAD  0200                              
  5451 00002D2E 0002                    add [bp+si],al	; 00002BAF  0002                              
  5452 00002D30 0000                    add [bx+si],al	; 00002BB1  0000                              
  5453 00002D32 0200                    add al,[bx+si]	; 00002BB3  0200                              
  5454 00002D34 0002                    add [bp+si],al	; 00002BB5  0002                              
  5455 00002D36 0000                    add [bx+si],al	; 00002BB7  0000                              
  5456 00002D38 0100                    add [bx+si],ax	; 00002BB9  0100                              
  5457 00002D3A 0000                    add [bx+si],al	; 00002BBB  0000                              
  5458 00002D3C 0000                    add [bx+si],al	; 00002BBD  0000                              
  5459 00002D3E 0100                    add [bx+si],ax	; 00002BBF  0100                              
  5460 00002D40 0002                    add [bp+si],al	; 00002BC1  0002                              
  5461 00002D42 0000                    add [bx+si],al	; 00002BC3  0000                              
  5462 00002D44 0200                    add al,[bx+si]	; 00002BC5  0200                              
  5463 00002D46 0000                    add [bx+si],al	; 00002BC7  0000                              
  5464 00002D48 0200                    add al,[bx+si]	; 00002BC9  0200                              
  5465 00002D4A 0200                    add al,[bx+si]	; 00002BCB  0200                              
  5466 00002D4C 0002                    add [bp+si],al	; 00002BCD  0002                              
  5467 00002D4E 0202                    add al,[bp+si]	; 00002BCF  0202                              
  5468 00002D50 0200                    add al,[bx+si]	; 00002BD1  0200                              
  5469 00002D52 0002                    add [bp+si],al	; 00002BD3  0002                              
  5470 00002D54 0101                    add [bx+di],ax	; 00002BD5  0101                              
  5471 00002D56 0101                    add [bx+di],ax	; 00002BD7  0101                              
  5472 00002D58 0101                    add [bx+di],ax	; 00002BD9  0101                              
  5473 00002D5A 0101                    add [bx+di],ax	; 00002BDB  0101                              
  5474 00002D5C 0100                    add [bx+si],ax	; 00002BDD  0100                              
  5475 00002D5E 0002                    add [bp+si],al	; 00002BDF  0002                              
  5476 00002D60 0202                    add al,[bp+si]	; 00002BE1  0202                              
  5477 00002D62 0200                    add al,[bx+si]	; 00002BE3  0200                              
  5478 00002D64 0000                    add [bx+si],al	; 00002BE5  0000                              
  5479 00002D66 0200                    add al,[bx+si]	; 00002BE7  0200                              
  5480 00002D68 0200                    add al,[bx+si]	; 00002BE9  0200                              
  5481 00002D6A 0000                    add [bx+si],al	; 00002BEB  0000                              
  5482 00002D6C 0000                    add [bx+si],al	; 00002BED  0000                              
  5483 00002D6E 0200                    add al,[bx+si]	; 00002BEF  0200                              
  5484 00002D70 0002                    add [bp+si],al	; 00002BF1  0002                              
  5485 00002D72 0000                    add [bx+si],al	; 00002BF3  0000                              
  5486 00002D74 0000                    add [bx+si],al	; 00002BF5  0000                              
  5487 00002D76 0001                    add [bx+di],al	; 00002BF7  0001                              
  5488 00002D78 0000                    add [bx+si],al	; 00002BF9  0000                              
  5489 00002D7A 0000                    add [bx+si],al	; 00002BFB  0000                              
  5490 00002D7C 0000                    add [bx+si],al	; 00002BFD  0000                              
  5491 00002D7E 0000                    add [bx+si],al	; 00002BFF  0000                              
  5492 00002D80 0200                    add al,[bx+si]	; 00002C01  0200                              
  5493 00002D82 0000                    add [bx+si],al	; 00002C03  0000                              
  5494 00002D84 0200                    add al,[bx+si]	; 00002C05  0200                              
  5495 00002D86 0200                    add al,[bx+si]	; 00002C07  0200                              
  5496 00002D88 0000                    add [bx+si],al	; 00002C09  0000                              
  5497 00002D8A 0000                    add [bx+si],al	; 00002C0B  0000                              
  5498 00002D8C 0200                    add al,[bx+si]	; 00002C0D  0200                              
  5499 00002D8E 0002                    add [bp+si],al	; 00002C0F  0002                              
  5500 00002D90 0000                    add [bx+si],al	; 00002C11  0000                              
  5501 00002D92 0000                    add [bx+si],al	; 00002C13  0000                              
  5502 00002D94 0001                    add [bx+di],al	; 00002C15  0001                              
  5503 00002D96 0000                    add [bx+si],al	; 00002C17  0000                              
  5504 00002D98 0000                    add [bx+si],al	; 00002C19  0000                              
  5505 00002D9A 0000                    add [bx+si],al	; 00002C1B  0000                              
  5506 00002D9C 0000                    add [bx+si],al	; 00002C1D  0000                              
  5507 00002D9E 0200                    add al,[bx+si]	; 00002C1F  0200                              
  5508 00002DA0 0000                    add [bx+si],al	; 00002C21  0000                              
  5509 00002DA2 0200                    add al,[bx+si]	; 00002C23  0200                              
  5510 00002DA4 0200                    add al,[bx+si]	; 00002C25  0200                              
  5511 00002DA6 0002                    add [bp+si],al	; 00002C27  0002                              
  5512 00002DA8 0202                    add al,[bp+si]	; 00002C29  0202                              
  5513 00002DAA 0202                    add al,[bp+si]	; 00002C2B  0202                              
  5514 00002DAC 0202                    add al,[bp+si]	; 00002C2D  0202                              
  5515 00002DAE 0202                    add al,[bp+si]	; 00002C2F  0202                              
  5516 00002DB0 0202                    add al,[bp+si]	; 00002C31  0202                              
  5517 00002DB2 0202                    add al,[bp+si]	; 00002C33  0202                              
  5518 00002DB4 0202                    add al,[bp+si]	; 00002C35  0202                              
  5519 00002DB6 0202                    add al,[bp+si]	; 00002C37  0202                              
  5520 00002DB8 0202                    add al,[bp+si]	; 00002C39  0202                              
  5521 00002DBA 0202                    add al,[bp+si]	; 00002C3B  0202                              
  5522 00002DBC 0202                    add al,[bp+si]	; 00002C3D  0202                              
  5523 00002DBE 0202                    add al,[bp+si]	; 00002C3F  0202                              
  5524 00002DC0 0200                    add al,[bx+si]	; 00002C41  0200                              
  5525 00002DC2 0200                    add al,[bx+si]	; 00002C43  0200                              
  5526 00002DC4 0002                    add [bp+si],al	; 00002C45  0002                              
  5527 00002DC6 0000                    add [bx+si],al	; 00002C47  0000                              
  5528 00002DC8 0000                    add [bx+si],al	; 00002C49  0000                              
  5529 00002DCA 0002                    add [bp+si],al	; 00002C4B  0002                              
  5530 00002DCC 0000                    add [bx+si],al	; 00002C4D  0000                              
  5531 00002DCE 0000                    add [bx+si],al	; 00002C4F  0000                              
  5532 00002DD0 0001                    add [bx+di],al	; 00002C51  0001                              
  5533 00002DD2 0000                    add [bx+si],al	; 00002C53  0000                              
  5534 00002DD4 0000                    add [bx+si],al	; 00002C55  0000                              
  5535 00002DD6 0002                    add [bp+si],al	; 00002C57  0002                              
  5536 00002DD8 0000                    add [bx+si],al	; 00002C59  0000                              
  5537 00002DDA 0200                    add al,[bx+si]	; 00002C5B  0200                              
  5538 00002DDC 0000                    add [bx+si],al	; 00002C5D  0000                              
  5539 00002DDE 0200                    add al,[bx+si]	; 00002C5F  0200                              
  5540 00002DE0 0200                    add al,[bx+si]	; 00002C61  0200                              
  5541 00002DE2 0002                    add [bp+si],al	; 00002C63  0002                              
  5542 00002DE4 0000                    add [bx+si],al	; 00002C65  0000                              
  5543 00002DE6 0000                    add [bx+si],al	; 00002C67  0000                              
  5544 00002DE8 0002                    add [bp+si],al	; 00002C69  0002                              
  5545 00002DEA 0000                    add [bx+si],al	; 00002C6B  0000                              
  5546 00002DEC 0000                    add [bx+si],al	; 00002C6D  0000                              
  5547 00002DEE 0001                    add [bx+di],al	; 00002C6F  0001                              
  5548 00002DF0 0000                    add [bx+si],al	; 00002C71  0000                              
  5549 00002DF2 0000                    add [bx+si],al	; 00002C73  0000                              
  5550 00002DF4 0002                    add [bp+si],al	; 00002C75  0002                              
  5551 00002DF6 0000                    add [bx+si],al	; 00002C77  0000                              
  5552 00002DF8 0200                    add al,[bx+si]	; 00002C79  0200                              
  5553 00002DFA 0000                    add [bx+si],al	; 00002C7B  0000                              
  5554 00002DFC 0200                    add al,[bx+si]	; 00002C7D  0200                              
  5555 00002DFE 0200                    add al,[bx+si]	; 00002C7F  0200                              
  5556 00002E00 0002                    add [bp+si],al	; 00002C81  0002                              
  5557 00002E02 0202                    add al,[bp+si]	; 00002C83  0202                              
  5558 00002E04 0200                    add al,[bx+si]	; 00002C85  0200                              
  5559 00002E06 0002                    add [bp+si],al	; 00002C87  0002                              
  5560 00002E08 0000                    add [bx+si],al	; 00002C89  0000                              
  5561 00002E0A 0000                    add [bx+si],al	; 00002C8B  0000                              
  5562 00002E0C 0001                    add [bx+di],al	; 00002C8D  0001                              
  5563 00002E0E 0000                    add [bx+si],al	; 00002C8F  0000                              
  5564 00002E10 0000                    add [bx+si],al	; 00002C91  0000                              
  5565 00002E12 0002                    add [bp+si],al	; 00002C93  0002                              
  5566 00002E14 0000                    add [bx+si],al	; 00002C95  0000                              
  5567 00002E16 0200                    add al,[bx+si]	; 00002C97  0200                              
  5568 00002E18 0000                    add [bx+si],al	; 00002C99  0000                              
  5569 00002E1A 0200                    add al,[bx+si]	; 00002C9B  0200                              
  5570 00002E1C 0200                    add al,[bx+si]	; 00002C9D  0200                              
  5571 00002E1E 0002                    add [bp+si],al	; 00002C9F  0002                              
  5572 00002E20 0000                    add [bx+si],al	; 00002CA1  0000                              
  5573 00002E22 0200                    add al,[bx+si]	; 00002CA3  0200                              
  5574 00002E24 0002                    add [bp+si],al	; 00002CA5  0002                              
  5575 00002E26 0000                    add [bx+si],al	; 00002CA7  0000                              
  5576 00002E28 0000                    add [bx+si],al	; 00002CA9  0000                              
  5577 00002E2A 0001                    add [bx+di],al	; 00002CAB  0001                              
  5578 00002E2C 0000                    add [bx+si],al	; 00002CAD  0000                              
  5579 00002E2E 0000                    add [bx+si],al	; 00002CAF  0000                              
  5580 00002E30 0002                    add [bp+si],al	; 00002CB1  0002                              
  5581 00002E32 0000                    add [bx+si],al	; 00002CB3  0000                              
  5582 00002E34 0200                    add al,[bx+si]	; 00002CB5  0200                              
  5583 00002E36 0000                    add [bx+si],al	; 00002CB7  0000                              
  5584 00002E38 0200                    add al,[bx+si]	; 00002CB9  0200                              
  5585 00002E3A 0202                    add al,[bp+si]	; 00002CBB  0202                              
  5586 00002E3C 0202                    add al,[bp+si]	; 00002CBD  0202                              
  5587 00002E3E 0000                    add [bx+si],al	; 00002CBF  0000                              
  5588 00002E40 0302                    add ax,[bp+si]	; 00002CC1  0302                              
  5589 00002E42 0202                    add al,[bp+si]	; 00002CC3  0202                              
  5590 00002E44 0000                    add [bx+si],al	; 00002CC5  0000                              
  5591 00002E46 0000                    add [bx+si],al	; 00002CC7  0000                              
  5592 00002E48 0001                    add [bx+di],al	; 00002CC9  0001                              
  5593 00002E4A 0000                    add [bx+si],al	; 00002CCB  0000                              
  5594 00002E4C 0000                    add [bx+si],al	; 00002CCD  0000                              
  5595 00002E4E 0002                    add [bp+si],al	; 00002CCF  0002                              
  5596 00002E50 0202                    add al,[bp+si]	; 00002CD1  0202                              
  5597 00002E52 0202                    add al,[bp+si]	; 00002CD3  0202                              
  5598 00002E54 0302                    add ax,[bp+si]	; 00002CD5  0302                              
  5599 00002E56 0200                    add al,[bx+si]	; 00002CD7  0200                              
  5600 00002E58 0000                    add [bx+si],al	; 00002CD9  0000                              
  5601 00002E5A 0000                    add [bx+si],al	; 00002CDB  0000                              
  5602 00002E5C 0000                    add [bx+si],al	; 00002CDD  0000                              
  5603 00002E5E 0000                    add [bx+si],al	; 00002CDF  0000                              
  5604 00002E60 0000                    add [bx+si],al	; 00002CE1  0000                              
  5605 00002E62 0000                    add [bx+si],al	; 00002CE3  0000                              
  5606 00002E64 0000                    add [bx+si],al	; 00002CE5  0000                              
  5607 00002E66 0001                    add [bx+di],al	; 00002CE7  0001                              
  5608 00002E68 0000                    add [bx+si],al	; 00002CE9  0000                              
  5609 00002E6A 0000                    add [bx+si],al	; 00002CEB  0000                              
  5610 00002E6C 0000                    add [bx+si],al	; 00002CED  0000                              
  5611 00002E6E 0000                    add [bx+si],al	; 00002CEF  0000                              
  5612 00002E70 0000                    add [bx+si],al	; 00002CF1  0000                              
  5613 00002E72 0000                    add [bx+si],al	; 00002CF3  0000                              
  5614 00002E74 0000                    add [bx+si],al	; 00002CF5  0000                              
  5615 00002E76 0000                    add [bx+si],al	; 00002CF7  0000                              
  5616 00002E78 0000                    add [bx+si],al	; 00002CF9  0000                              
  5617 00002E7A 0000                    add [bx+si],al	; 00002CFB  0000                              
  5618 00002E7C 0000                    add [bx+si],al	; 00002CFD  0000                              
  5619 00002E7E 0000                    add [bx+si],al	; 00002CFF  0000                              
  5620 00002E80 0000                    add [bx+si],al	; 00002D01  0000                              
  5621 00002E82 0000                    add [bx+si],al	; 00002D03  0000                              
  5622 00002E84 0001                    add [bx+di],al	; 00002D05  0001                              
  5623 00002E86 0000                    add [bx+si],al	; 00002D07  0000                              
  5624 00002E88 0000                    add [bx+si],al	; 00002D09  0000                              
  5625 00002E8A 0000                    add [bx+si],al	; 00002D0B  0000                              
  5626 00002E8C 0000                    add [bx+si],al	; 00002D0D  0000                              
  5627 00002E8E 0000                    add [bx+si],al	; 00002D0F  0000                              
  5628 00002E90 0000                    add [bx+si],al	; 00002D11  0000                              
  5629 00002E92 0000                    add [bx+si],al	; 00002D13  0000                              
  5630 00002E94 0000                    add [bx+si],al	; 00002D15  0000                              
  5631 00002E96 0000                    add [bx+si],al	; 00002D17  0000                              
  5632 00002E98 0000                    add [bx+si],al	; 00002D19  0000                              
  5633 00002E9A 0000                    add [bx+si],al	; 00002D1B  0000                              
  5634 00002E9C 0000                    add [bx+si],al	; 00002D1D  0000                              
  5635 00002E9E 0000                    add [bx+si],al	; 00002D1F  0000                              
  5636 00002EA0 0000                    add [bx+si],al	; 00002D21  0000                              
  5637 00002EA2 0001                    add [bx+di],al	; 00002D23  0001                              
  5638 00002EA4 0000                    add [bx+si],al	; 00002D25  0000                              
  5639 00002EA6 0000                    add [bx+si],al	; 00002D27  0000                              
  5640 00002EA8 0000                    add [bx+si],al	; 00002D29  0000                              
  5641 00002EAA 0000                    add [bx+si],al	; 00002D2B  0000                              
  5642 00002EAC 0000                    add [bx+si],al	; 00002D2D  0000                              
  5643 00002EAE 0000                    add [bx+si],al	; 00002D2F  0000                              
  5644 00002EB0 0000                    add [bx+si],al	; 00002D31  0000                              
  5645 00002EB2 0000                    add [bx+si],al	; 00002D33  0000                              
  5646 00002EB4 0000                    add [bx+si],al	; 00002D35  0000                              
  5647 00002EB6 0000                    add [bx+si],al	; 00002D37  0000                              
  5648 00002EB8 0000                    add [bx+si],al	; 00002D39  0000                              
  5649 00002EBA 0000                    add [bx+si],al	; 00002D3B  0000                              
  5650 00002EBC 0000                    add [bx+si],al	; 00002D3D  0000                              
  5651 00002EBE 0000                    add [bx+si],al	; 00002D3F  0000                              
  5652 00002EC0 0001                    add [bx+di],al	; 00002D41  0001                              
  5653 00002EC2 0000                    add [bx+si],al	; 00002D43  0000                              
  5654 00002EC4 0000                    add [bx+si],al	; 00002D45  0000                              
  5655 00002EC6 0000                    add [bx+si],al	; 00002D47  0000                              
  5656 00002EC8 0000                    add [bx+si],al	; 00002D49  0000                              
  5657 00002ECA 0000                    add [bx+si],al	; 00002D4B  0000                              
  5658 00002ECC 0000                    add [bx+si],al	; 00002D4D  0000                              
  5659 00002ECE 0000                    add [bx+si],al	; 00002D4F  0000                              
  5660 00002ED0 0000                    add [bx+si],al	; 00002D51  0000                              
  5661 00002ED2 0000                    add [bx+si],al	; 00002D53  0000                              
  5662 00002ED4 0000                    add [bx+si],al	; 00002D55  0000                              
  5663 00002ED6 0000                    add [bx+si],al	; 00002D57  0000                              
  5664 00002ED8 0000                    add [bx+si],al	; 00002D59  0000                              
  5665 00002EDA 0000                    add [bx+si],al	; 00002D5B  0000                              
  5666 00002EDC 0000                    add [bx+si],al	; 00002D5D  0000                              
  5667 00002EDE 0001                    add [bx+di],al	; 00002D5F  0001                              
  5668 00002EE0 0000                    add [bx+si],al	; 00002D61  0000                              
  5669 00002EE2 0000                    add [bx+si],al	; 00002D63  0000                              
  5670 00002EE4 0000                    add [bx+si],al	; 00002D65  0000                              
  5671 00002EE6 0000                    add [bx+si],al	; 00002D67  0000                              
  5672 00002EE8 0000                    add [bx+si],al	; 00002D69  0000                              
  5673 00002EEA 0000                    add [bx+si],al	; 00002D6B  0000                              
  5674 00002EEC 0000                    add [bx+si],al	; 00002D6D  0000                              
  5675 00002EEE 0000                    add [bx+si],al	; 00002D6F  0000                              
  5676 00002EF0 0F0000                  sldt word [bx+si]	; 00002D71  0F0000                            
  5677 00002EF3 3C0F                    cmp al,0xf	; 00002D74  3C0F                              
  5678 00002EF5 C000FC                  rol byte [bx+si],byte 0xfc	; 00002D76  C000FC                            
  5679 00002EF8 0F                      db 0x0f	; 00002D79  0F                                
  5680 00002EF9 F0                      lock	; 00002D7A  F0                                
  5680          ******************       warning: instruction is not lockable [-w+prefix-lock-error]
  5681 00002EFA 01E7                    add di,sp	; 00002D7B  03FC                              
  5682 00002EFC 0FFC0F                  paddb mm1,[bx]	; 00002D7D  0FFC0F                            
  5683 00002EFF FC                      cld	; 00002D80  FC                                
  5684 00002F00 0FFF3F                  ud0 di,[bx]	; 00002D81  0FFF3F                            
  5685 00002F03 FC                      cld	; 00002D84  FC                                
  5686 00002F04 01FF                    add di,di	; 00002D85  03FF                              
  5687 00002F06 50                      push ax	; 00002D87  FFF0                              
  5688 00002F07 01FF                    add di,di	; 00002D89  03FF                              
  5689 00002F09 50                      push ax	; 00002D8B  FFF0                              
  5690 00002F0A 00FF                    add bh,bh	; 00002D8D  00FF                              
  5691 00002F0C 40                      inc ax	; 00002D8F  FFC0                              
  5692 00002F0D 000F                    add [bx],cl	; 00002D91  000F                              
  5693 00002F0F FC                      cld	; 00002D93  FC                                
  5694 00002F10 0000                    add [bx+si],al	; 00002D94  0000                              
  5695 00002F12 0000                    add [bx+si],al	; 00002D96  0000                              
  5696 00002F14 0000                    add [bx+si],al	; 00002D98  0000                              
  5697 00002F16 0000                    add [bx+si],al	; 00002D9A  0000                              
  5698 00002F18 0000                    add [bx+si],al	; 00002D9C  0000                              
  5699 00002F1A C000C0                  rol byte [bx+si],byte 0xc0	; 00002D9E  C000C0                            
  5700 00002F1D 01C0                    add ax,ax	; 00002DA1  03C0                              
  5701 00002F1F 00F0                    add al,dh	; 00002DA3  00F0                              
  5702 00002F21 01C6                    add si,ax	; 00002DA5  03F0                              
  5703 00002F23 01C6                    add si,ax	; 00002DA7  03F0                              
  5704 00002F25 0F                      db 0x0f	; 00002DA9  0F                                
  5705 00002F26 F0                      lock	; 00002DAA  F0                                
  5705          ******************       warning: instruction is not lockable [-w+prefix-lock-error]
  5706 00002F27 01E7                    add di,sp	; 00002DAB  03FC                              
  5707 00002F29 0FFC0F                  paddb mm1,[bx]	; 00002DAD  0FFC0F                            
  5708 00002F2C FC                      cld	; 00002DB0  FC                                
  5709 00002F2D 0FFC0F                  paddb mm1,[bx]	; 00002DB1  0FFC0F                            
  5710 00002F30 FC                      cld	; 00002DB4  FC                                
  5711 00002F31 0FFF3F                  ud0 di,[bx]	; 00002DB5  0FFF3F                            
  5712 00002F34 FC                      cld	; 00002DB8  FC                                
  5713 00002F35 0FFF3F                  ud0 di,[bx]	; 00002DB9  0FFF3F                            
  5714 00002F38 FC                      cld	; 00002DBC  FC                                
  5715 00002F39 01FF                    add di,di	; 00002DBD  03FF                              
  5716 00002F3B 50                      push ax	; 00002DBF  FFF0                              
  5717 00002F3C 01FF                    add di,di	; 00002DC1  03FF                              
  5718 00002F3E 50                      push ax	; 00002DC3  FFF0                              
  5719 00002F3F 00FF                    add bh,bh	; 00002DC5  00FF                              
  5720 00002F41 40                      inc ax	; 00002DC7  FFC0                              
  5721 00002F42 000F                    add [bx],cl	; 00002DC9  000F                              
  5722 00002F44 FC                      cld	; 00002DCB  FC                                
  5723 00002F45 0000                    add [bx+si],al	; 00002DCC  0000                              
  5724 00002F47 0000                    add [bx+si],al	; 00002DCE  0000                              
  5725 00002F49 0000                    add [bx+si],al	; 00002DD0  0000                              
  5726 00002F4B 0FFC00                  paddb mm0,[bx+si]	; 00002DD2  0FFC00                            
  5727 00002F4E 00FF                    add bh,bh	; 00002DD5  00FF                              
  5728 00002F50 40                      inc ax	; 00002DD7  FFC0                              
  5729 00002F51 01FF                    add di,di	; 00002DD9  03FF                              
  5730 00002F53 50                      push ax	; 00002DDB  FFF0                              
  5731 00002F54 01FF                    add di,di	; 00002DDD  03FF                              
  5732 00002F56 50                      push ax	; 00002DDF  FFF0                              
  5733 00002F57 0FFFFF                  ud0 di,di	; 00002DE1  0FFFFF                            
  5734 00002F5A FC                      cld	; 00002DE4  FC                                
  5735 00002F5B 0FFFFF                  ud0 di,di	; 00002DE5  0FFFFF                            
  5736 00002F5E FC                      cld	; 00002DE8  FC                                
  5737 00002F5F 0FFFFF                  ud0 di,di	; 00002DE9  0FFFFF                            
  5738 00002F62 FC                      cld	; 00002DEC  FC                                
  5739 00002F63 0FFFFF                  ud0 di,di	; 00002DED  0FFFFF                            
  5740 00002F66 FC                      cld	; 00002DF0  FC                                
  5741 00002F67 0FFFFF                  ud0 di,di	; 00002DF1  0FFFFF                            
  5742 00002F6A FC                      cld	; 00002DF4  FC                                
  5743 00002F6B 01FF                    add di,di	; 00002DF5  03FF                              
  5744 00002F6D 50                      push ax	; 00002DF7  FFF0                              
  5745 00002F6E 01FF                    add di,di	; 00002DF9  03FF                              
  5746 00002F70 50                      push ax	; 00002DFB  FFF0                              
  5747 00002F71 00FF                    add bh,bh	; 00002DFD  00FF                              
  5748 00002F73 40                      inc ax	; 00002DFF  FFC0                              
  5749 00002F74 000F                    add [bx],cl	; 00002E01  000F                              
  5750 00002F76 FC                      cld	; 00002E03  FC                                
  5751 00002F77 0000                    add [bx+si],al	; 00002E04  0000                              
  5752 00002F79 0000                    add [bx+si],al	; 00002E06  0000                              
  5753 00002F7B 0000                    add [bx+si],al	; 00002E08  0000                              
  5754 00002F7D 0000                    add [bx+si],al	; 00002E0A  0000                              
  5755 00002F7F 0000                    add [bx+si],al	; 00002E0C  0000                              
  5756 00002F81 C000C0                  rol byte [bx+si],byte 0xc0	; 00002E0E  C000C0                            
  5757 00002F84 01C0                    add ax,ax	; 00002E11  03C0                              
  5758 00002F86 00F0                    add al,dh	; 00002E13  00F0                              
  5759 00002F88 01C6                    add si,ax	; 00002E15  03F0                              
  5760 00002F8A 01C6                    add si,ax	; 00002E17  03F0                              
  5761 00002F8C 0F                      db 0x0f	; 00002E19  0F                                
  5762 00002F8D F0                      lock	; 00002E1A  F0                                
  5762          ******************       warning: instruction is not lockable [-w+prefix-lock-error]
  5763 00002F8E 01E7                    add di,sp	; 00002E1B  03FC                              
  5764 00002F90 0FFC0F                  paddb mm1,[bx]	; 00002E1D  0FFC0F                            
  5765 00002F93 FC                      cld	; 00002E20  FC                                
  5766 00002F94 0FFC0F                  paddb mm1,[bx]	; 00002E21  0FFC0F                            
  5767 00002F97 FC                      cld	; 00002E24  FC                                
  5768 00002F98 0FFF3F                  ud0 di,[bx]	; 00002E25  0FFF3F                            
  5769 00002F9B FC                      cld	; 00002E28  FC                                
  5770 00002F9C 0FFF3F                  ud0 di,[bx]	; 00002E29  0FFF3F                            
  5771 00002F9F FC                      cld	; 00002E2C  FC                                
  5772 00002FA0 01FF                    add di,di	; 00002E2D  03FF                              
  5773 00002FA2 50                      push ax	; 00002E2F  FFF0                              
  5774 00002FA3 01FF                    add di,di	; 00002E31  03FF                              
  5775 00002FA5 50                      push ax	; 00002E33  FFF0                              
  5776 00002FA6 00FF                    add bh,bh	; 00002E35  00FF                              
  5777 00002FA8 40                      inc ax	; 00002E37  FFC0                              
  5778 00002FA9 000F                    add [bx],cl	; 00002E39  000F                              
  5779 00002FAB FC                      cld	; 00002E3B  FC                                
  5780 00002FAC 0000                    add [bx+si],al	; 00002E3C  0000                              
  5781 00002FAE 0000                    add [bx+si],al	; 00002E3E  0000                              
  5782 00002FB0 0000                    add [bx+si],al	; 00002E40  0000                              
  5783 00002FB2 0FFC00                  paddb mm0,[bx+si]	; 00002E42  0FFC00                            
  5784 00002FB5 00FF                    add bh,bh	; 00002E45  00FF                              
  5785 00002FB7 40                      inc ax	; 00002E47  FFC0                              
  5786 00002FB8 01FF                    add di,di	; 00002E49  03FF                              
  5787 00002FBA 50                      push ax	; 00002E4B  FFF0                              
  5788 00002FBB 01FF                    add di,di	; 00002E4D  03FF                              
  5789 00002FBD 50                      push ax	; 00002E4F  FFF0                              
  5790 00002FBE 0FFF3F                  ud0 di,[bx]	; 00002E51  0FFF3F                            
  5791 00002FC1 FC                      cld	; 00002E54  FC                                
  5792 00002FC2 0FFC0F                  paddb mm1,[bx]	; 00002E55  0FFC0F                            
  5793 00002FC5 FC                      cld	; 00002E58  FC                                
  5794 00002FC6 0F                      db 0x0f	; 00002E59  0F                                
  5795 00002FC7 F0                      lock	; 00002E5A  F0                                
  5795          ******************       warning: instruction is not lockable [-w+prefix-lock-error]
  5796 00002FC8 01E7                    add di,sp	; 00002E5B  03FC                              
  5797 00002FCA 0FC000                  xadd [bx+si],al	; 00002E5D  0FC000                            
  5798 00002FCD FC                      cld	; 00002E60  FC                                
  5799 00002FCE 0F0000                  sldt word [bx+si]	; 00002E61  0F0000                            
  5800 00002FD1 3C00                    cmp al,0x0	; 00002E64  3C00                              
  5801 00002FD3 0000                    add [bx+si],al	; 00002E66  0000                              
  5802 00002FD5 0000                    add [bx+si],al	; 00002E68  0000                              
  5803 00002FD7 0000                    add [bx+si],al	; 00002E6A  0000                              
  5804 00002FD9 0000                    add [bx+si],al	; 00002E6C  0000                              
  5805 00002FDB 0000                    add [bx+si],al	; 00002E6E  0000                              
  5806 00002FDD 0000                    add [bx+si],al	; 00002E70  0000                              
  5807 00002FDF 0000                    add [bx+si],al	; 00002E72  0000                              
  5808 00002FE1 0000                    add [bx+si],al	; 00002E74  0000                              
  5809 00002FE3 0000                    add [bx+si],al	; 00002E76  0000                              
  5810 00002FE5 0000                    add [bx+si],al	; 00002E78  0000                              
  5811 00002FE7 0FFC00                  paddb mm0,[bx+si]	; 00002E7A  0FFC00                            
  5812 00002FEA 00FF                    add bh,bh	; 00002E7D  00FF                              
  5813 00002FEC 40                      inc ax	; 00002E7F  FFC0                              
  5814 00002FED 01FF                    add di,di	; 00002E81  03FF                              
  5815 00002FEF 50                      push ax	; 00002E83  FFF0                              
  5816 00002FF0 01FF                    add di,di	; 00002E85  03FF                              
  5817 00002FF2 50                      push ax	; 00002E87  FFF0                              
  5818 00002FF3 0FFF3F                  ud0 di,[bx]	; 00002E89  0FFF3F                            
  5819 00002FF6 FC                      cld	; 00002E8C  FC                                
  5820 00002FF7 0FFF3F                  ud0 di,[bx]	; 00002E8D  0FFF3F                            
  5821 00002FFA FC                      cld	; 00002E90  FC                                
  5822 00002FFB 0FFC0F                  paddb mm1,[bx]	; 00002E91  0FFC0F                            
  5823 00002FFE FC                      cld	; 00002E94  FC                                
  5824 00002FFF 0FFC0F                  paddb mm1,[bx]	; 00002E95  0FFC0F                            
  5825 00003002 FC                      cld	; 00002E98  FC                                
  5826 00003003 0F                      db 0x0f	; 00002E99  0F                                
  5827 00003004 F0                      lock	; 00002E9A  F0                                
  5827          ******************       warning: instruction is not lockable [-w+prefix-lock-error]
  5828 00003005 01E7                    add di,sp	; 00002E9B  03FC                              
  5829 00003007 01C6                    add si,ax	; 00002E9D  03F0                              
  5830 00003009 01C6                    add si,ax	; 00002E9F  03F0                              
  5831 0000300B 01C0                    add ax,ax	; 00002EA1  03C0                              
  5832 0000300D 00F0                    add al,dh	; 00002EA3  00F0                              
  5833 0000300F 00C0                    add al,al	; 00002EA5  00C0                              
  5834 00003011 00C0                    add al,al	; 00002EA7  00C0                              
  5835 00003013 0000                    add [bx+si],al	; 00002EA9  0000                              
  5836 00003015 0000                    add [bx+si],al	; 00002EAB  0000                              
  5837 00003017 0000                    add [bx+si],al	; 00002EAD  0000                              
  5838 00003019 0000                    add [bx+si],al	; 00002EAF  0000                              
  5839 0000301B 000F                    add [bx],cl	; 00002EB1  000F                              
  5840 0000301D FC                      cld	; 00002EB3  FC                                
  5841 0000301E 0000                    add [bx+si],al	; 00002EB4  0000                              
  5842 00003020 FF                      db 0xff	; 00002EB6  FF                                
  5843 00003021 40                      inc ax	; 00002EB7  FFC0                              
  5844 00003022 01FF                    add di,di	; 00002EB9  03FF                              
  5845 00003024 50                      push ax	; 00002EBB  FFF0                              
  5846 00003025 01FF                    add di,di	; 00002EBD  03FF                              
  5847 00003027 50                      push ax	; 00002EBF  FFF0                              
  5848 00003028 0FFFFF                  ud0 di,di	; 00002EC1  0FFFFF                            
  5849 0000302B FC                      cld	; 00002EC4  FC                                
  5850 0000302C 0FFFFF                  ud0 di,di	; 00002EC5  0FFFFF                            
  5851 0000302F FC                      cld	; 00002EC8  FC                                
  5852 00003030 0FFFFF                  ud0 di,di	; 00002EC9  0FFFFF                            
  5853 00003033 FC                      cld	; 00002ECC  FC                                
  5854 00003034 0FFFFF                  ud0 di,di	; 00002ECD  0FFFFF                            
  5855 00003037 FC                      cld	; 00002ED0  FC                                
  5856 00003038 0FFFFF                  ud0 di,di	; 00002ED1  0FFFFF                            
  5857 0000303B FC                      cld	; 00002ED4  FC                                
  5858 0000303C 01FF                    add di,di	; 00002ED5  03FF                              
  5859 0000303E 50                      push ax	; 00002ED7  FFF0                              
  5860 0000303F 01FF                    add di,di	; 00002ED9  03FF                              
  5861 00003041 50                      push ax	; 00002EDB  FFF0                              
  5862 00003042 00FF                    add bh,bh	; 00002EDD  00FF                              
  5863 00003044 40                      inc ax	; 00002EDF  FFC0                              
  5864 00003045 000F                    add [bx],cl	; 00002EE1  000F                              
  5865 00003047 FC                      cld	; 00002EE3  FC                                
  5866 00003048 0000                    add [bx+si],al	; 00002EE4  0000                              
  5867 0000304A 0000                    add [bx+si],al	; 00002EE6  0000                              
  5868 0000304C 0000                    add [bx+si],al	; 00002EE8  0000                              
  5869 0000304E 0FFC00                  paddb mm0,[bx+si]	; 00002EEA  0FFC00                            
  5870 00003051 00FF                    add bh,bh	; 00002EED  00FF                              
  5871 00003053 40                      inc ax	; 00002EEF  FFC0                              
  5872 00003054 01FF                    add di,di	; 00002EF1  03FF                              
  5873 00003056 50                      push ax	; 00002EF3  FFF0                              
  5874 00003057 01FF                    add di,di	; 00002EF5  03FF                              
  5875 00003059 50                      push ax	; 00002EF7  FFF0                              
  5876 0000305A 0FFF3F                  ud0 di,[bx]	; 00002EF9  0FFF3F                            
  5877 0000305D FC                      cld	; 00002EFC  FC                                
  5878 0000305E 0FFF3F                  ud0 di,[bx]	; 00002EFD  0FFF3F                            
  5879 00003061 FC                      cld	; 00002F00  FC                                
  5880 00003062 0FFC0F                  paddb mm1,[bx]	; 00002F01  0FFC0F                            
  5881 00003065 FC                      cld	; 00002F04  FC                                
  5882 00003066 0FFC0F                  paddb mm1,[bx]	; 00002F05  0FFC0F                            
  5883 00003069 FC                      cld	; 00002F08  FC                                
  5884 0000306A 0F                      db 0x0f	; 00002F09  0F                                
  5885 0000306B F0                      lock	; 00002F0A  F0                                
  5885          ******************       warning: instruction is not lockable [-w+prefix-lock-error]
  5886 0000306C 01E7                    add di,sp	; 00002F0B  03FC                              
  5887 0000306E 01C6                    add si,ax	; 00002F0D  03F0                              
  5888 00003070 01C6                    add si,ax	; 00002F0F  03F0                              
  5889 00003072 01C0                    add ax,ax	; 00002F11  03C0                              
  5890 00003074 00F0                    add al,dh	; 00002F13  00F0                              
  5891 00003076 00C0                    add al,al	; 00002F15  00C0                              
  5892 00003078 00C0                    add al,al	; 00002F17  00C0                              
  5893 0000307A 0000                    add [bx+si],al	; 00002F19  0000                              
  5894 0000307C 0000                    add [bx+si],al	; 00002F1B  0000                              
  5895 0000307E 0000                    add [bx+si],al	; 00002F1D  0000                              
  5896 00003080 0000                    add [bx+si],al	; 00002F1F  0000                              
  5897 00003082 000F                    add [bx],cl	; 00002F21  000F                              
  5898 00003084 FC                      cld	; 00002F23  FC                                
  5899 00003085 0000                    add [bx+si],al	; 00002F24  0000                              
  5900 00003087 0FFFC0                  ud0 ax,ax	; 00002F26  0FFFC0                            
  5901 0000308A 0003                    add [bp+di],al	; 00002F29  0003                              
  5902 0000308C 50                      push ax	; 00002F2B  FFF0                              
  5903 0000308D 0000                    add [bx+si],al	; 00002F2D  0000                              
  5904 0000308F 50                      push ax	; 00002F2F  FFF0                              
  5905 00003090 0000                    add [bx+si],al	; 00002F31  0000                              
  5906 00003092 3F                      aas	; 00002F33  3F                                
  5907 00003093 FC                      cld	; 00002F34  FC                                
  5908 00003094 0000                    add [bx+si],al	; 00002F35  0000                              
  5909 00003096 0FFC00                  paddb mm0,[bx+si]	; 00002F37  0FFC00                            
  5910 00003099 0003                    add [bp+di],al	; 00002F3A  0003                              
  5911 0000309B FC                      cld	; 00002F3C  FC                                
  5912 0000309C 0000                    add [bx+si],al	; 00002F3D  0000                              
  5913 0000309E 0FFC00                  paddb mm0,[bx+si]	; 00002F3F  0FFC00                            
  5914 000030A1 003F                    add [bx],bh	; 00002F42  003F                              
  5915 000030A3 FC                      cld	; 00002F44  FC                                
  5916 000030A4 0000                    add [bx+si],al	; 00002F45  0000                              
  5917 000030A6 50                      push ax	; 00002F47  FFF0                              
  5918 000030A7 0003                    add [bp+di],al	; 00002F49  0003                              
  5919 000030A9 50                      push ax	; 00002F4B  FFF0                              
  5920 000030AA 000F                    add [bx],cl	; 00002F4D  000F                              
  5921 000030AC 40                      inc ax	; 00002F4F  FFC0                              
  5922 000030AD 000F                    add [bx],cl	; 00002F51  000F                              
  5923 000030AF FC                      cld	; 00002F53  FC                                
  5924 000030B0 0000                    add [bx+si],al	; 00002F54  0000                              
  5925 000030B2 0000                    add [bx+si],al	; 00002F56  0000                              
  5926 000030B4 0000                    add [bx+si],al	; 00002F58  0000                              
  5927 000030B6 0FFC00                  paddb mm0,[bx+si]	; 00002F5A  0FFC00                            
  5928 000030B9 00FF                    add bh,bh	; 00002F5D  00FF                              
  5929 000030BB 40                      inc ax	; 00002F5F  FFC0                              
  5930 000030BC 01FF                    add di,di	; 00002F61  03FF                              
  5931 000030BE 50                      push ax	; 00002F63  FFF0                              
  5932 000030BF 003F                    add [bx],bh	; 00002F65  003F                              
  5933 000030C1 50                      push ax	; 00002F67  FFF0                              
  5934 000030C2 0003                    add [bp+di],al	; 00002F69  0003                              
  5935 000030C4 FF                      db 0xff	; 00002F6B  FF                                
  5936 000030C5 FC                      cld	; 00002F6C  FC                                
  5937 000030C6 0000                    add [bx+si],al	; 00002F6D  0000                              
  5938 000030C8 3F                      aas	; 00002F6F  3F                                
  5939 000030C9 FC                      cld	; 00002F70  FC                                
  5940 000030CA 0000                    add [bx+si],al	; 00002F71  0000                              
  5941 000030CC 01E7                    add di,sp	; 00002F73  03FC                              
  5942 000030CE 0000                    add [bx+si],al	; 00002F75  0000                              
  5943 000030D0 3F                      aas	; 00002F77  3F                                
  5944 000030D1 FC                      cld	; 00002F78  FC                                
  5945 000030D2 0003                    add [bp+di],al	; 00002F79  0003                              
  5946 000030D4 FF                      db 0xff	; 00002F7B  FF                                
  5947 000030D5 FC                      cld	; 00002F7C  FC                                
  5948 000030D6 003F                    add [bx],bh	; 00002F7D  003F                              
  5949 000030D8 50                      push ax	; 00002F7F  FFF0                              
  5950 000030D9 01FF                    add di,di	; 00002F81  03FF                              
  5951 000030DB 50                      push ax	; 00002F83  FFF0                              
  5952 000030DC 00FF                    add bh,bh	; 00002F85  00FF                              
  5953 000030DE 40                      inc ax	; 00002F87  FFC0                              
  5954 000030DF 000F                    add [bx],cl	; 00002F89  000F                              
  5955 000030E1 FC                      cld	; 00002F8B  FC                                
  5956 000030E2 0000                    add [bx+si],al	; 00002F8C  0000                              
  5957 000030E4 0000                    add [bx+si],al	; 00002F8E  0000                              
  5958 000030E6 0000                    add [bx+si],al	; 00002F90  0000                              
  5959 000030E8 0FFC00                  paddb mm0,[bx+si]	; 00002F92  0FFC00                            
  5960 000030EB 00FF                    add bh,bh	; 00002F95  00FF                              
  5961 000030ED 40                      inc ax	; 00002F97  FFC0                              
  5962 000030EE 01FF                    add di,di	; 00002F99  03FF                              
  5963 000030F0 50                      push ax	; 00002F9B  FFF0                              
  5964 000030F1 01FF                    add di,di	; 00002F9D  03FF                              
  5965 000030F3 50                      push ax	; 00002F9F  FFF0                              
  5966 000030F4 0FFFFF                  ud0 di,di	; 00002FA1  0FFFFF                            
  5967 000030F7 FC                      cld	; 00002FA4  FC                                
  5968 000030F8 0FFFFF                  ud0 di,di	; 00002FA5  0FFFFF                            
  5969 000030FB FC                      cld	; 00002FA8  FC                                
  5970 000030FC 0FFFFF                  ud0 di,di	; 00002FA9  0FFFFF                            
  5971 000030FF FC                      cld	; 00002FAC  FC                                
  5972 00003100 0FFFFF                  ud0 di,di	; 00002FAD  0FFFFF                            
  5973 00003103 FC                      cld	; 00002FB0  FC                                
  5974 00003104 0FFFFF                  ud0 di,di	; 00002FB1  0FFFFF                            
  5975 00003107 FC                      cld	; 00002FB4  FC                                
  5976 00003108 01FF                    add di,di	; 00002FB5  03FF                              
  5977 0000310A 50                      push ax	; 00002FB7  FFF0                              
  5978 0000310B 01FF                    add di,di	; 00002FB9  03FF                              
  5979 0000310D 50                      push ax	; 00002FBB  FFF0                              
  5980 0000310E 00FF                    add bh,bh	; 00002FBD  00FF                              
  5981 00003110 40                      inc ax	; 00002FBF  FFC0                              
  5982 00003111 000F                    add [bx],cl	; 00002FC1  000F                              
  5983 00003113 FC                      cld	; 00002FC3  FC                                
  5984 00003114 0000                    add [bx+si],al	; 00002FC4  0000                              
  5985 00003116 0000                    add [bx+si],al	; 00002FC6  0000                              
  5986 00003118 0000                    add [bx+si],al	; 00002FC8  0000                              
  5987 0000311A 0FFC00                  paddb mm0,[bx+si]	; 00002FCA  0FFC00                            
  5988 0000311D 00FF                    add bh,bh	; 00002FCD  00FF                              
  5989 0000311F 40                      inc ax	; 00002FCF  FFC0                              
  5990 00003120 01FF                    add di,di	; 00002FD1  03FF                              
  5991 00003122 50                      push ax	; 00002FD3  FFF0                              
  5992 00003123 003F                    add [bx],bh	; 00002FD5  003F                              
  5993 00003125 50                      push ax	; 00002FD7  FFF0                              
  5994 00003126 0003                    add [bp+di],al	; 00002FD9  0003                              
  5995 00003128 FF                      db 0xff	; 00002FDB  FF                                
  5996 00003129 FC                      cld	; 00002FDC  FC                                
  5997 0000312A 0000                    add [bx+si],al	; 00002FDD  0000                              
  5998 0000312C 3F                      aas	; 00002FDF  3F                                
  5999 0000312D FC                      cld	; 00002FE0  FC                                
  6000 0000312E 0000                    add [bx+si],al	; 00002FE1  0000                              
  6001 00003130 01E7                    add di,sp	; 00002FE3  03FC                              
  6002 00003132 0000                    add [bx+si],al	; 00002FE5  0000                              
  6003 00003134 3F                      aas	; 00002FE7  3F                                
  6004 00003135 FC                      cld	; 00002FE8  FC                                
  6005 00003136 0003                    add [bp+di],al	; 00002FE9  0003                              
  6006 00003138 FF                      db 0xff	; 00002FEB  FF                                
  6007 00003139 FC                      cld	; 00002FEC  FC                                
  6008 0000313A 003F                    add [bx],bh	; 00002FED  003F                              
  6009 0000313C 50                      push ax	; 00002FEF  FFF0                              
  6010 0000313D 01FF                    add di,di	; 00002FF1  03FF                              
  6011 0000313F 50                      push ax	; 00002FF3  FFF0                              
  6012 00003140 00FF                    add bh,bh	; 00002FF5  00FF                              
  6013 00003142 40                      inc ax	; 00002FF7  FFC0                              
  6014 00003143 000F                    add [bx],cl	; 00002FF9  000F                              
  6015 00003145 FC                      cld	; 00002FFB  FC                                
  6016 00003146 0000                    add [bx+si],al	; 00002FFC  0000                              
  6017 00003148 0000                    add [bx+si],al	; 00002FFE  0000                              
  6018 0000314A 0000                    add [bx+si],al	; 00003000  0000                              
  6019 0000314C 0FFC00                  paddb mm0,[bx+si]	; 00003002  0FFC00                            
  6020 0000314F 00FF                    add bh,bh	; 00003005  00FF                              
  6021 00003151 FC                      cld	; 00003007  FC                                
  6022 00003152 0003                    add [bp+di],al	; 00003008  0003                              
  6023 00003154 50                      push ax	; 0000300A  FFF0                              
  6024 00003155 0003                    add [bp+di],al	; 0000300C  0003                              
  6025 00003157 40                      inc ax	; 0000300E  FFC0                              
  6026 00003158 000F                    add [bx],cl	; 00003010  000F                              
  6027 0000315A FF00                    inc word [bx+si]	; 00003012  FF00                              
  6028 0000315C 000F                    add [bx],cl	; 00003014  000F                              
  6029 0000315E FC                      cld	; 00003016  FC                                
  6030 0000315F 0000                    add [bx+si],al	; 00003017  0000                              
  6031 00003161 0F                      db 0x0f	; 00003019  0F                                
  6032 00003162 F00000                  lock add [bx+si],al	; 0000301A  F00000                            
  6033 00003165 0FFC00                  paddb mm0,[bx+si]	; 0000301D  0FFC00                            
  6034 00003168 000F                    add [bx],cl	; 00003020  000F                              
  6035 0000316A FF00                    inc word [bx+si]	; 00003022  FF00                              
  6036 0000316C 0003                    add [bp+di],al	; 00003024  0003                              
  6037 0000316E 40                      inc ax	; 00003026  FFC0                              
  6038 0000316F 0003                    add [bp+di],al	; 00003028  0003                              
  6039 00003171 50                      push ax	; 0000302A  FFF0                              
  6040 00003172 0000                    add [bx+si],al	; 0000302C  0000                              
  6041 00003174 FF                      db 0xff	; 0000302E  FF                                
  6042 00003175 FC                      cld	; 0000302F  FC                                
  6043 00003176 0000                    add [bx+si],al	; 00003030  0000                              
  6044 00003178 0FFC00                  paddb mm0,[bx+si]	; 00003032  0FFC00                            
  6045 0000317B 0000                    add [bx+si],al	; 00003035  0000                              
  6046 0000317D 0000                    add [bx+si],al	; 00003037  0000                              
  6047 0000317F 000F                    add [bx],cl	; 00003039  000F                              
  6048 00003181 FC                      cld	; 0000303B  FC                                
  6049 00003182 0000                    add [bx+si],al	; 0000303C  0000                              
  6050 00003184 FF                      db 0xff	; 0000303E  FF                                
  6051 00003185 40                      inc ax	; 0000303F  FFC0                              
  6052 00003186 01FF                    add di,di	; 00003041  03FF                              
  6053 00003188 50                      push ax	; 00003043  FFF0                              
  6054 00003189 01FF                    add di,di	; 00003045  03FF                              
  6055 0000318B FF00                    inc word [bx+si]	; 00003047  FF00                              
  6056 0000318D 0FFFF0                  ud0 si,ax	; 00003049  0FFFF0                            
  6057 00003190 000F                    add [bx],cl	; 0000304C  000F                              
  6058 00003192 FF00                    inc word [bx+si]	; 0000304E  FF00                              
  6059 00003194 000F                    add [bx],cl	; 00003050  000F                              
  6060 00003196 F00000                  lock add [bx+si],al	; 00003052  F00000                            
  6061 00003199 0FFF00                  ud0 ax,[bx+si]	; 00003055  0FFF00                            
  6062 0000319C 000F                    add [bx],cl	; 00003058  000F                              
  6063 0000319E 50                      push ax	; 0000305A  FFF0                              
  6064 0000319F 0003                    add [bp+di],al	; 0000305C  0003                              
  6065 000031A1 FF                      db 0xff	; 0000305E  FF                                
  6066 000031A2 FF00                    inc word [bx+si]	; 0000305F  FF00                              
  6067 000031A4 01FF                    add di,di	; 00003061  03FF                              
  6068 000031A6 50                      push ax	; 00003063  FFF0                              
  6069 000031A7 00FF                    add bh,bh	; 00003065  00FF                              
  6070 000031A9 40                      inc ax	; 00003067  FFC0                              
  6071 000031AA 000F                    add [bx],cl	; 00003069  000F                              
  6072 000031AC FC                      cld	; 0000306B  FC                                
  6073 000031AD 0000                    add [bx+si],al	; 0000306C  0000                              
  6074 000031AF 0000                    add [bx+si],al	; 0000306E  0000                              
  6075 000031B1 0000                    add [bx+si],al	; 00003070  0000                              
  6076 000031B3 0FFC00                  paddb mm0,[bx+si]	; 00003072  0FFC00                            
  6077 000031B6 00FF                    add bh,bh	; 00003075  00FF                              
  6078 000031B8 40                      inc ax	; 00003077  FFC0                              
  6079 000031B9 01FF                    add di,di	; 00003079  03FF                              
  6080 000031BB 50                      push ax	; 0000307B  FFF0                              
  6081 000031BC 01FF                    add di,di	; 0000307D  03FF                              
  6082 000031BE 50                      push ax	; 0000307F  FFF0                              
  6083 000031BF 0FFFFF                  ud0 di,di	; 00003081  0FFFFF                            
  6084 000031C2 FC                      cld	; 00003084  FC                                
  6085 000031C3 0FFFFF                  ud0 di,di	; 00003085  0FFFFF                            
  6086 000031C6 FC                      cld	; 00003088  FC                                
  6087 000031C7 0FFFFF                  ud0 di,di	; 00003089  0FFFFF                            
  6088 000031CA FC                      cld	; 0000308C  FC                                
  6089 000031CB 0FFFFF                  ud0 di,di	; 0000308D  0FFFFF                            
  6090 000031CE FC                      cld	; 00003090  FC                                
  6091 000031CF 0FFFFF                  ud0 di,di	; 00003091  0FFFFF                            
  6092 000031D2 FC                      cld	; 00003094  FC                                
  6093 000031D3 01FF                    add di,di	; 00003095  03FF                              
  6094 000031D5 50                      push ax	; 00003097  FFF0                              
  6095 000031D6 01FF                    add di,di	; 00003099  03FF                              
  6096 000031D8 50                      push ax	; 0000309B  FFF0                              
  6097 000031D9 00FF                    add bh,bh	; 0000309D  00FF                              
  6098 000031DB 40                      inc ax	; 0000309F  FFC0                              
  6099 000031DC 000F                    add [bx],cl	; 000030A1  000F                              
  6100 000031DE FC                      cld	; 000030A3  FC                                
  6101 000031DF 0000                    add [bx+si],al	; 000030A4  0000                              
  6102 000031E1 0000                    add [bx+si],al	; 000030A6  0000                              
  6103 000031E3 0000                    add [bx+si],al	; 000030A8  0000                              
  6104 000031E5 0FFC00                  paddb mm0,[bx+si]	; 000030AA  0FFC00                            
  6105 000031E8 00FF                    add bh,bh	; 000030AD  00FF                              
  6106 000031EA 40                      inc ax	; 000030AF  FFC0                              
  6107 000031EB 01FF                    add di,di	; 000030B1  03FF                              
  6108 000031ED 50                      push ax	; 000030B3  FFF0                              
  6109 000031EE 01FF                    add di,di	; 000030B5  03FF                              
  6110 000031F0 FF00                    inc word [bx+si]	; 000030B7  FF00                              
  6111 000031F2 0FFFF0                  ud0 si,ax	; 000030B9  0FFFF0                            
  6112 000031F5 000F                    add [bx],cl	; 000030BC  000F                              
  6113 000031F7 FF00                    inc word [bx+si]	; 000030BE  FF00                              
  6114 000031F9 000F                    add [bx],cl	; 000030C0  000F                              
  6115 000031FB F00000                  lock add [bx+si],al	; 000030C2  F00000                            
  6116 000031FE 0FFF00                  ud0 ax,[bx+si]	; 000030C5  0FFF00                            
  6117 00003201 000F                    add [bx],cl	; 000030C8  000F                              
  6118 00003203 50                      push ax	; 000030CA  FFF0                              
  6119 00003204 0003                    add [bp+di],al	; 000030CC  0003                              
  6120 00003206 FF                      db 0xff	; 000030CE  FF                                
  6121 00003207 FF00                    inc word [bx+si]	; 000030CF  FF00                              
  6122 00003209 01FF                    add di,di	; 000030D1  03FF                              
  6123 0000320B 50                      push ax	; 000030D3  FFF0                              
  6124 0000320C 00FF                    add bh,bh	; 000030D5  00FF                              
  6125 0000320E 40                      inc ax	; 000030D7  FFC0                              
  6126 0000320F 000F                    add [bx],cl	; 000030D9  000F                              
  6127 00003211 FC                      cld	; 000030DB  FC                                
  6128 00003212 0000                    add [bx+si],al	; 000030DC  0000                              
  6129 00003214 0000                    add [bx+si],al	; 000030DE  0000                              
  6130 00003216 0000                    add [bx+si],al	; 000030E0  0000                              
  6131 00003218 83C050                  add ax,0x50	; 000030E2  055000                            
  6132 0000321B 005555                  add [di+0x55],dl	; 000030E5  005555                            
  6133 0000321E 0001                    add [bx+di],al	; 000030E8  0001                              
  6134 00003220 055040                  add ax,0x4050	; 000030EA  055040                            
  6135 00003223 07                      pop es	; 000030ED  07                                
  6136 00003224 0D70D0                  or ax,0xd070	; 000030EE  0D70D0                            
  6137 00003227 07                      pop es	; 000030F1  07                                
  6138 00003228 FD                      std	; 000030F2  FD                                
  6139 00003229 0F8F(C530)              jg 0x30c5	; 000030F3  7FD0                              
  6140 0000322D 17                      pop ss	; 000030F5  17                                
  6141 0000322E FD                      std	; 000030F6  FD                                
  6142 0000322F 0F8F(CD30)              jg 0x30cd	; 000030F7  7FD4                              
  6143 00003233 15F55F                  adc ax,0x5ff5	; 000030F9  15F55F                            
  6144 00003236 54                      push sp	; 000030FC  54                                
  6145 00003237 155555                  adc ax,0x5555	; 000030FD  155555                            
  6146 0000323A 54                      push sp	; 00003100  54                                
  6147 0000323B 0005                    add [di],al	; 00003101  0005                              
  6148 0000323D 50                      push ax	; 00003103  50                                
  6149 0000323E 0000                    add [bx+si],al	; 00003104  0000                              
  6150 00003240 55                      push bp	; 00003106  55                                
  6151 00003241 55                      push bp	; 00003107  55                                
  6152 00003242 0001                    add [bx+di],al	; 00003108  0001                              
  6153 00003244 55                      push bp	; 0000310A  55                                
  6154 00003245 55                      push bp	; 0000310B  55                                
  6155 00003246 40                      inc ax	; 0000310C  40                                
  6156 00003247 05F55F                  add ax,0x5ff5	; 0000310D  05F55F                            
  6157 0000324A 50                      push ax	; 00003110  50                                
  6158 0000324B 07                      pop es	; 00003111  07                                
  6159 0000324C FD                      std	; 00003112  FD                                
  6160 0000324D 0F8F(E530)              jg 0x30e5	; 00003113  7FD0                              
  6161 00003251 17                      pop ss	; 00003115  17                                
  6162 00003252 FD                      std	; 00003116  FD                                
  6163 00003253 0F8F(ED30)              jg 0x30ed	; 00003117  7FD4                              
  6164 00003257 17                      pop ss	; 00003119  17                                
  6165 00003258 0D70D4                  or ax,0xd470	; 0000311A  0D70D4                            
  6166 0000325B 150550                  adc ax,0x5005	; 0000311D  150550                            
  6167 0000325E 54                      push sp	; 00003120  54                                
  6168 0000325F 0005                    add [di],al	; 00003121  0005                              
  6169 00003261 50                      push ax	; 00003123  50                                
  6170 00003262 0000                    add [bx+si],al	; 00003124  0000                              
  6171 00003264 55                      push bp	; 00003126  55                                
  6172 00003265 55                      push bp	; 00003127  55                                
  6173 00003266 0001                    add [bx+di],al	; 00003128  0001                              
  6174 00003268 F5                      cmc	; 0000312A  F5                                
  6175 00003269 5F                      pop di	; 0000312B  5F                                
  6176 0000326A 40                      inc ax	; 0000312C  40                                
  6177 0000326B 07                      pop es	; 0000312D  07                                
  6178 0000326C FD                      std	; 0000312E  FD                                
  6179 0000326D 0F8F(0131)              jg 0x3101	; 0000312F  7FD0                              
  6180 00003271 043D                    add al,0x3d	; 00003131  043D                              
  6181 00003273 43                      inc bx	; 00003133  43                                
  6182 00003274 C01400                  rcl byte [si],0x0	; 00003134  D014                              
  6183 00003277 3D43D4                  cmp ax,0xd443	; 00003136  3D43D4                            
  6184 0000327A 15F55F                  adc ax,0x5ff5	; 00003139  15F55F                            
  6185 0000327D 54                      push sp	; 0000313C  54                                
  6186 0000327E 155555                  adc ax,0x5555	; 0000313D  155555                            
  6187 00003281 54                      push sp	; 00003140  54                                
  6188 00003282 0005                    add [di],al	; 00003141  0005                              
  6189 00003284 50                      push ax	; 00003143  50                                
  6190 00003285 0000                    add [bx+si],al	; 00003144  0000                              
  6191 00003287 55                      push bp	; 00003146  55                                
  6192 00003288 55                      push bp	; 00003147  55                                
  6193 00003289 0001                    add [bx+di],al	; 00003148  0001                              
  6194 0000328B F5                      cmc	; 0000314A  F5                                
  6195 0000328C 5F                      pop di	; 0000314B  5F                                
  6196 0000328D 40                      inc ax	; 0000314C  40                                
  6197 0000328E 07                      pop es	; 0000314D  07                                
  6198 0000328F FD                      std	; 0000314E  FD                                
  6199 00003290 0F8F(2131)              jg 0x3121	; 0000314F  7FD0                              
  6200 00003294 07                      pop es	; 00003151  07                                
  6201 00003295 C17C1017                sar word [si+0x10],byte 0x17	; 00003152  C17C1017                          
  6202 00003299 C17C1415                sar word [si+0x14],byte 0x15	; 00003156  C17C1415                          
  6203 0000329D F5                      cmc	; 0000315A  F5                                
  6204 0000329E 5F                      pop di	; 0000315B  5F                                
  6205 0000329F 54                      push sp	; 0000315C  54                                
  6206 000032A0 155555                  adc ax,0x5555	; 0000315D  155555                            
  6207 000032A3 54                      push sp	; 00003160  54                                
  6208 000032A4 155555                  adc ax,0x5555	; 00003161  155555                            
  6209 000032A7 54                      push sp	; 00003164  54                                
  6210 000032A8 155555                  adc ax,0x5555	; 00003165  155555                            
  6211 000032AB 54                      push sp	; 00003168  54                                
  6212 000032AC 155555                  adc ax,0x5555	; 00003169  155555                            
  6213 000032AF 54                      push sp	; 0000316C  54                                
  6214 000032B0 155555                  adc ax,0x5555	; 0000316D  155555                            
  6215 000032B3 54                      push sp	; 00003170  54                                
  6216 000032B4 154551                  adc ax,0x5145	; 00003171  154551                            
  6217 000032B7 54                      push sp	; 00003174  54                                
  6218 000032B8 050140                  add ax,0x4001	; 00003175  050140                            
  6219 000032BB 50                      push ax	; 00003178  50                                
  6220 000032BC 1454                    adc al,0x54	; 00003179  1454                              
  6221 000032BE 151410                  adc ax,0x1014	; 0000317B  151410                            
  6222 000032C1 1414                    adc al,0x14	; 0000317E  1414                              
  6223 000032C3 0400                    add al,0x0	; 00003180  0400                              
  6224 000032C5 07                      pop es	; 00003182  07                                
  6225 000032C6 0F80(8531)              jo 0x3185	; 00003183  7000                              
  6226 000032CA 00DD                    add ch,bl	; 00003185  00DD                              
  6227 000032CC DD00                    fld qword [bx+si]	; 00003187  DD00                              
  6228 000032CE 0307                    add ax,[bx]	; 00003189  0307                              
  6229 000032D0 0F80(CD31)              jo 0x31cd	; 0000318B  7040                              
  6230 000032D4 0F                      db 0x0f	; 0000318D  0F                                
  6231 000032D5 0DF0D0                  or ax,0xd0f0	; 0000318E  0DF0D0                            
  6232 000032D8 07                      pop es	; 00003191  07                                
  6233 000032D9 FF                      db 0xff	; 00003192  FF                                
  6234 000032DA 0F8F(8531)              jg 0x3185	; 00003193  7FF0                              
  6235 000032DE 1F                      pop ds	; 00003195  1F                                
  6236 000032DF FD                      std	; 00003196  FD                                
  6237 000032E0 FF                      db 0xff	; 00003197  FF                                
  6238 000032E1 DC37                    fdiv qword [bx]	; 00003198  DC37                              
  6239 000032E3 F77F74                  idiv word [bx+0x74]	; 0000319A  F77F74                            
  6240 000032E6 1DDDDD                  sbb ax,0xdddd	; 0000319D  1DDDDD                            
  6241 000032E9 DC00                    fadd qword [bx+si]	; 000031A0  DC00                              
  6242 000032EB 07                      pop es	; 000031A2  07                                
  6243 000032EC 0F80(A531)              jo 0x31a5	; 000031A3  7000                              
  6244 000032F0 00DD                    add ch,bl	; 000031A5  00DD                              
  6245 000032F2 DD00                    fld qword [bx+si]	; 000031A7  DD00                              
  6246 000032F4 037777                  add si,[bx+0x77]	; 000031A9  037777                            
  6247 000032F7 40                      inc ax	; 000031AC  40                                
  6248 000032F8 0DFDDF                  or ax,0xdffd	; 000031AD  0DFDDF                            
  6249 000032FB C00700                  rol byte [bx],0x0	; 000031B0  D007                              
  6250 000032FE FF                      db 0xff	; 000031B2  FF                                
  6251 000032FF 0F8F(A531)              jg 0x31a5	; 000031B3  7FF0                              
  6252 00003303 1F                      pop ds	; 000031B5  1F                                
  6253 00003304 FD                      std	; 000031B6  FD                                
  6254 00003305 FF                      db 0xff	; 000031B7  FF                                
  6255 00003306 DC37                    fdiv qword [bx]	; 000031B8  DC37                              
  6256 00003308 0F70F41D                pshufw mm6,mm4,0x1d	; 000031BA  0F70F41D                          
  6257 0000330C 0DD0DC                  or ax,0xdcd0	; 000031BE  0DD0DC                            
  6258 0000330F 0007                    add [bx],al	; 000031C1  0007                              
  6259 00003311 0F80(C531)              jo 0x31c5	; 000031C3  7000                              
  6260 00003315 00DD                    add ch,bl	; 000031C5  00DD                              
  6261 00003317 DD00                    fld qword [bx+si]	; 000031C7  DD00                              
  6262 00003319 01FE                    add si,di	; 000031C9  03F7                              
  6263 0000331B 0F8F(0D32)              jg 0x320d	; 000031CB  7F40                              
  6264 0000331F 0FFDFF                  paddw mm7,mm7	; 000031CD  0FFDFF                            
  6265 00003322 C00400                  rol byte [si],0x0	; 000031D0  D004                              
  6266 00003325 3F                      aas	; 000031D2  3F                                
  6267 00003326 43                      inc bx	; 000031D3  43                                
  6268 00003327 F0                      lock	; 000031D4  F0                                
  6268          ******************       warning: instruction is not lockable [-w+prefix-lock-error]
  6269 00003328 1C3D                    sbb al,0x3d	; 000031D5  1C3D                              
  6270 0000332A C3                      ret	; 000031D7  C3                                
  6271 0000332B DC37                    fdiv qword [bx]	; 000031D8  DC37                              
  6272 0000332D F77F74                  idiv word [bx+0x74]	; 000031DA  F77F74                            
  6273 00003330 1DDDDD                  sbb ax,0xdddd	; 000031DD  1DDDDD                            
  6274 00003333 DC00                    fadd qword [bx+si]	; 000031E0  DC00                              
  6275 00003335 07                      pop es	; 000031E2  07                                
  6276 00003336 0F80(E531)              jo 0x31e5	; 000031E3  7000                              
  6277 0000333A 00DD                    add ch,bl	; 000031E5  00DD                              
  6278 0000333C DD00                    fld qword [bx+si]	; 000031E7  DD00                              
  6279 0000333E 01FE                    add si,di	; 000031E9  03F7                              
  6280 00003340 0F8F(2D32)              jg 0x322d	; 000031EB  7F40                              
  6281 00003344 0FFDFF                  paddw mm7,mm7	; 000031ED  0FFDFF                            
  6282 00003347 C00700                  rol byte [bx],0x0	; 000031F0  D007                              
  6283 0000334A C3                      ret	; 000031F2  C3                                
  6284 0000334B 0F8C(2532)              jl 0x3225	; 000031F3  7C30                              
  6285 0000334F 1F                      pop ds	; 000031F5  1F                                
  6286 00003350 C1FC1C                  sar sp,byte 0x1c	; 000031F6  C1FC1C                            
  6287 00003353 37                      aaa	; 000031F9  37                                
  6288 00003354 F77F74                  idiv word [bx+0x74]	; 000031FA  F77F74                            
  6289 00003357 1DDDDD                  sbb ax,0xdddd	; 000031FD  1DDDDD                            
  6290 0000335A DC37                    fdiv qword [bx]	; 00003200  DC37                              
  6291 0000335C 0F87(7B32)              ja 0x327b	; 00003202  7777                              
  6292 00003360 0F84(2332)              jz 0x3223	; 00003204  741D                              
  6293 00003364 DDDD                    fstp st5	; 00003206  DDDD                              
  6294 00003366 DC37                    fdiv qword [bx]	; 00003208  DC37                              
  6295 00003368 0F87(8332)              ja 0x3283	; 0000320A  7777                              
  6296 0000336C 0F84(2B32)              jz 0x322b	; 0000320C  741D                              
  6297 00003370 DDDD                    fstp st5	; 0000320E  DDDD                              
  6298 00003372 DC37                    fdiv qword [bx]	; 00003210  DC37                              
  6299 00003374 47                      inc di	; 00003212  47                                
  6300 00003375 0F83(8932)              jnc 0x3289	; 00003213  7374                              
  6301 00003379 0D01C0                  or ax,0xc001	; 00003215  0D01C0                            
  6302 0000337C D0                      db 0xd0	; 00003218  D0                                
  6303 0000337D 3474                    xor al,0x74	; 00003219  3474                              
  6304 0000337F 37                      aaa	; 0000321B  37                                
  6305 00003380 3410                    xor al,0x10	; 0000321C  3410                              
  6306 00003382 1C1C                    sbb al,0x1c	; 0000321E  1C1C                              
  6307 00003384 0C00                    or al,0x0	; 00003220  0C00                              
  6308 00003386 0A20                    or ah,[bx+si+0x0]	; 00003222  0AA00000                          
  6309 00003388 AA                      stosb	; 00003226  AA                                
  6310 00003389 AA                      stosb	; 00003227  AA                                
  6311 0000338A 0002                    add [bp+si],al	; 00003228  0002                              
  6312 0000338C 0AA0800B                or ah,[bx+si+0xb80]	; 0000322A  0AA0800B                          
  6313 00003390 0E                      push cs	; 0000322E  0E                                
  6314 00003391 B0E0                    mov al,0xe0	; 0000322F  B0E0                              
  6315 00003393 09F7                    or di,si	; 00003231  0BFE                              
  6316 00003395 BFE02B                  mov di,0x2be0	; 00003233  BFE02B                            
  6317 00003398 FE                      db 0xfe	; 00003236  FE                                
  6318 00003399 BFE82A                  mov di,0x2ae8	; 00003237  BFE82A                            
  6319 0000339C FA                      cli	; 0000323A  FA                                
  6320 0000339D AF                      scasw	; 0000323B  AF                                
  6321 0000339E A82A                    test al,0x2a	; 0000323C  A82A                              
  6322 000033A0 AA                      stosb	; 0000323E  AA                                
  6323 000033A1 AA                      stosb	; 0000323F  AA                                
  6324 000033A2 A800                    test al,0x0	; 00003240  A800                              
  6325 000033A4 0A20                    or ah,[bx+si+0x0]	; 00003242  0AA00000                          
  6326 000033A6 AA                      stosb	; 00003246  AA                                
  6327 000033A7 AA                      stosb	; 00003247  AA                                
  6328 000033A8 0002                    add [bp+si],al	; 00003248  0002                              
  6329 000033AA AA                      stosb	; 0000324A  AA                                
  6330 000033AB AA                      stosb	; 0000324B  AA                                
  6331 000033AC 800AFA                  or byte [bp+si],0xfa	; 0000324C  800AFA                            
  6332 000033AF AF                      scasw	; 0000324F  AF                                
  6333 000033B0 A00BFE                  mov al,[0xfe0b]	; 00003250  A00BFE                            
  6334 000033B3 BFE02B                  mov di,0x2be0	; 00003253  BFE02B                            
  6335 000033B6 FE                      db 0xfe	; 00003256  FE                                
  6336 000033B7 BFE82B                  mov di,0x2be8	; 00003257  BFE82B                            
  6337 000033BA 0E                      push cs	; 0000325A  0E                                
  6338 000033BB B0E8                    mov al,0xe8	; 0000325B  B0E8                              
  6339 000033BD 2A0A                    sub cl,[bp+si]	; 0000325D  2A0A                              
  6340 000033BF A0A800                  mov al,[0xa8]	; 0000325F  A0A800                            
  6341 000033C2 0A20                    or ah,[bx+si+0x0]	; 00003262  0AA00000                          
  6342 000033C4 AA                      stosb	; 00003266  AA                                
  6343 000033C5 AA                      stosb	; 00003267  AA                                
  6344 000033C6 0002                    add [bp+si],al	; 00003268  0002                              
  6345 000033C8 FA                      cli	; 0000326A  FA                                
  6346 000033C9 AF                      scasw	; 0000326B  AF                                
  6347 000033CA 800BFE                  or byte [bp+di],0xfe	; 0000326C  800BFE                            
  6348 000033CD BFE008                  mov di,0x8e0	; 0000326F  BFE008                            
  6349 000033D0 3E83E028                ds and ax,0x28	; 00003272  3E83E028                          
  6350 000033D4 3E83E82A                ds sub ax,0x2a	; 00003276  3E83E82A                          
  6351 000033D8 FA                      cli	; 0000327A  FA                                
  6352 000033D9 AF                      scasw	; 0000327B  AF                                
  6353 000033DA A82A                    test al,0x2a	; 0000327C  A82A                              
  6354 000033DC AA                      stosb	; 0000327E  AA                                
  6355 000033DD AA                      stosb	; 0000327F  AA                                
  6356 000033DE A800                    test al,0x0	; 00003280  A800                              
  6357 000033E0 0A20                    or ah,[bx+si+0x0]	; 00003282  0AA00000                          
  6358 000033E2 AA                      stosb	; 00003286  AA                                
  6359 000033E3 AA                      stosb	; 00003287  AA                                
  6360 000033E4 0002                    add [bp+si],al	; 00003288  0002                              
  6361 000033E6 FA                      cli	; 0000328A  FA                                
  6362 000033E7 AF                      scasw	; 0000328B  AF                                
  6363 000033E8 800BFE                  or byte [bp+di],0xfe	; 0000328C  800BFE                            
  6364 000033EB BFE00B                  mov di,0xbe0	; 0000328F  BFE00B                            
  6365 000033EE C2BC20                  ret word 0x20bc	; 00003292  C2BC20                            
  6366 000033F1 29D0                    sub ax,dx	; 00003295  2BC2                              
  6367 000033F3 BC282A                  mov sp,0x2a28	; 00003297  BC282A                            
  6368 000033F6 FA                      cli	; 0000329A  FA                                
  6369 000033F7 AF                      scasw	; 0000329B  AF                                
  6370 000033F8 A82A                    test al,0x2a	; 0000329C  A82A                              
  6371 000033FA AA                      stosb	; 0000329E  AA                                
  6372 000033FB AA                      stosb	; 0000329F  AA                                
  6373 000033FC A82A                    test al,0x2a	; 000032A0  A82A                              
  6374 000033FE AA                      stosb	; 000032A2  AA                                
  6375 000033FF AA                      stosb	; 000032A3  AA                                
  6376 00003400 A82A                    test al,0x2a	; 000032A4  A82A                              
  6377 00003402 AA                      stosb	; 000032A6  AA                                
  6378 00003403 AA                      stosb	; 000032A7  AA                                
  6379 00003404 A82A                    test al,0x2a	; 000032A8  A82A                              
  6380 00003406 AA                      stosb	; 000032AA  AA                                
  6381 00003407 AA                      stosb	; 000032AB  AA                                
  6382 00003408 A82A                    test al,0x2a	; 000032AC  A82A                              
  6383 0000340A AA                      stosb	; 000032AE  AA                                
  6384 0000340B AA                      stosb	; 000032AF  AA                                
  6385 0000340C A82A                    test al,0x2a	; 000032B0  A82A                              
  6386 0000340E 8AA2A80A                mov ah,[bp+si+0xaa8]	; 000032B2  8AA2A80A                          
  6387 00003412 0280A028                add al,[bx+si+0x28a0]	; 000032B6  0280A028                          
  6388 00003416 A82A                    test al,0x2a	; 000032BA  A82A                              
  6389 00003418 2820                    sub [bx+si],ah	; 000032BC  2820                              
  6390 0000341A 2828                    sub [bx+si],ch	; 000032BE  2828                              
  6391 0000341C 0800                    or [bx+si],al	; 000032C0  0800                              
  6392 0000341E 0B30                    or si,[bx+si+0x0]	; 000032C2  0BB00000                          
  6393 00003420 EE                      out dx,al	; 000032C6  EE                                
  6394 00003421 EE                      out dx,al	; 000032C7  EE                                
  6395 00003422 0003                    add [bp+di],al	; 000032C8  0003                              
  6396 00003424 0BB0800F                or si,[bx+si+0xf80]	; 000032CA  0BB0800F                          
  6397 00003428 0E                      push cs	; 000032CE  0E                                
  6398 00003429 F0                      lock	; 000032CF  F0                                
  6398          ******************       warning: instruction is not lockable [-w+prefix-lock-error]
  6399 0000342A E0(DD)                  loopne 0x32dd	; 000032D0  E00B                              
  6400 0000342C FF                      db 0xff	; 000032D2  FF                                
  6401 0000342D BFF02F                  mov di,0x2ff0	; 000032D3  BFF02F                            
  6402 00003430 FE                      db 0xfe	; 000032D6  FE                                
  6403 00003431 FF                      db 0xff	; 000032D7  FF                                
  6404 00003432 EC                      in al,dx	; 000032D8  EC                                
  6405 00003433 39DF                    cmp di,bx	; 000032D9  3BFB                              
  6406 00003435 BFB82E                  mov di,0x2eb8	; 000032DB  BFB82E                            
  6407 00003438 EE                      out dx,al	; 000032DE  EE                                
  6408 00003439 EE                      out dx,al	; 000032DF  EE                                
  6409 0000343A EC                      in al,dx	; 000032E0  EC                                
  6410 0000343B 000B                    add [bp+di],cl	; 000032E1  000B                              
  6411 0000343D B000                    mov al,0x0	; 000032E3  B000                              
  6412 0000343F 00EE                    add dh,ch	; 000032E5  00EE                              
  6413 00003441 EE                      out dx,al	; 000032E7  EE                                
  6414 00003442 0003                    add [bp+di],al	; 000032E8  0003                              
  6415 00003444 BBBB80                  mov bx,0x80bb	; 000032EA  BBBB80                            
  6416 00003447 0E                      push cs	; 000032ED  0E                                
  6417 00003448 FE                      db 0xfe	; 000032EE  FE                                
  6418 00003449 EF                      out dx,ax	; 000032EF  EF                                
  6419 0000344A E0(FD)                  loopne 0x32fd	; 000032F0  E00B                              
  6420 0000344C FF                      db 0xff	; 000032F2  FF                                
  6421 0000344D BFF02F                  mov di,0x2ff0	; 000032F3  BFF02F                            
  6422 00003450 FE                      db 0xfe	; 000032F6  FE                                
  6423 00003451 FF                      db 0xff	; 000032F7  FF                                
  6424 00003452 EC                      in al,dx	; 000032F8  EC                                
  6425 00003453 3B0F                    cmp cx,[bx]	; 000032F9  3B0F                              
  6426 00003455 B0F8                    mov al,0xf8	; 000032FB  B0F8                              
  6427 00003457 2E0E                    cs push cs	; 000032FD  2E0E                              
  6428 00003459 E0(ED)                  loopne 0x32ed	; 000032FF  E0EC                              
  6429 0000345B 000B                    add [bp+di],cl	; 00003301  000B                              
  6430 0000345D B000                    mov al,0x0	; 00003303  B000                              
  6431 0000345F 00EE                    add dh,ch	; 00003305  00EE                              
  6432 00003461 EE                      out dx,al	; 00003307  EE                                
  6433 00003462 0003                    add [bp+di],al	; 00003308  0003                              
  6434 00003464 FB                      sti	; 0000330A  FB                                
  6435 00003465 BF800F                  mov di,0xf80	; 0000330B  BF800F                            
  6436 00003468 FE                      db 0xfe	; 0000330E  FE                                
  6437 00003469 FF                      db 0xff	; 0000330F  FF                                
  6438 0000346A E0(1A)                  loopne 0x331a	; 00003310  E008                              
  6439 0000346C 3F                      aas	; 00003312  3F                                
  6440 0000346D 83F02C                  xor ax,0x2c	; 00003313  83F02C                            
  6441 00003470 3EC3                    ds ret	; 00003316  3EC3                              
  6442 00003472 EC                      in al,dx	; 00003318  EC                                
  6443 00003473 39DF                    cmp di,bx	; 00003319  3BFB                              
  6444 00003475 BFB82E                  mov di,0x2eb8	; 0000331B  BFB82E                            
  6445 00003478 EE                      out dx,al	; 0000331E  EE                                
  6446 00003479 EE                      out dx,al	; 0000331F  EE                                
  6447 0000347A EC                      in al,dx	; 00003320  EC                                
  6448 0000347B 000B                    add [bp+di],cl	; 00003321  000B                              
  6449 0000347D B000                    mov al,0x0	; 00003323  B000                              
  6450 0000347F 00EE                    add dh,ch	; 00003325  00EE                              
  6451 00003481 EE                      out dx,al	; 00003327  EE                                
  6452 00003482 0003                    add [bp+di],al	; 00003328  0003                              
  6453 00003484 FB                      sti	; 0000332A  FB                                
  6454 00003485 BF800F                  mov di,0xf80	; 0000332B  BF800F                            
  6455 00003488 FE                      db 0xfe	; 0000332E  FE                                
  6456 00003489 FF                      db 0xff	; 0000332F  FF                                
  6457 0000348A E0(3D)                  loopne 0x333d	; 00003330  E00B                              
  6458 0000348C C3                      ret	; 00003332  C3                                
  6459 0000348D BC302F                  mov sp,0x2f30	; 00003333  BC302F                            
  6460 00003490 C2FC2C                  ret word 0x2cfc	; 00003336  C2FC2C                            
  6461 00003493 39DF                    cmp di,bx	; 00003339  3BFB                              
  6462 00003495 BFB82E                  mov di,0x2eb8	; 0000333B  BFB82E                            
  6463 00003498 EE                      out dx,al	; 0000333E  EE                                
  6464 00003499 EE                      out dx,al	; 0000333F  EE                                
  6465 0000349A EC                      in al,dx	; 00003340  EC                                
  6466 0000349B 3BBBBBB8                cmp di,[bp+di-0x4745]	; 00003341  3BBBBBB8                          
  6467 0000349F 2EEE                    cs out dx,al	; 00003345  2EEE                              
  6468 000034A1 EE                      out dx,al	; 00003347  EE                                
  6469 000034A2 EC                      in al,dx	; 00003348  EC                                
  6470 000034A3 3BBBBBB8                cmp di,[bp+di-0x4745]	; 00003349  3BBBBBB8                          
  6471 000034A7 2EEE                    cs out dx,al	; 0000334D  2EEE                              
  6472 000034A9 EE                      out dx,al	; 0000334F  EE                                
  6473 000034AA EC                      in al,dx	; 00003350  EC                                
  6474 000034AB 3B8BB3B8                cmp cx,[bp+di-0x474d]	; 00003351  3B8BB3B8                          
  6475 000034AF 0E                      push cs	; 00003355  0E                                
  6476 000034B0 00C0                    add al,al	; 00003356  02C0                              
  6477 000034B2 E0(92)                  loopne 0x3392	; 00003358  E038                              
  6478 000034B4 B83B38                  mov ax,0x383b	; 0000335A  B83B38                            
  6479 000034B7 202C                    and [si],ch	; 0000335D  202C                              
  6480 000034B9 2C0C                    sub al,0xc	; 0000335F  2C0C                              
  6481 000034BB 0005                    add [di],al	; 00003361  0005                              
  6482 000034BD 50                      push ax	; 00003363  50                                
  6483 000034BE 0000                    add [bx+si],al	; 00003364  0000                              
  6484 000034C0 50                      push ax	; 00003366  50                                
  6485 000034C1 050001                  add ax,0x100	; 00003367  050001                            
  6486 000034C4 0000                    add [bx+si],al	; 0000336A  0000                              
  6487 000034C6 40                      inc ax	; 0000336C  40                                
  6488 000034C7 043C                    add al,0x3c	; 0000336D  043C                              
  6489 000034C9 3C10                    cmp al,0x10	; 0000336F  3C10                              
  6490 000034CB 043C                    add al,0x3c	; 00003371  043C                              
  6491 000034CD 3C10                    cmp al,0x10	; 00003373  3C10                              
  6492 000034CF 1000                    adc [bx+si],al	; 00003375  1000                              
  6493 000034D1 0004                    add [si],al	; 00003377  0004                              
  6494 000034D3 1000                    adc [bx+si],al	; 00003379  1000                              
  6495 000034D5 0004                    add [si],al	; 0000337B  0004                              
  6496 000034D7 1000                    adc [bx+si],al	; 0000337D  1000                              
  6497 000034D9 0004                    add [si],al	; 0000337F  0004                              
  6498 000034DB 0005                    add [di],al	; 00003381  0005                              
  6499 000034DD 50                      push ax	; 00003383  50                                
  6500 000034DE 0000                    add [bx+si],al	; 00003384  0000                              
  6501 000034E0 50                      push ax	; 00003386  50                                
  6502 000034E1 050001                  add ax,0x100	; 00003387  050001                            
  6503 000034E4 0000                    add [bx+si],al	; 0000338A  0000                              
  6504 000034E6 40                      inc ax	; 0000338C  40                                
  6505 000034E7 043C                    add al,0x3c	; 0000338D  043C                              
  6506 000034E9 3C10                    cmp al,0x10	; 0000338F  3C10                              
  6507 000034EB 043C                    add al,0x3c	; 00003391  043C                              
  6508 000034ED 3C10                    cmp al,0x10	; 00003393  3C10                              
  6509 000034EF 1000                    adc [bx+si],al	; 00003395  1000                              
  6510 000034F1 0004                    add [si],al	; 00003397  0004                              
  6511 000034F3 1000                    adc [bx+si],al	; 00003399  1000                              
  6512 000034F5 0004                    add [si],al	; 0000339B  0004                              
  6513 000034F7 1000                    adc [bx+si],al	; 0000339D  1000                              
  6514 000034F9 0004                    add [si],al	; 0000339F  0004                              
  6515 000034FB 0005                    add [di],al	; 000033A1  0005                              
  6516 000034FD 50                      push ax	; 000033A3  50                                
  6517 000034FE 0000                    add [bx+si],al	; 000033A4  0000                              
  6518 00003500 50                      push ax	; 000033A6  50                                
  6519 00003501 050001                  add ax,0x100	; 000033A7  050001                            
  6520 00003504 0000                    add [bx+si],al	; 000033AA  0000                              
  6521 00003506 40                      inc ax	; 000033AC  40                                
  6522 00003507 043C                    add al,0x3c	; 000033AD  043C                              
  6523 00003509 3C10                    cmp al,0x10	; 000033AF  3C10                              
  6524 0000350B 043C                    add al,0x3c	; 000033B1  043C                              
  6525 0000350D 3C10                    cmp al,0x10	; 000033B3  3C10                              
  6526 0000350F 1000                    adc [bx+si],al	; 000033B5  1000                              
  6527 00003511 0004                    add [si],al	; 000033B7  0004                              
  6528 00003513 1000                    adc [bx+si],al	; 000033B9  1000                              
  6529 00003515 0004                    add [si],al	; 000033BB  0004                              
  6530 00003517 1000                    adc [bx+si],al	; 000033BD  1000                              
  6531 00003519 0004                    add [si],al	; 000033BF  0004                              
  6532 0000351B 0005                    add [di],al	; 000033C1  0005                              
  6533 0000351D 50                      push ax	; 000033C3  50                                
  6534 0000351E 0000                    add [bx+si],al	; 000033C4  0000                              
  6535 00003520 50                      push ax	; 000033C6  50                                
  6536 00003521 050001                  add ax,0x100	; 000033C7  050001                            
  6537 00003524 0000                    add [bx+si],al	; 000033CA  0000                              
  6538 00003526 40                      inc ax	; 000033CC  40                                
  6539 00003527 043C                    add al,0x3c	; 000033CD  043C                              
  6540 00003529 3C10                    cmp al,0x10	; 000033CF  3C10                              
  6541 0000352B 043C                    add al,0x3c	; 000033D1  043C                              
  6542 0000352D 3C10                    cmp al,0x10	; 000033D3  3C10                              
  6543 0000352F 1000                    adc [bx+si],al	; 000033D5  1000                              
  6544 00003531 0004                    add [si],al	; 000033D7  0004                              
  6545 00003533 1000                    adc [bx+si],al	; 000033D9  1000                              
  6546 00003535 0004                    add [si],al	; 000033DB  0004                              
  6547 00003537 1000                    adc [bx+si],al	; 000033DD  1000                              
  6548 00003539 0004                    add [si],al	; 000033DF  0004                              
  6549 0000353B 11D8                    adc ax,bx	; 000033E1  13C3                              
  6550 0000353D C3                      ret	; 000033E3  C3                                
  6551 0000353E C41C                    les bx,word [si]	; 000033E4  C41C                              
  6552 00003540 3C3C                    cmp al,0x3c	; 000033E6  3C3C                              
  6553 00003542 3410                    xor al,0x10	; 000033E8  3410                              
  6554 00003544 0000                    add [bx+si],al	; 000033EA  0000                              
  6555 00003546 0410                    add al,0x10	; 000033EC  0410                              
  6556 00003548 0000                    add [bx+si],al	; 000033EE  0000                              
  6557 0000354A 0410                    add al,0x10	; 000033F0  0410                              
  6558 0000354C 44                      inc sp	; 000033F2  44                                
  6559 0000354D 1104                    adc [si],ax	; 000033F3  1104                              
  6560 0000354F 050140                  add ax,0x4001	; 000033F5  050140                            
  6561 00003552 50                      push ax	; 000033F8  50                                
  6562 00003553 1444                    adc al,0x44	; 000033F9  1444                              
  6563 00003555 1114                    adc [si],dx	; 000033FB  1114                              
  6564 00003557 1014                    adc [si],dl	; 000033FD  1014                              
  6565 00003559 1404                    adc al,0x4	; 000033FF  1404                              
  6566 0000355B 000F                    add [bx],cl	; 00003401  000F                              
  6567 0000355D F00000                  lock add [bx+si],al	; 00003403  F00000                            
  6568 00003560 FF                      db 0xff	; 00003406  FF                                
  6569 00003561 FF00                    inc word [bx+si]	; 00003407  FF00                              
  6570 00003563 01FF                    add di,di	; 00003409  03FF                              
  6571 00003565 40                      inc ax	; 0000340B  FFC0                              
  6572 00003566 0FEBEB                  por mm5,mm3	; 0000340D  0FEBEB                            
  6573 00003569 F0                      lock	; 00003410  F0                                
  6573          ******************       warning: instruction is not lockable [-w+prefix-lock-error]
  6574 0000356A 0FEBEB                  por mm5,mm3	; 00003411  0FEBEB                            
  6575 0000356D F0                      lock	; 00003414  F0                                
  6575          ******************       warning: instruction is not lockable [-w+prefix-lock-error]
  6576 0000356E 3F                      aas	; 00003415  3F                                
  6577 0000356F FF                      db 0xff	; 00003416  FF                                
  6578 00003570 FF                      db 0xff	; 00003417  FF                                
  6579 00003571 FC                      cld	; 00003418  FC                                
  6580 00003572 3F                      aas	; 00003419  3F                                
  6581 00003573 FF                      db 0xff	; 0000341A  FF                                
  6582 00003574 FF                      db 0xff	; 0000341B  FF                                
  6583 00003575 FC                      cld	; 0000341C  FC                                
  6584 00003576 3F                      aas	; 0000341D  3F                                
  6585 00003577 FF                      db 0xff	; 0000341E  FF                                
  6586 00003578 FF                      db 0xff	; 0000341F  FF                                
  6587 00003579 FC                      cld	; 00003420  FC                                
  6588 0000357A 000F                    add [bx],cl	; 00003421  000F                              
  6589 0000357C F00000                  lock add [bx+si],al	; 00003423  F00000                            
  6590 0000357F FF                      db 0xff	; 00003426  FF                                
  6591 00003580 FF00                    inc word [bx+si]	; 00003427  FF00                              
  6592 00003582 01FF                    add di,di	; 00003429  03FF                              
  6593 00003584 40                      inc ax	; 0000342B  FFC0                              
  6594 00003585 0FEBEB                  por mm5,mm3	; 0000342D  0FEBEB                            
  6595 00003588 F0                      lock	; 00003430  F0                                
  6595          ******************       warning: instruction is not lockable [-w+prefix-lock-error]
  6596 00003589 0FEBEB                  por mm5,mm3	; 00003431  0FEBEB                            
  6597 0000358C F0                      lock	; 00003434  F0                                
  6597          ******************       warning: instruction is not lockable [-w+prefix-lock-error]
  6598 0000358D 3F                      aas	; 00003435  3F                                
  6599 0000358E FF                      db 0xff	; 00003436  FF                                
  6600 0000358F FF                      db 0xff	; 00003437  FF                                
  6601 00003590 FC                      cld	; 00003438  FC                                
  6602 00003591 3F                      aas	; 00003439  3F                                
  6603 00003592 FF                      db 0xff	; 0000343A  FF                                
  6604 00003593 FF                      db 0xff	; 0000343B  FF                                
  6605 00003594 FC                      cld	; 0000343C  FC                                
  6606 00003595 3F                      aas	; 0000343D  3F                                
  6607 00003596 FF                      db 0xff	; 0000343E  FF                                
  6608 00003597 FF                      db 0xff	; 0000343F  FF                                
  6609 00003598 FC                      cld	; 00003440  FC                                
  6610 00003599 000F                    add [bx],cl	; 00003441  000F                              
  6611 0000359B F00000                  lock add [bx+si],al	; 00003443  F00000                            
  6612 0000359E FF                      db 0xff	; 00003446  FF                                
  6613 0000359F FF00                    inc word [bx+si]	; 00003447  FF00                              
  6614 000035A1 01FF                    add di,di	; 00003449  03FF                              
  6615 000035A3 40                      inc ax	; 0000344B  FFC0                              
  6616 000035A4 0FEBEB                  por mm5,mm3	; 0000344D  0FEBEB                            
  6617 000035A7 F0                      lock	; 00003450  F0                                
  6617          ******************       warning: instruction is not lockable [-w+prefix-lock-error]
  6618 000035A8 0FEBEB                  por mm5,mm3	; 00003451  0FEBEB                            
  6619 000035AB F0                      lock	; 00003454  F0                                
  6619          ******************       warning: instruction is not lockable [-w+prefix-lock-error]
  6620 000035AC 3F                      aas	; 00003455  3F                                
  6621 000035AD FF                      db 0xff	; 00003456  FF                                
  6622 000035AE FF                      db 0xff	; 00003457  FF                                
  6623 000035AF FC                      cld	; 00003458  FC                                
  6624 000035B0 3F                      aas	; 00003459  3F                                
  6625 000035B1 FF                      db 0xff	; 0000345A  FF                                
  6626 000035B2 FF                      db 0xff	; 0000345B  FF                                
  6627 000035B3 FC                      cld	; 0000345C  FC                                
  6628 000035B4 3F                      aas	; 0000345D  3F                                
  6629 000035B5 FF                      db 0xff	; 0000345E  FF                                
  6630 000035B6 FF                      db 0xff	; 0000345F  FF                                
  6631 000035B7 FC                      cld	; 00003460  FC                                
  6632 000035B8 000F                    add [bx],cl	; 00003461  000F                              
  6633 000035BA F00000                  lock add [bx+si],al	; 00003463  F00000                            
  6634 000035BD FF                      db 0xff	; 00003466  FF                                
  6635 000035BE FF00                    inc word [bx+si]	; 00003467  FF00                              
  6636 000035C0 01FF                    add di,di	; 00003469  03FF                              
  6637 000035C2 40                      inc ax	; 0000346B  FFC0                              
  6638 000035C3 0FEBEB                  por mm5,mm3	; 0000346D  0FEBEB                            
  6639 000035C6 F0                      lock	; 00003470  F0                                
  6639          ******************       warning: instruction is not lockable [-w+prefix-lock-error]
  6640 000035C7 0FEBEB                  por mm5,mm3	; 00003471  0FEBEB                            
  6641 000035CA F0                      lock	; 00003474  F0                                
  6641          ******************       warning: instruction is not lockable [-w+prefix-lock-error]
  6642 000035CB 3F                      aas	; 00003475  3F                                
  6643 000035CC FF                      db 0xff	; 00003476  FF                                
  6644 000035CD FF                      db 0xff	; 00003477  FF                                
  6645 000035CE FC                      cld	; 00003478  FC                                
  6646 000035CF 3F                      aas	; 00003479  3F                                
  6647 000035D0 FF                      db 0xff	; 0000347A  FF                                
  6648 000035D1 FF                      db 0xff	; 0000347B  FF                                
  6649 000035D2 FC                      cld	; 0000347C  FC                                
  6650 000035D3 3F                      aas	; 0000347D  3F                                
  6651 000035D4 FF                      db 0xff	; 0000347E  FF                                
  6652 000035D5 FF                      db 0xff	; 0000347F  FF                                
  6653 000035D6 FC                      cld	; 00003480  FC                                
  6654 000035D7 3EBEBEBC                ds mov si,0xbcbe	; 00003481  3EBEBEBC                          
  6655 000035DB 39DD                    cmp bp,bx	; 00003485  3BEB                              
  6656 000035DD E9(7534)                jmp 0x3475	; 00003487  EBEC                              
  6657 000035E0 3F                      aas	; 00003489  3F                                
  6658 000035E1 FF                      db 0xff	; 0000348A  FF                                
  6659 000035E2 FF                      db 0xff	; 0000348B  FF                                
  6660 000035E3 FC                      cld	; 0000348C  FC                                
  6661 000035E4 3F                      aas	; 0000348D  3F                                
  6662 000035E5 FF                      db 0xff	; 0000348E  FF                                
  6663 000035E6 FF                      db 0xff	; 0000348F  FF                                
  6664 000035E7 FC                      cld	; 00003490  FC                                
  6665 000035E8 3F                      aas	; 00003491  3F                                
  6666 000035E9 CF                      iret	; 00003492  CF                                
  6667 000035EA F3FC                    rep cld	; 00003493  F3FC                              
  6668 000035EC 0F03C0                  lsl ax,ax	; 00003495  0F03C0                            
  6669 000035EF F0                      lock	; 00003498  F0                                
  6669          ******************       warning: instruction is not lockable [-w+prefix-lock-error]
  6670 000035F0 3CFC                    cmp al,0xfc	; 00003499  3CFC                              
  6671 000035F2 3F                      aas	; 0000349B  3F                                
  6672 000035F3 3C30                    cmp al,0x30	; 0000349C  3C30                              
  6673 000035F5 3C3C                    cmp al,0x3c	; 0000349E  3C3C                              
  6674 000035F7 0C00                    or al,0x0	; 000034A0  0C00                              
  6675 000035F9 0000                    add [bx+si],al	; 000034A2  0000                              
  6676 000035FB 0000                    add [bx+si],al	; 000034A4  0000                              
  6677 000035FD A00A00                  mov al,[0xa]	; 000034A6  A00A00                            
  6678 00003600 03AC3AC0                add bp,[si-0x3fc6]	; 000034A9  03AC3AC0                          
  6679 00003604 01E7                    add di,sp	; 000034AD  03FC                              
  6680 00003606 3F                      aas	; 000034AF  3F                                
  6681 00003607 C003FC                  rol byte [bp+di],byte 0xfc	; 000034B0  C003FC                            
  6682 0000360A 3F                      aas	; 000034B3  3F                                
  6683 0000360B C000F0                  rol byte [bx+si],byte 0xf0	; 000034B4  C000F0                            
  6684 0000360E 0F0000                  sldt word [bx+si]	; 000034B7  0F0000                            
  6685 00003611 0000                    add [bx+si],al	; 000034BA  0000                              
  6686 00003613 0000                    add [bx+si],al	; 000034BC  0000                              
  6687 00003615 0000                    add [bx+si],al	; 000034BE  0000                              
  6688 00003617 0000                    add [bx+si],al	; 000034C0  0000                              
  6689 00003619 0000                    add [bx+si],al	; 000034C2  0000                              
  6690 0000361B 0000                    add [bx+si],al	; 000034C4  0000                              
  6691 0000361D 0000                    add [bx+si],al	; 000034C6  0000                              
  6692 0000361F 0000                    add [bx+si],al	; 000034C8  0000                              
  6693 00003621 0000                    add [bx+si],al	; 000034CA  0000                              
  6694 00003623 0000                    add [bx+si],al	; 000034CC  0000                              
  6695 00003625 F0                      lock	; 000034CE  F0                                
  6695          ******************       warning: instruction is not lockable [-w+prefix-lock-error]
  6696 00003626 0F0003                  sldt word [bp+di]	; 000034CF  0F0003                            
  6697 00003629 FC                      cld	; 000034D2  FC                                
  6698 0000362A 3F                      aas	; 000034D3  3F                                
  6699 0000362B C003FC                  rol byte [bp+di],byte 0xfc	; 000034D4  C003FC                            
  6700 0000362E 3F                      aas	; 000034D7  3F                                
  6701 0000362F C003AC                  rol byte [bp+di],byte 0xac	; 000034D8  C003AC                            
  6702 00003632 38C0                    cmp al,al	; 000034DB  3AC0                              
  6703 00003634 00600A                  add [bx+si+0xa],ah	; 000034DD  00A00A00                          
  6704 00003637 0000                    add [bx+si],al	; 000034E1  0000                              
  6705 00003639 0000                    add [bx+si],al	; 000034E3  0000                              
  6706 0000363B 0000                    add [bx+si],al	; 000034E5  0000                              
  6707 0000363D 0000                    add [bx+si],al	; 000034E7  0000                              
  6708 0000363F 00F0                    add al,dh	; 000034E9  00F0                              
  6709 00003641 0F0003                  sldt word [bp+di]	; 000034EB  0F0003                            
  6710 00003644 FC                      cld	; 000034EE  FC                                
  6711 00003645 3F                      aas	; 000034EF  3F                                
  6712 00003646 C002BC                  rol byte [bp+si],byte 0xbc	; 000034F0  C002BC                            
  6713 00003649 29C0                    sub ax,ax	; 000034F3  2BC0                              
  6714 0000364B 02BC2BC0                add bh,[si-0x3fd5]	; 000034F5  02BC2BC0                          
  6715 0000364F 00F0                    add al,dh	; 000034F9  00F0                              
  6716 00003651 0F0000                  sldt word [bx+si]	; 000034FB  0F0000                            
  6717 00003654 0000                    add [bx+si],al	; 000034FE  0000                              
  6718 00003656 0000                    add [bx+si],al	; 00003500  0000                              
  6719 00003658 0000                    add [bx+si],al	; 00003502  0000                              
  6720 0000365A 0000                    add [bx+si],al	; 00003504  0000                              
  6721 0000365C 0000                    add [bx+si],al	; 00003506  0000                              
  6722 0000365E 0000                    add [bx+si],al	; 00003508  0000                              
  6723 00003660 F0                      lock	; 0000350A  F0                                
  6723          ******************       warning: instruction is not lockable [-w+prefix-lock-error]
  6724 00003661 0F0003                  sldt word [bp+di]	; 0000350B  0F0003                            
  6725 00003664 FC                      cld	; 0000350E  FC                                
  6726 00003665 3F                      aas	; 0000350F  3F                                
  6727 00003666 C003E8                  rol byte [bp+di],byte 0xe8	; 00003510  C003E8                            
  6728 00003669 3E8003E8                add byte [ds:bp+di],0xe8	; 00003513  3E8003E8                          
  6729 0000366D 3E8000F0                add byte [ds:bx+si],0xf0	; 00003517  3E8000F0                          
  6730 00003671 0F0000                  sldt word [bx+si]	; 0000351B  0F0000                            
  6731 00003674 0000                    add [bx+si],al	; 0000351E  0000                              
  6732 00003676 0000                    add [bx+si],al	; 00003520  0000                              
  6733 00003678 0000                    add [bx+si],al	; 00003522  0000                              
  6734 0000367A 0000                    add [bx+si],al	; 00003524  0000                              
  6735 0000367C 0000                    add [bx+si],al	; 00003526  0000                              
  6736 0000367E 0000                    add [bx+si],al	; 00003528  0000                              
  6737 00003680 0000                    add [bx+si],al	; 0000352A  0000                              
  6738 00003682 0000                    add [bx+si],al	; 0000352C  0000                              
  6739 00003684 0000                    add [bx+si],al	; 0000352E  0000                              
  6740 00003686 0000                    add [bx+si],al	; 00003530  0000                              
  6741 00003688 0000                    add [bx+si],al	; 00003532  0000                              
  6742 0000368A 0000                    add [bx+si],al	; 00003534  0000                              
  6743 0000368C 0000                    add [bx+si],al	; 00003536  0000                              
  6744 0000368E 0000                    add [bx+si],al	; 00003538  0000                              
  6745 00003690 0000                    add [bx+si],al	; 0000353A  0000                              
  6746 00003692 0000                    add [bx+si],al	; 0000353C  0000                              
  6747 00003694 0000                    add [bx+si],al	; 0000353E  0000                              
  6748 00003696 003F                    add [bx],bh	; 00003540  003F                              
  6749 00003698 F0                      lock	; 00003542  F0                                
  6749          ******************       warning: instruction is not lockable [-w+prefix-lock-error]
  6750 00003699 F0                      lock	; 00003543  F0                                
  6750          ******************       warning: instruction is not lockable [-w+prefix-lock-error]
  6751 0000369A 3CF0                    cmp al,0xf0	; 00003544  3CF0                              
  6752 0000369C FC                      cld	; 00003546  FC                                
  6753 0000369D F3FC                    rep cld	; 00003547  F3FC                              
  6754 0000369F FF                      db 0xff	; 00003549  FF                                
  6755 000036A0 3CFC                    cmp al,0xfc	; 0000354A  3CFC                              
  6756 000036A2 3C3F                    cmp al,0x3f	; 0000354C  3C3F                              
  6757 000036A4 F00000                  lock add [bx+si],al	; 0000354E  F00000                            
  6758 000036A7 0F                      db 0x0f	; 00003551  0F                                
  6759 000036A8 003F                    add [bx],bh	; 00003552  003F                              
  6760 000036AA 000F                    add [bx],cl	; 00003554  000F                              
  6761 000036AC 000F                    add [bx],cl	; 00003556  000F                              
  6762 000036AE 000F                    add [bx],cl	; 00003558  000F                              
  6763 000036B0 000F                    add [bx],cl	; 0000355A  000F                              
  6764 000036B2 00FF                    add bh,bh	; 0000355C  00FF                              
  6765 000036B4 F00000                  lock add [bx+si],al	; 0000355E  F00000                            
  6766 000036B7 3F                      aas	; 00003561  3F                                
  6767 000036B8 C0                      db 0xc0	; 00003562  C0                                
  6768 000036B9 F000F0                  lock add al,dh	; 00003563  F0F000F0                          
  6768          ******************       warning: instruction is not lockable [-w+prefix-lock-error]
  6769 000036BC 0FC03C                  xadd [si],bh	; 00003567  0FC03C                            
  6770 000036BF 00F0                    add al,dh	; 0000356A  00F0                              
  6771 000036C1 F0                      lock	; 0000356C  F0                                
  6771          ******************       warning: instruction is not lockable [-w+prefix-lock-error]
  6772 000036C2 50                      push ax	; 0000356D  FFF0                              
  6773 000036C3 0000                    add [bx+si],al	; 0000356F  0000                              
  6774 000036C5 3F                      aas	; 00003571  3F                                
  6775 000036C6 C0                      db 0xc0	; 00003572  C0                                
  6776 000036C7 F000F0                  lock add al,dh	; 00003573  F0F000F0                          
  6776          ******************       warning: instruction is not lockable [-w+prefix-lock-error]
  6777 000036CA 0FC000                  xadd [bx+si],al	; 00003577  0FC000                            
  6778 000036CD F0                      lock	; 0000357A  F0                                
  6778          ******************       warning: instruction is not lockable [-w+prefix-lock-error]
  6779 000036CE F0                      lock	; 0000357B  F0                                
  6779          ******************       warning: instruction is not lockable [-w+prefix-lock-error]
  6780 000036CF F0                      lock	; 0000357C  F0                                
  6780          ******************       warning: instruction is not lockable [-w+prefix-lock-error]
  6781 000036D0 3F                      aas	; 0000357D  3F                                
  6782 000036D1 C00000                  rol byte [bx+si],byte 0x0	; 0000357E  C00000                            
  6783 000036D4 01C6                    add si,ax	; 00003581  03F0                              
  6784 000036D6 0F                      db 0x0f	; 00003583  0F                                
  6785 000036D7 F0                      lock	; 00003584  F0                                
  6785          ******************       warning: instruction is not lockable [-w+prefix-lock-error]
  6786 000036D8 3CF0                    cmp al,0xf0	; 00003585  3CF0                              
  6787 000036DA F0                      lock	; 00003587  F0                                
  6787          ******************       warning: instruction is not lockable [-w+prefix-lock-error]
  6788 000036DB F0                      lock	; 00003588  F0                                
  6788          ******************       warning: instruction is not lockable [-w+prefix-lock-error]
  6789 000036DC FF                      db 0xff	; 00003589  FF                                
  6790 000036DD FC                      cld	; 0000358A  FC                                
  6791 000036DE 00F0                    add al,dh	; 0000358B  00F0                              
  6792 000036E0 01E7                    add di,sp	; 0000358D  03FC                              
  6793 000036E2 0000                    add [bx+si],al	; 0000358F  0000                              
  6794 000036E4 50                      push ax	; 00003591  FFF0                              
  6795 000036E5 F000FF                  lock add bh,bh	; 00003593  F000FF                            
  6795          ******************       warning: instruction is not lockable [-w+prefix-lock-error]
  6796 000036E8 C000F0                  rol byte [bx+si],byte 0xf0	; 00003596  C000F0                            
  6797 000036EB 00F0                    add al,dh	; 00003599  00F0                              
  6798 000036ED F0                      lock	; 0000359B  F0                                
  6798          ******************       warning: instruction is not lockable [-w+prefix-lock-error]
  6799 000036EE F0                      lock	; 0000359C  F0                                
  6799          ******************       warning: instruction is not lockable [-w+prefix-lock-error]
  6800 000036EF 3F                      aas	; 0000359D  3F                                
  6801 000036F0 C00000                  rol byte [bx+si],byte 0x0	; 0000359E  C00000                            
  6802 000036F3 0FC03C                  xadd [si],bh	; 000035A1  0FC03C                            
  6803 000036F6 00F0                    add al,dh	; 000035A4  00F0                              
  6804 000036F8 00FF                    add bh,bh	; 000035A6  00FF                              
  6805 000036FA C0                      db 0xc0	; 000035A8  C0                                
  6806 000036FB F0                      lock	; 000035A9  F0                                
  6806          ******************       warning: instruction is not lockable [-w+prefix-lock-error]
  6807 000036FC F0                      lock	; 000035AA  F0                                
  6807          ******************       warning: instruction is not lockable [-w+prefix-lock-error]
  6808 000036FD F0                      lock	; 000035AB  F0                                
  6808          ******************       warning: instruction is not lockable [-w+prefix-lock-error]
  6809 000036FE F0                      lock	; 000035AC  F0                                
  6809          ******************       warning: instruction is not lockable [-w+prefix-lock-error]
  6810 000036FF 3F                      aas	; 000035AD  3F                                
  6811 00003700 C00000                  rol byte [bx+si],byte 0x0	; 000035AE  C00000                            
  6812 00003703 50                      push ax	; 000035B1  FFF0                              
  6813 00003704 F000F0                  lock add al,dh	; 000035B3  F0F000F0                          
  6813          ******************       warning: instruction is not lockable [-w+prefix-lock-error]
  6814 00003707 01C0                    add ax,ax	; 000035B7  03C0                              
  6815 00003709 0F000F                  str word [bx]	; 000035B9  0F000F                            
  6816 0000370C 000F                    add [bx],cl	; 000035BC  000F                              
  6817 0000370E 0000                    add [bx+si],al	; 000035BE  0000                              
  6818 00003710 003F                    add [bx],bh	; 000035C0  003F                              
  6819 00003712 C0                      db 0xc0	; 000035C2  C0                                
  6820 00003713 F0                      lock	; 000035C3  F0                                
  6820          ******************       warning: instruction is not lockable [-w+prefix-lock-error]
  6821 00003714 F0                      lock	; 000035C4  F0                                
  6821          ******************       warning: instruction is not lockable [-w+prefix-lock-error]
  6822 00003715 F0                      lock	; 000035C5  F0                                
  6822          ******************       warning: instruction is not lockable [-w+prefix-lock-error]
  6823 00003716 F0                      lock	; 000035C6  F0                                
  6823          ******************       warning: instruction is not lockable [-w+prefix-lock-error]
  6824 00003717 3F                      aas	; 000035C7  3F                                
  6825 00003718 C0                      db 0xc0	; 000035C8  C0                                
  6826 00003719 F0                      lock	; 000035C9  F0                                
  6826          ******************       warning: instruction is not lockable [-w+prefix-lock-error]
  6827 0000371A F0                      lock	; 000035CA  F0                                
  6827          ******************       warning: instruction is not lockable [-w+prefix-lock-error]
  6828 0000371B F0                      lock	; 000035CB  F0                                
  6828          ******************       warning: instruction is not lockable [-w+prefix-lock-error]
  6829 0000371C F0                      lock	; 000035CC  F0                                
  6829          ******************       warning: instruction is not lockable [-w+prefix-lock-error]
  6830 0000371D 3F                      aas	; 000035CD  3F                                
  6831 0000371E C00000                  rol byte [bx+si],byte 0x0	; 000035CE  C00000                            
  6832 00003721 3F                      aas	; 000035D1  3F                                
  6833 00003722 C0                      db 0xc0	; 000035D2  C0                                
  6834 00003723 F0                      lock	; 000035D3  F0                                
  6834          ******************       warning: instruction is not lockable [-w+prefix-lock-error]
  6835 00003724 F0                      lock	; 000035D4  F0                                
  6835          ******************       warning: instruction is not lockable [-w+prefix-lock-error]
  6836 00003725 F0                      lock	; 000035D5  F0                                
  6836          ******************       warning: instruction is not lockable [-w+prefix-lock-error]
  6837 00003726 F0                      lock	; 000035D6  F0                                
  6837          ******************       warning: instruction is not lockable [-w+prefix-lock-error]
  6838 00003727 3F                      aas	; 000035D7  3F                                
  6839 00003728 F000F0                  lock add al,dh	; 000035D8  F000F0                            
  6839          ******************       warning: instruction is not lockable [-w+prefix-lock-error]
  6840 0000372B 01C0                    add ax,ax	; 000035DB  03C0                              
  6841 0000372D 3F                      aas	; 000035DD  3F                                
  6842 0000372E 0000                    add [bx+si],al	; 000035DE  0000                              
  6843 00003730 0000                    add [bx+si],al	; 000035E0  0000                              
  6844 00003732 0000                    add [bx+si],al	; 000035E2  0000                              
  6845 00003734 0000                    add [bx+si],al	; 000035E4  0000                              
  6846 00003736 0000                    add [bx+si],al	; 000035E6  0000                              
  6847 00003738 0000                    add [bx+si],al	; 000035E8  0000                              
  6848 0000373A 0000                    add [bx+si],al	; 000035EA  0000                              
  6849 0000373C 0000                    add [bx+si],al	; 000035EC  0000                              
  6850 0000373E 0000                    add [bx+si],al	; 000035EE  0000                              
  6851 00003740 0002                    add [bp+si],al	; 000035F0  0002                              
  6852 00003742 0F03C0                  lsl ax,ax	; 000035F2  0F03C0                            
  6853 00003745 F030CC                  lock xor ah,cl	; 000035F5  F030CC                            
  6853          ******************       warning: instruction is not lockable [-w+prefix-lock-error]
  6854 00003748 330C                    xor cx,[si]	; 000035F8  330C                              
  6855 0000374A 00CC                    add ah,cl	; 000035FA  00CC                              
  6856 0000374C 330C                    xor cx,[si]	; 000035FC  330C                              
  6857 0000374E 030C                    add cx,[si]	; 000035FE  030C                              
  6858 00003750 330C                    xor cx,[si]	; 00003600  330C                              
  6859 00003752 0C0C                    or al,0xc	; 00003602  0C0C                              
  6860 00003754 330C                    xor cx,[si]	; 00003604  330C                              
  6861 00003756 300C                    xor [si],cl	; 00003606  300C                              
  6862 00003758 330C                    xor cx,[si]	; 00003608  330C                              
  6863 0000375A 3F                      aas	; 0000360A  3F                                
  6864 0000375B C3                      ret	; 0000360B  C3                                
  6865 0000375C C0                      db 0xc0	; 0000360C  C0                                
  6866 0000375D F00000                  lock add [bx+si],al	; 0000360D  F00000                            
  6867 00003760 0000                    add [bx+si],al	; 00003610  0000                              
  6868 00003762 0430                    add al,0x30	; 00003612  0430                              
  6869 00003764 C3                      ret	; 00003614  C3                                
  6870 00003765 C0                      db 0xc0	; 00003615  C0                                
  6871 00003766 F030CC                  lock xor ah,cl	; 00003616  F030CC                            
  6871          ******************       warning: instruction is not lockable [-w+prefix-lock-error]
  6872 00003769 330C                    xor cx,[si]	; 00003619  330C                              
  6873 0000376B 30CC                    xor ah,cl	; 0000361B  30CC                              
  6874 0000376D 330C                    xor cx,[si]	; 0000361D  330C                              
  6875 0000376F 3F                      aas	; 0000361F  3F                                
  6876 00003770 CC                      int3	; 00003620  CC                                
  6877 00003771 330C                    xor cx,[si]	; 00003621  330C                              
  6878 00003773 00CC                    add ah,cl	; 00003623  00CC                              
  6879 00003775 330C                    xor cx,[si]	; 00003625  330C                              
  6880 00003777 00CC                    add ah,cl	; 00003627  00CC                              
  6881 00003779 330C                    xor cx,[si]	; 00003629  330C                              
  6882 0000377B 00C3                    add bl,al	; 0000362B  00C3                              
  6883 0000377D C0                      db 0xc0	; 0000362D  C0                                
  6884 0000377E F00000                  lock add [bx+si],al	; 0000362E  F00000                            
  6885 00003781 0000                    add [bx+si],al	; 00003631  0000                              
  6886 00003783 080F                    or [bx],cl	; 00003633  080F                              
  6887 00003785 01C0                    add ax,ax	; 00003635  03C0                              
  6888 00003787 F030CC                  lock xor ah,cl	; 00003637  F030CC                            
  6888          ******************       warning: instruction is not lockable [-w+prefix-lock-error]
  6889 0000378A 330C                    xor cx,[si]	; 0000363A  330C                              
  6890 0000378C 30CC                    xor ah,cl	; 0000363C  30CC                              
  6891 0000378E 330C                    xor cx,[si]	; 0000363E  330C                              
  6892 00003790 0F                      db 0x0f	; 00003640  0F                                
  6893 00003791 0C33                    or al,0x33	; 00003641  0C33                              
  6894 00003793 0C30                    or al,0x30	; 00003643  0C30                              
  6895 00003795 CC                      int3	; 00003645  CC                                
  6896 00003796 330C                    xor cx,[si]	; 00003646  330C                              
  6897 00003798 30CC                    xor ah,cl	; 00003648  30CC                              
  6898 0000379A 330C                    xor cx,[si]	; 0000364A  330C                              
  6899 0000379C 0F03C0                  lsl ax,ax	; 0000364C  0F03C0                            
  6900 0000379F F00000                  lock add [bx+si],al	; 0000364F  F00000                            
  6901 000037A2 0000                    add [bx+si],al	; 00003652  0000                              
  6902 000037A4 10C3                    adc bl,al	; 00003654  10C3                              
  6903 000037A6 C0                      db 0xc0	; 00003656  C0                                
  6904 000037A7 F0                      lock	; 00003657  F0                                
  6904          ******************       warning: instruction is not lockable [-w+prefix-lock-error]
  6905 000037A8 3CCC                    cmp al,0xcc	; 00003658  3CCC                              
  6906 000037AA 330C                    xor cx,[si]	; 0000365A  330C                              
  6907 000037AC C3                      ret	; 0000365C  C3                                
  6908 000037AD CC                      int3	; 0000365D  CC                                
  6909 000037AE 030C                    add cx,[si]	; 0000365E  030C                              
  6910 000037B0 C3                      ret	; 00003660  C3                                
  6911 000037B1 CF                      iret	; 00003661  CF                                
  6912 000037B2 C3                      ret	; 00003662  C3                                
  6913 000037B3 0CC3                    or al,0xc3	; 00003663  0CC3                              
  6914 000037B5 CC                      int3	; 00003665  CC                                
  6915 000037B6 330C                    xor cx,[si]	; 00003666  330C                              
  6916 000037B8 C3                      ret	; 00003668  C3                                
  6917 000037B9 CC                      int3	; 00003669  CC                                
  6918 000037BA 330C                    xor cx,[si]	; 0000366A  330C                              
  6919 000037BC C3                      ret	; 0000366C  C3                                
  6920 000037BD C3                      ret	; 0000366D  C3                                
  6921 000037BE C0                      db 0xc0	; 0000366E  C0                                
  6922 000037BF F0                      lock	; 0000366F  F0                                
  6922          ******************       warning: instruction is not lockable [-w+prefix-lock-error]
  6923 000037C0 3C00                    cmp al,0x0	; 00003670  3C00                              
  6924 000037C2 0000                    add [bx+si],al	; 00003672  0000                              
  6925 000037C4 0000                    add [bx+si],al	; 00003674  0000                              
  6926 000037C6 0000                    add [bx+si],al	; 00003676  0000                              
  6927 000037C8 0000                    add [bx+si],al	; 00003678  0000                              
  6928 000037CA 0000                    add [bx+si],al	; 0000367A  0000                              
  6929 000037CC 003C                    add [si],bh	; 0000367C  003C                              
  6930 000037CE 0000                    add [bx+si],al	; 0000367E  0000                              
  6931 000037D0 F0                      lock	; 00003680  F0                                
  6931          ******************       warning: instruction is not lockable [-w+prefix-lock-error]
  6932 000037D1 3F                      aas	; 00003681  3F                                
  6933 000037D2 0003                    add [bp+di],al	; 00003682  0003                              
  6934 000037D4 F0                      lock	; 00003684  F0                                
  6934          ******************       warning: instruction is not lockable [-w+prefix-lock-error]
  6935 000037D5 3F                      aas	; 00003685  3F                                
  6936 000037D6 C00FF0                  ror byte [bx],byte 0xf0	; 00003686  C00FF0                            
  6937 000037D9 3F                      aas	; 00003689  3F                                
  6938 000037DA F0                      lock	; 0000368A  F0                                
  6938          ******************       warning: instruction is not lockable [-w+prefix-lock-error]
  6939 000037DB 3F                      aas	; 0000368B  3F                                
  6940 000037DC F0                      lock	; 0000368C  F0                                
  6940          ******************       warning: instruction is not lockable [-w+prefix-lock-error]
  6941 000037DD 3F                      aas	; 0000368D  3F                                
  6942 000037DE FC                      cld	; 0000368E  FC                                
  6943 000037DF 50                      push ax	; 0000368F  FFF0                              
  6944 000037E0 0FFFFF                  ud0 di,di	; 00003691  0FFFFF                            
  6945 000037E3 C00FFF                  ror byte [bx],byte 0xff	; 00003694  C00FFF                            
  6946 000037E6 40                      inc ax	; 00003697  FFC0                              
  6947 000037E7 01FF                    add di,di	; 00003699  03FF                              
  6948 000037E9 FF00                    inc word [bx+si]	; 0000369B  FF00                              
  6949 000037EB 003F                    add [bx],bh	; 0000369D  003F                              
  6950 000037ED F00000                  lock add [bx+si],al	; 0000369F  F00000                            
  6951 000037F0 0000                    add [bx+si],al	; 000036A2  0000                              
  6952 000037F2 0000                    add [bx+si],al	; 000036A4  0000                              
  6953 000037F4 0000                    add [bx+si],al	; 000036A6  0000                              
  6954 000037F6 0000                    add [bx+si],al	; 000036A8  0000                              
  6955 000037F8 0000                    add [bx+si],al	; 000036AA  0000                              
  6956 000037FA 0000                    add [bx+si],al	; 000036AC  0000                              
  6957 000037FC 0000                    add [bx+si],al	; 000036AE  0000                              
  6958 000037FE 0000                    add [bx+si],al	; 000036B0  0000                              
  6959 00003800 0000                    add [bx+si],al	; 000036B2  0000                              
  6960 00003802 0000                    add [bx+si],al	; 000036B4  0000                              
  6961 00003804 0000                    add [bx+si],al	; 000036B6  0000                              
  6962 00003806 003C                    add [si],bh	; 000036B8  003C                              
  6963 00003808 0000                    add [bx+si],al	; 000036BA  0000                              
  6964 0000380A F0                      lock	; 000036BC  F0                                
  6964          ******************       warning: instruction is not lockable [-w+prefix-lock-error]
  6965 0000380B 3F                      aas	; 000036BD  3F                                
  6966 0000380C 0003                    add [bp+di],al	; 000036BE  0003                              
  6967 0000380E F0                      lock	; 000036C0  F0                                
  6967          ******************       warning: instruction is not lockable [-w+prefix-lock-error]
  6968 0000380F 3F                      aas	; 000036C1  3F                                
  6969 00003810 C00FF0                  ror byte [bx],byte 0xf0	; 000036C2  C00FF0                            
  6970 00003813 3F                      aas	; 000036C5  3F                                
  6971 00003814 FC                      cld	; 000036C6  FC                                
  6972 00003815 50                      push ax	; 000036C7  FFF0                              
  6973 00003816 3F                      aas	; 000036C9  3F                                
  6974 00003817 FF                      db 0xff	; 000036CA  FF                                
  6975 00003818 50                      push ax	; 000036CB  FFF0                              
  6976 00003819 0FFFFF                  ud0 di,di	; 000036CD  0FFFFF                            
  6977 0000381C C003FF                  rol byte [bp+di],byte 0xff	; 000036D0  C003FF                            
  6978 0000381F FF00                    inc word [bx+si]	; 000036D3  FF00                              
  6979 00003821 003F                    add [bx],bh	; 000036D5  003F                              
  6980 00003823 F00000                  lock add [bx+si],al	; 000036D7  F00000                            
  6981 00003826 0000                    add [bx+si],al	; 000036DA  0000                              
  6982 00003828 0000                    add [bx+si],al	; 000036DC  0000                              
  6983 0000382A 0000                    add [bx+si],al	; 000036DE  0000                              
  6984 0000382C 0000                    add [bx+si],al	; 000036E0  0000                              
  6985 0000382E 0000                    add [bx+si],al	; 000036E2  0000                              
  6986 00003830 0000                    add [bx+si],al	; 000036E4  0000                              
  6987 00003832 0000                    add [bx+si],al	; 000036E6  0000                              
  6988 00003834 0000                    add [bx+si],al	; 000036E8  0000                              
  6989 00003836 0000                    add [bx+si],al	; 000036EA  0000                              
  6990 00003838 0000                    add [bx+si],al	; 000036EC  0000                              
  6991 0000383A 0000                    add [bx+si],al	; 000036EE  0000                              
  6992 0000383C 0000                    add [bx+si],al	; 000036F0  0000                              
  6993 0000383E 0000                    add [bx+si],al	; 000036F2  0000                              
  6994 00003840 00F0                    add al,dh	; 000036F4  00F0                              
  6995 00003842 0000                    add [bx+si],al	; 000036F6  0000                              
  6996 00003844 3CFF                    cmp al,0xff	; 000036F8  3CFF                              
  6997 00003846 C00FFC                  ror byte [bx],byte 0xfc	; 000036FA  C00FFC                            
  6998 00003849 3F                      aas	; 000036FD  3F                                
  6999 0000384A FC                      cld	; 000036FE  FC                                
  7000 0000384B 50                      push ax	; 000036FF  FFF0                              
  7001 0000384C 3F                      aas	; 00003701  3F                                
  7002 0000384D FF                      db 0xff	; 00003702  FF                                
  7003 0000384E 50                      push ax	; 00003703  FFF0                              
  7004 0000384F 0FFFFF                  ud0 di,di	; 00003705  0FFFFF                            
  7005 00003852 C003FF                  rol byte [bp+di],byte 0xff	; 00003708  C003FF                            
  7006 00003855 FF00                    inc word [bx+si]	; 0000370B  FF00                              
  7007 00003857 00FF                    add bh,bh	; 0000370D  00FF                              
  7008 00003859 FC                      cld	; 0000370F  FC                                
  7009 0000385A 0000                    add [bx+si],al	; 00003710  0000                              
  7010 0000385C 0000                    add [bx+si],al	; 00003712  0000                              
  7011 0000385E 0000                    add [bx+si],al	; 00003714  0000                              
  7012 00003860 0000                    add [bx+si],al	; 00003716  0000                              
  7013 00003862 0000                    add [bx+si],al	; 00003718  0000                              
  7014 00003864 0000                    add [bx+si],al	; 0000371A  0000                              
  7015 00003866 0000                    add [bx+si],al	; 0000371C  0000                              
  7016 00003868 0000                    add [bx+si],al	; 0000371E  0000                              
  7017 0000386A 0000                    add [bx+si],al	; 00003720  0000                              
  7018 0000386C 0000                    add [bx+si],al	; 00003722  0000                              
  7019 0000386E 0000                    add [bx+si],al	; 00003724  0000                              
  7020 00003870 0000                    add [bx+si],al	; 00003726  0000                              
  7021 00003872 0000                    add [bx+si],al	; 00003728  0000                              
  7022 00003874 0000                    add [bx+si],al	; 0000372A  0000                              
  7023 00003876 0000                    add [bx+si],al	; 0000372C  0000                              
  7024 00003878 0000                    add [bx+si],al	; 0000372E  0000                              
  7025 0000387A 00F0                    add al,dh	; 00003730  00F0                              
  7026 0000387C 0000                    add [bx+si],al	; 00003732  0000                              
  7027 0000387E 3CFF                    cmp al,0xff	; 00003734  3CFF                              
  7028 00003880 F0                      lock	; 00003736  F0                                
  7028          ******************       warning: instruction is not lockable [-w+prefix-lock-error]
  7029 00003881 3F                      aas	; 00003737  3F                                
  7030 00003882 FC                      cld	; 00003738  FC                                
  7031 00003883 3F                      aas	; 00003739  3F                                
  7032 00003884 FF                      db 0xff	; 0000373A  FF                                
  7033 00003885 50                      push ax	; 0000373B  FFF0                              
  7034 00003886 3F                      aas	; 0000373D  3F                                
  7035 00003887 FF                      db 0xff	; 0000373E  FF                                
  7036 00003888 50                      push ax	; 0000373F  FFF0                              
  7037 00003889 0FFFFF                  ud0 di,di	; 00003741  0FFFFF                            
  7038 0000388C C000FF                  rol byte [bx+si],byte 0xff	; 00003744  C000FF                            
  7039 0000388F FC                      cld	; 00003747  FC                                
  7040 00003890 0000                    add [bx+si],al	; 00003748  0000                              
  7041 00003892 0000                    add [bx+si],al	; 0000374A  0000                              
  7042 00003894 0000                    add [bx+si],al	; 0000374C  0000                              
  7043 00003896 0000                    add [bx+si],al	; 0000374E  0000                              
  7044 00003898 0000                    add [bx+si],al	; 00003750  0000                              
  7045 0000389A 0000                    add [bx+si],al	; 00003752  0000                              
  7046 0000389C 0000                    add [bx+si],al	; 00003754  0000                              
  7047 0000389E 0000                    add [bx+si],al	; 00003756  0000                              
  7048 000038A0 0000                    add [bx+si],al	; 00003758  0000                              
  7049 000038A2 0000                    add [bx+si],al	; 0000375A  0000                              
  7050 000038A4 0000                    add [bx+si],al	; 0000375C  0000                              
  7051 000038A6 0000                    add [bx+si],al	; 0000375E  0000                              
  7052 000038A8 0000                    add [bx+si],al	; 00003760  0000                              
  7053 000038AA 0000                    add [bx+si],al	; 00003762  0000                              
  7054 000038AC 0000                    add [bx+si],al	; 00003764  0000                              
  7055 000038AE 0000                    add [bx+si],al	; 00003766  0000                              
  7056 000038B0 0000                    add [bx+si],al	; 00003768  0000                              
  7057 000038B2 0000                    add [bx+si],al	; 0000376A  0000                              
  7058 000038B4 00FC                    add ah,bh	; 0000376C  00FC                              
  7059 000038B6 0000                    add [bx+si],al	; 0000376E  0000                              
  7060 000038B8 FC                      cld	; 00003770  FC                                
  7061 000038B9 FF                      db 0xff	; 00003771  FF                                
  7062 000038BA FF                      db 0xff	; 00003772  FF                                
  7063 000038BB FF                      db 0xff	; 00003773  FF                                
  7064 000038BC FC                      cld	; 00003774  FC                                
  7065 000038BD 3F                      aas	; 00003775  3F                                
  7066 000038BE FF                      db 0xff	; 00003776  FF                                
  7067 000038BF 50                      push ax	; 00003777  FFF0                              
  7068 000038C0 0FFFFF                  ud0 di,di	; 00003779  0FFFFF                            
  7069 000038C3 C000FF                  rol byte [bx+si],byte 0xff	; 0000377C  C000FF                            
  7070 000038C6 FC                      cld	; 0000377F  FC                                
  7071 000038C7 0000                    add [bx+si],al	; 00003780  0000                              
  7072 000038C9 0000                    add [bx+si],al	; 00003782  0000                              
  7073 000038CB 0000                    add [bx+si],al	; 00003784  0000                              
  7074 000038CD 0000                    add [bx+si],al	; 00003786  0000                              
  7075 000038CF 0000                    add [bx+si],al	; 00003788  0000                              
  7076 000038D1 0000                    add [bx+si],al	; 0000378A  0000                              
  7077 000038D3 0000                    add [bx+si],al	; 0000378C  0000                              
  7078 000038D5 0000                    add [bx+si],al	; 0000378E  0000                              
  7079 000038D7 0000                    add [bx+si],al	; 00003790  0000                              
  7080 000038D9 0000                    add [bx+si],al	; 00003792  0000                              
  7081 000038DB 0000                    add [bx+si],al	; 00003794  0000                              
  7082 000038DD 0000                    add [bx+si],al	; 00003796  0000                              
  7083 000038DF 0000                    add [bx+si],al	; 00003798  0000                              
  7084 000038E1 0000                    add [bx+si],al	; 0000379A  0000                              
  7085 000038E3 0000                    add [bx+si],al	; 0000379C  0000                              
  7086 000038E5 0000                    add [bx+si],al	; 0000379E  0000                              
  7087 000038E7 0000                    add [bx+si],al	; 000037A0  0000                              
  7088 000038E9 0000                    add [bx+si],al	; 000037A2  0000                              
  7089 000038EB 0000                    add [bx+si],al	; 000037A4  0000                              
  7090 000038ED 0000                    add [bx+si],al	; 000037A6  0000                              
  7091 000038EF 00FF                    add bh,bh	; 000037A8  00FF                              
  7092 000038F1 FF                      db 0xff	; 000037AA  FF                                
  7093 000038F2 FF                      db 0xff	; 000037AB  FF                                
  7094 000038F3 FC                      cld	; 000037AC  FC                                
  7095 000038F4 FF                      db 0xff	; 000037AD  FF                                
  7096 000038F5 FF                      db 0xff	; 000037AE  FF                                
  7097 000038F6 FF                      db 0xff	; 000037AF  FF                                
  7098 000038F7 FC                      cld	; 000037B0  FC                                
  7099 000038F8 3F                      aas	; 000037B1  3F                                
  7100 000038F9 FF                      db 0xff	; 000037B2  FF                                
  7101 000038FA 50                      push ax	; 000037B3  FFF0                              
  7102 000038FB 01FF                    add di,di	; 000037B5  03FF                              
  7103 000038FD FF00                    inc word [bx+si]	; 000037B7  FF00                              
  7104 000038FF 0000                    add [bx+si],al	; 000037B9  0000                              
  7105 00003901 0000                    add [bx+si],al	; 000037BB  0000                              
  7106 00003903 0000                    add [bx+si],al	; 000037BD  0000                              
  7107 00003905 0000                    add [bx+si],al	; 000037BF  0000                              
  7108 00003907 0000                    add [bx+si],al	; 000037C1  0000                              
  7109 00003909 0000                    add [bx+si],al	; 000037C3  0000                              
  7110 0000390B 0000                    add [bx+si],al	; 000037C5  0000                              
  7111 0000390D 0000                    add [bx+si],al	; 000037C7  0000                              
  7112 0000390F 0000                    add [bx+si],al	; 000037C9  0000                              
  7113 00003911 0000                    add [bx+si],al	; 000037CB  0000                              
  7114 00003913 0000                    add [bx+si],al	; 000037CD  0000                              
  7115 00003915 0000                    add [bx+si],al	; 000037CF  0000                              
  7116 00003917 0000                    add [bx+si],al	; 000037D1  0000                              
  7117 00003919 0000                    add [bx+si],al	; 000037D3  0000                              
  7118 0000391B 0000                    add [bx+si],al	; 000037D5  0000                              
  7119 0000391D 0000                    add [bx+si],al	; 000037D7  0000                              
  7120 0000391F 0000                    add [bx+si],al	; 000037D9  0000                              
  7121 00003921 0000                    add [bx+si],al	; 000037DB  0000                              
  7122 00003923 0000                    add [bx+si],al	; 000037DD  0000                              
  7123 00003925 0000                    add [bx+si],al	; 000037DF  0000                              
  7124 00003927 003F                    add [bx],bh	; 000037E1  003F                              
  7125 00003929 F0003F                  lock add [bx],bh	; 000037E3  F0003F                            
  7126 0000392C FF                      db 0xff	; 000037E6  FF                                
  7127 0000392D 50                      push ax	; 000037E7  FFF0                              
  7128 0000392E FF                      db 0xff	; 000037E9  FF                                
  7129 0000392F FF                      db 0xff	; 000037EA  FF                                
  7130 00003930 FF                      db 0xff	; 000037EB  FF                                
  7131 00003931 FC                      cld	; 000037EC  FC                                
  7132 00003932 0FFFFF                  ud0 di,di	; 000037ED  0FFFFF                            
  7133 00003935 C00000                  rol byte [bx+si],byte 0x0	; 000037F0  C00000                            
  7134 00003938 0000                    add [bx+si],al	; 000037F3  0000                              
  7135 0000393A 0000                    add [bx+si],al	; 000037F5  0000                              
  7136 0000393C 0000                    add [bx+si],al	; 000037F7  0000                              
  7137 0000393E 0000                    add [bx+si],al	; 000037F9  0000                              
  7138 00003940 0000                    add [bx+si],al	; 000037FB  0000                              
  7139 00003942 0000                    add [bx+si],al	; 000037FD  0000                              
  7140 00003944 0000                    add [bx+si],al	; 000037FF  0000                              
  7141 00003946 0000                    add [bx+si],al	; 00003801  0000                              
  7142 00003948 0000                    add [bx+si],al	; 00003803  0000                              
  7143 0000394A 0000                    add [bx+si],al	; 00003805  0000                              
  7144 0000394C 0000                    add [bx+si],al	; 00003807  0000                              
  7145 0000394E 0000                    add [bx+si],al	; 00003809  0000                              
  7146 00003950 0000                    add [bx+si],al	; 0000380B  0000                              
  7147 00003952 0000                    add [bx+si],al	; 0000380D  0000                              
  7148 00003954 0000                    add [bx+si],al	; 0000380F  0000                              
  7149 00003956 0000                    add [bx+si],al	; 00003811  0000                              
  7150 00003958 0000                    add [bx+si],al	; 00003813  0000                              
  7151 0000395A 0000                    add [bx+si],al	; 00003815  0000                              
  7152 0000395C 0000                    add [bx+si],al	; 00003817  0000                              
  7153 0000395E 000F                    add [bx],cl	; 00003819  000F                              
  7154 00003960 C00000                  rol byte [bx+si],byte 0x0	; 0000381B  C00000                            
  7155 00003963 FF                      db 0xff	; 0000381E  FF                                
  7156 00003964 FC                      cld	; 0000381F  FC                                
  7157 00003965 003F                    add [bx],bh	; 00003820  003F                              
  7158 00003967 FF                      db 0xff	; 00003822  FF                                
  7159 00003968 50                      push ax	; 00003823  FFF0                              
  7160 00003969 3F                      aas	; 00003825  3F                                
  7161 0000396A FF                      db 0xff	; 00003826  FF                                
  7162 0000396B 50                      push ax	; 00003827  FFF0                              
  7163 0000396C 0000                    add [bx+si],al	; 00003829  0000                              
  7164 0000396E 0000                    add [bx+si],al	; 0000382B  0000                              
  7165 00003970 0000                    add [bx+si],al	; 0000382D  0000                              
  7166 00003972 0000                    add [bx+si],al	; 0000382F  0000                              
  7167 00003974 0000                    add [bx+si],al	; 00003831  0000                              
  7168 00003976 0000                    add [bx+si],al	; 00003833  0000                              
  7169 00003978 0000                    add [bx+si],al	; 00003835  0000                              
  7170 0000397A 0000                    add [bx+si],al	; 00003837  0000                              
  7171 0000397C 0000                    add [bx+si],al	; 00003839  0000                              
  7172 0000397E 0000                    add [bx+si],al	; 0000383B  0000                              
  7173 00003980 0000                    add [bx+si],al	; 0000383D  0000                              
  7174 00003982 0000                    add [bx+si],al	; 0000383F  0000                              
  7175 00003984 0000                    add [bx+si],al	; 00003841  0000                              
  7176 00003986 0000                    add [bx+si],al	; 00003843  0000                              
  7177 00003988 0000                    add [bx+si],al	; 00003845  0000                              
  7178 0000398A 0000                    add [bx+si],al	; 00003847  0000                              
  7179 0000398C 0000                    add [bx+si],al	; 00003849  0000                              
  7180 0000398E 0000                    add [bx+si],al	; 0000384B  0000                              
  7181 00003990 0000                    add [bx+si],al	; 0000384D  0000                              
  7182 00003992 0000                    add [bx+si],al	; 0000384F  0000                              
  7183 00003994 0003                    add [bp+di],al	; 00003851  0003                              
  7184 00003996 0000                    add [bx+si],al	; 00003853  0000                              
  7185 00003998 003F                    add [bx],bh	; 00003855  003F                              
  7186 0000399A F00003                  lock add [bp+di],al	; 00003857  F00003                            
  7187 0000399D FF                      db 0xff	; 0000385A  FF                                
  7188 0000399E FF00                    inc word [bx+si]	; 0000385B  FF00                              
  7189 000039A0 0FFFFF                  ud0 di,di	; 0000385D  0FFFFF                            
  7190 000039A3 C03FC0                  sar byte [bx],byte 0xc0	; 00003860  C03FC0                            
  7191 000039A6 0F                      db 0x0f	; 00003863  0F                                
  7192 000039A7 F00000                  lock add [bx+si],al	; 00003864  F00000                            
  7193 000039AA 0000                    add [bx+si],al	; 00003867  0000                              
  7194 000039AC 0000                    add [bx+si],al	; 00003869  0000                              
  7195 000039AE 0000                    add [bx+si],al	; 0000386B  0000                              
  7196 000039B0 0000                    add [bx+si],al	; 0000386D  0000                              
  7197 000039B2 0000                    add [bx+si],al	; 0000386F  0000                              
  7198 000039B4 0000                    add [bx+si],al	; 00003871  0000                              
  7199 000039B6 0000                    add [bx+si],al	; 00003873  0000                              
  7200 000039B8 0000                    add [bx+si],al	; 00003875  0000                              
  7201 000039BA 0000                    add [bx+si],al	; 00003877  0000                              
  7202 000039BC 0000                    add [bx+si],al	; 00003879  0000                              
  7203 000039BE 0000                    add [bx+si],al	; 0000387B  0000                              
  7204 000039C0 0000                    add [bx+si],al	; 0000387D  0000                              
  7205 000039C2 0000                    add [bx+si],al	; 0000387F  0000                              
  7206 000039C4 0000                    add [bx+si],al	; 00003881  0000                              
  7207 000039C6 0000                    add [bx+si],al	; 00003883  0000                              
  7208 000039C8 0000                    add [bx+si],al	; 00003885  0000                              
  7209 000039CA 0000                    add [bx+si],al	; 00003887  0000                              
  7210 000039CC 0003                    add [bp+di],al	; 00003889  0003                              
  7211 000039CE 0000                    add [bx+si],al	; 0000388B  0000                              
  7212 000039D0 000F                    add [bx],cl	; 0000388D  000F                              
  7213 000039D2 C00000                  rol byte [bx+si],byte 0x0	; 0000388F  C00000                            
  7214 000039D5 3F                      aas	; 00003892  3F                                
  7215 000039D6 F00003                  lock add [bp+di],al	; 00003893  F00003                            
  7216 000039D9 FF                      db 0xff	; 00003896  FF                                
  7217 000039DA FF00                    inc word [bx+si]	; 00003897  FF00                              
  7218 000039DC 0F                      db 0x0f	; 00003899  0F                                
  7219 000039DD F0                      lock	; 0000389A  F0                                
  7219          ******************       warning: instruction is not lockable [-w+prefix-lock-error]
  7220 000039DE 3F                      aas	; 0000389B  3F                                
  7221 000039DF C00000                  rol byte [bx+si],byte 0x0	; 0000389C  C00000                            
  7222 000039E2 0000                    add [bx+si],al	; 0000389F  0000                              
  7223 000039E4 0000                    add [bx+si],al	; 000038A1  0000                              
  7224 000039E6 0000                    add [bx+si],al	; 000038A3  0000                              
  7225 000039E8 0000                    add [bx+si],al	; 000038A5  0000                              
  7226 000039EA 0000                    add [bx+si],al	; 000038A7  0000                              
  7227 000039EC 0000                    add [bx+si],al	; 000038A9  0000                              
  7228 000039EE 0000                    add [bx+si],al	; 000038AB  0000                              
  7229 000039F0 0000                    add [bx+si],al	; 000038AD  0000                              
  7230 000039F2 0000                    add [bx+si],al	; 000038AF  0000                              
  7231 000039F4 0000                    add [bx+si],al	; 000038B1  0000                              
  7232 000039F6 0000                    add [bx+si],al	; 000038B3  0000                              
  7233 000039F8 0000                    add [bx+si],al	; 000038B5  0000                              
  7234 000039FA 0000                    add [bx+si],al	; 000038B7  0000                              
  7235 000039FC 0000                    add [bx+si],al	; 000038B9  0000                              
  7236 000039FE 0000                    add [bx+si],al	; 000038BB  0000                              
  7237 00003A00 0000                    add [bx+si],al	; 000038BD  0000                              
  7238 00003A02 0000                    add [bx+si],al	; 000038BF  0000                              
  7239 00003A04 0003                    add [bp+di],al	; 000038C1  0003                              
  7240 00003A06 0000                    add [bx+si],al	; 000038C3  0000                              
  7241 00003A08 000F                    add [bx],cl	; 000038C5  000F                              
  7242 00003A0A C00000                  rol byte [bx+si],byte 0x0	; 000038C7  C00000                            
  7243 00003A0D 3F                      aas	; 000038CA  3F                                
  7244 00003A0E F00000                  lock add [bx+si],al	; 000038CB  F00000                            
  7245 00003A11 3F                      aas	; 000038CE  3F                                
  7246 00003A12 F00000                  lock add [bx+si],al	; 000038CF  F00000                            
  7247 00003A15 F0                      lock	; 000038D2  F0                                
  7247          ******************       warning: instruction is not lockable [-w+prefix-lock-error]
  7248 00003A16 3C00                    cmp al,0x0	; 000038D3  3C00                              
  7249 00003A18 01C0                    add ax,ax	; 000038D5  03C0                              
  7250 00003A1A 0F0000                  sldt word [bx+si]	; 000038D7  0F0000                            
  7251 00003A1D 0000                    add [bx+si],al	; 000038DA  0000                              
  7252 00003A1F 0000                    add [bx+si],al	; 000038DC  0000                              
  7253 00003A21 0000                    add [bx+si],al	; 000038DE  0000                              
  7254 00003A23 0000                    add [bx+si],al	; 000038E0  0000                              
  7255 00003A25 0000                    add [bx+si],al	; 000038E2  0000                              
  7256 00003A27 0000                    add [bx+si],al	; 000038E4  0000                              
  7257 00003A29 0000                    add [bx+si],al	; 000038E6  0000                              
  7258 00003A2B 0000                    add [bx+si],al	; 000038E8  0000                              
  7259 00003A2D 0000                    add [bx+si],al	; 000038EA  0000                              
  7260 00003A2F 0000                    add [bx+si],al	; 000038EC  0000                              
  7261 00003A31 0000                    add [bx+si],al	; 000038EE  0000                              
  7262 00003A33 0000                    add [bx+si],al	; 000038F0  0000                              
  7263 00003A35 0000                    add [bx+si],al	; 000038F2  0000                              
  7264 00003A37 0000                    add [bx+si],al	; 000038F4  0000                              
  7265 00003A39 0000                    add [bx+si],al	; 000038F6  0000                              
  7266 00003A3B 0000                    add [bx+si],al	; 000038F8  0000                              
  7267 00003A3D 0300                    add ax,[bx+si]	; 000038FA  0300                              
  7268 00003A3F 0000                    add [bx+si],al	; 000038FC  0000                              
  7269 00003A41 0300                    add ax,[bx+si]	; 000038FE  0300                              
  7270 00003A43 0000                    add [bx+si],al	; 00003900  0000                              
  7271 00003A45 0FC000                  xadd [bx+si],al	; 00003902  0FC000                            
  7272 00003A48 003F                    add [bx],bh	; 00003905  003F                              
  7273 00003A4A F00000                  lock add [bx+si],al	; 00003907  F00000                            
  7274 00003A4D 3CF0                    cmp al,0xf0	; 0000390A  3CF0                              
  7275 00003A4F 0000                    add [bx+si],al	; 0000390C  0000                              
  7276 00003A51 F0                      lock	; 0000390E  F0                                
  7276          ******************       warning: instruction is not lockable [-w+prefix-lock-error]
  7277 00003A52 3C00                    cmp al,0x0	; 0000390F  3C00                              
  7278 00003A54 00C0                    add al,al	; 00003911  00C0                              
  7279 00003A56 0C00                    or al,0x0	; 00003913  0C00                              
  7280 00003A58 0000                    add [bx+si],al	; 00003915  0000                              
  7281 00003A5A 0000                    add [bx+si],al	; 00003917  0000                              
  7282 00003A5C 0000                    add [bx+si],al	; 00003919  0000                              
  7283 00003A5E 0000                    add [bx+si],al	; 0000391B  0000                              
  7284 00003A60 0000                    add [bx+si],al	; 0000391D  0000                              
  7285 00003A62 0000                    add [bx+si],al	; 0000391F  0000                              
  7286 00003A64 0000                    add [bx+si],al	; 00003921  0000                              
  7287 00003A66 0000                    add [bx+si],al	; 00003923  0000                              
  7288 00003A68 0000                    add [bx+si],al	; 00003925  0000                              
  7289 00003A6A 0000                    add [bx+si],al	; 00003927  0000                              
  7290 00003A6C 0000                    add [bx+si],al	; 00003929  0000                              
  7291 00003A6E 0000                    add [bx+si],al	; 0000392B  0000                              
  7292 00003A70 0000                    add [bx+si],al	; 0000392D  0000                              
  7293 00003A72 0000                    add [bx+si],al	; 0000392F  0000                              
  7294 00003A74 0000                    add [bx+si],al	; 00003931  0000                              
  7295 00003A76 0000                    add [bx+si],al	; 00003933  0000                              
  7296 00003A78 0003                    add [bp+di],al	; 00003935  0003                              
  7297 00003A7A 0000                    add [bx+si],al	; 00003937  0000                              
  7298 00003A7C 0003                    add [bp+di],al	; 00003939  0003                              
  7299 00003A7E 0000                    add [bx+si],al	; 0000393B  0000                              
  7300 00003A80 000F                    add [bx],cl	; 0000393D  000F                              
  7301 00003A82 C00000                  rol byte [bx+si],byte 0x0	; 0000393F  C00000                            
  7302 00003A85 0CC0                    or al,0xc0	; 00003942  0CC0                              
  7303 00003A87 0000                    add [bx+si],al	; 00003944  0000                              
  7304 00003A89 0000                    add [bx+si],al	; 00003946  0000                              
  7305 00003A8B 0000                    add [bx+si],al	; 00003948  0000                              
  7306 00003A8D 3030                    xor [bx+si],dh	; 0000394A  3030                              
  7307 00003A8F 0000                    add [bx+si],al	; 0000394C  0000                              
  7308 00003A91 0000                    add [bx+si],al	; 0000394E  0000                              
  7309 00003A93 0000                    add [bx+si],al	; 00003950  0000                              
  7310 00003A95 0000                    add [bx+si],al	; 00003952  0000                              
  7311 00003A97 0000                    add [bx+si],al	; 00003954  0000                              
  7312 00003A99 0000                    add [bx+si],al	; 00003956  0000                              
  7313 00003A9B 0000                    add [bx+si],al	; 00003958  0000                              
  7314 00003A9D 0000                    add [bx+si],al	; 0000395A  0000                              
  7315 00003A9F 0000                    add [bx+si],al	; 0000395C  0000                              
  7316 00003AA1 0000                    add [bx+si],al	; 0000395E  0000                              
  7317 00003AA3 0000                    add [bx+si],al	; 00003960  0000                              
  7318 00003AA5 0000                    add [bx+si],al	; 00003962  0000                              
  7319 00003AA7 0000                    add [bx+si],al	; 00003964  0000                              
  7320 00003AA9 0000                    add [bx+si],al	; 00003966  0000                              
  7321 00003AAB 0000                    add [bx+si],al	; 00003968  0000                              
  7322 00003AAD 0000                    add [bx+si],al	; 0000396A  0000                              
  7323 00003AAF 0000                    add [bx+si],al	; 0000396C  0000                              
  7324 00003AB1 0300                    add ax,[bx+si]	; 0000396E  0300                              
  7325 00003AB3 0000                    add [bx+si],al	; 00003970  0000                              
  7326 00003AB5 0300                    add ax,[bx+si]	; 00003972  0300                              
  7327 00003AB7 0000                    add [bx+si],al	; 00003974  0000                              
  7328 00003AB9 0300                    add ax,[bx+si]	; 00003976  0300                              
  7329 00003ABB 0000                    add [bx+si],al	; 00003978  0000                              
  7330 00003ABD 0300                    add ax,[bx+si]	; 0000397A  0300                              
  7331 00003ABF 0000                    add [bx+si],al	; 0000397C  0000                              
  7332 00003AC1 0000                    add [bx+si],al	; 0000397E  0000                              
  7333 00003AC3 0000                    add [bx+si],al	; 00003980  0000                              
  7334 00003AC5 0000                    add [bx+si],al	; 00003982  0000                              
  7335 00003AC7 0000                    add [bx+si],al	; 00003984  0000                              
  7336 00003AC9 00C0                    add al,al	; 00003986  00C0                              
  7337 00003ACB 0000                    add [bx+si],al	; 00003988  0000                              
  7338 00003ACD 00C0                    add al,al	; 0000398A  00C0                              
  7339 00003ACF 0000                    add [bx+si],al	; 0000398C  0000                              
  7340 00003AD1 C0C0C0                  rol al,byte 0xc0	; 0000398E  C0C0C0                            
  7341 00003AD4 0030                    add [bx+si],dh	; 00003991  0030                              
  7342 00003AD6 C3                      ret	; 00003993  C3                                
  7343 00003AD7 0000                    add [bx+si],al	; 00003994  0000                              
  7344 00003AD9 0C0C                    or al,0xc	; 00003996  0C0C                              
  7345 00003ADB 0000                    add [bx+si],al	; 00003998  0000                              
  7346 00003ADD 0000                    add [bx+si],al	; 0000399A  0000                              
  7347 00003ADF 000F                    add [bx],cl	; 0000399C  000F                              
  7348 00003AE1 F0                      lock	; 0000399E  F0                                
  7348          ******************       warning: instruction is not lockable [-w+prefix-lock-error]
  7349 00003AE2 01E7                    add di,sp	; 0000399F  03FC                              
  7350 00003AE4 0000                    add [bx+si],al	; 000039A1  0000                              
  7351 00003AE6 0000                    add [bx+si],al	; 000039A3  0000                              
  7352 00003AE8 000C                    add [si],cl	; 000039A5  000C                              
  7353 00003AEA 0C00                    or al,0x0	; 000039A7  0C00                              
  7354 00003AEC 0030                    add [bx+si],dh	; 000039A9  0030                              
  7355 00003AEE C3                      ret	; 000039AB  C3                                
  7356 00003AEF 0000                    add [bx+si],al	; 000039AC  0000                              
  7357 00003AF1 C0C0C0                  rol al,byte 0xc0	; 000039AE  C0C0C0                            
  7358 00003AF4 0000                    add [bx+si],al	; 000039B1  0000                              
  7359 00003AF6 C00000                  rol byte [bx+si],byte 0x0	; 000039B3  C00000                            
  7360 00003AF9 00C0                    add al,al	; 000039B6  00C0                              
  7361 00003AFB 0000                    add [bx+si],al	; 000039B8  0000                              
  7362 00003AFD 0000                    add [bx+si],al	; 000039BA  0000                              
  7363 00003AFF 0000                    add [bx+si],al	; 000039BC  0000                              
  7364 00003B01 00C0                    add al,al	; 000039BE  00C0                              
  7365 00003B03 0000                    add [bx+si],al	; 000039C0  0000                              
  7366 00003B05 00C0                    add al,al	; 000039C2  00C0                              
  7367 00003B07 0000                    add [bx+si],al	; 000039C4  0000                              
  7368 00003B09 C0C0C0                  rol al,byte 0xc0	; 000039C6  C0C0C0                            
  7369 00003B0C 0030                    add [bx+si],dh	; 000039C9  0030                              
  7370 00003B0E C3                      ret	; 000039CB  C3                                
  7371 00003B0F 0000                    add [bx+si],al	; 000039CC  0000                              
  7372 00003B11 0C0C                    or al,0xc	; 000039CE  0C0C                              
  7373 00003B13 0000                    add [bx+si],al	; 000039D0  0000                              
  7374 00003B15 0000                    add [bx+si],al	; 000039D2  0000                              
  7375 00003B17 000F                    add [bx],cl	; 000039D4  000F                              
  7376 00003B19 F0                      lock	; 000039D6  F0                                
  7376          ******************       warning: instruction is not lockable [-w+prefix-lock-error]
  7377 00003B1A 01E7                    add di,sp	; 000039D7  03FC                              
  7378 00003B1C 0000                    add [bx+si],al	; 000039D9  0000                              
  7379 00003B1E 0000                    add [bx+si],al	; 000039DB  0000                              
  7380 00003B20 000C                    add [si],cl	; 000039DD  000C                              
  7381 00003B22 0C00                    or al,0x0	; 000039DF  0C00                              
  7382 00003B24 0030                    add [bx+si],dh	; 000039E1  0030                              
  7383 00003B26 C3                      ret	; 000039E3  C3                                
  7384 00003B27 0000                    add [bx+si],al	; 000039E4  0000                              
  7385 00003B29 C0C0C0                  rol al,byte 0xc0	; 000039E6  C0C0C0                            
  7386 00003B2C 0000                    add [bx+si],al	; 000039E9  0000                              
  7387 00003B2E C00000                  rol byte [bx+si],byte 0x0	; 000039EB  C00000                            
  7388 00003B31 00C0                    add al,al	; 000039EE  00C0                              
  7389 00003B33 0000                    add [bx+si],al	; 000039F0  0000                              
  7390 00003B35 0000                    add [bx+si],al	; 000039F2  0000                              
  7391 00003B37 0000                    add [bx+si],al	; 000039F4  0000                              
  7392 00003B39 0000                    add [bx+si],al	; 000039F6  0000                              
  7393 00003B3B 0000                    add [bx+si],al	; 000039F8  0000                              
  7394 00003B3D 0000                    add [bx+si],al	; 000039FA  0000                              
  7395 00003B3F 0000                    add [bx+si],al	; 000039FC  0000                              
  7396 00003B41 0000                    add [bx+si],al	; 000039FE  0000                              
  7397 00003B43 0000                    add [bx+si],al	; 00003A00  0000                              
  7398 00003B45 0000                    add [bx+si],al	; 00003A02  0000                              
  7399 00003B47 0000                    add [bx+si],al	; 00003A04  0000                              
  7400 00003B49 0000                    add [bx+si],al	; 00003A06  0000                              
  7401 00003B4B 0000                    add [bx+si],al	; 00003A08  0000                              
  7402 00003B4D 0000                    add [bx+si],al	; 00003A0A  0000                              
  7403 00003B4F 0000                    add [bx+si],al	; 00003A0C  0000                              
  7404 00003B51 0000                    add [bx+si],al	; 00003A0E  0000                              
  7405 00003B53 0000                    add [bx+si],al	; 00003A10  0000                              
  7406 00003B55 0000                    add [bx+si],al	; 00003A12  0000                              
  7407 00003B57 0000                    add [bx+si],al	; 00003A14  0000                              
  7408 00003B59 0000                    add [bx+si],al	; 00003A16  0000                              
  7409 00003B5B 0000                    add [bx+si],al	; 00003A18  0000                              
  7410 00003B5D 0000                    add [bx+si],al	; 00003A1A  0000                              
  7411 00003B5F 0000                    add [bx+si],al	; 00003A1C  0000                              
  7412 00003B61 0000                    add [bx+si],al	; 00003A1E  0000                              
  7413 00003B63 0000                    add [bx+si],al	; 00003A20  0000                              
  7414 00003B65 0000                    add [bx+si],al	; 00003A22  0000                              
  7415 00003B67 0000                    add [bx+si],al	; 00003A24  0000                              
  7416 00003B69 0000                    add [bx+si],al	; 00003A26  0000                              
  7417 00003B6B 0000                    add [bx+si],al	; 00003A28  0000                              
  7418 00003B6D 0000                    add [bx+si],al	; 00003A2A  0000                              
  7419 00003B6F 0000                    add [bx+si],al	; 00003A2C  0000                              
  7420 00003B71 0F8A(5E3A)              jpe 0x3a5e	; 00003A2E  7A2E                              
  7421 00003B75 190E0076                sbb [0x7600],cx	; 00003A30  190E0076                          
  7422 00003B79 2E0E                    cs push cs	; 00003A34  2E0E                              
  7423 00003B7B 0E                      push cs	; 00003A36  0E                                
  7424 00003B7C 0000                    add [bx+si],al	; 00003A37  0000                              
  7425 00003B7E 0000                    add [bx+si],al	; 00003A39  0000                              
  7426 00003B80 0000                    add [bx+si],al	; 00003A3B  0000                              
  7427 00003B82 0000                    add [bx+si],al	; 00003A3D  0000                              
  7428 00003B84 0000                    add [bx+si],al	; 00003A3F  0000                              
  7429 00003B86 0000                    add [bx+si],al	; 00003A41  0000                              
  7430 00003B88 0000                    add [bx+si],al	; 00003A43  0000                              
  7431 00003B8A 0000                    add [bx+si],al	; 00003A45  0000                              
  7432 00003B8C 0000                    add [bx+si],al	; 00003A47  0000                              
  7433 00003B8E 0000                    add [bx+si],al	; 00003A49  0000                              
  7434 00003B90 0000                    add [bx+si],al	; 00003A4B  0000                              
  7435 00003B92 0000                    add [bx+si],al	; 00003A4D  0000                              
  7436 00003B94 0000                    add [bx+si],al	; 00003A4F  0000                              
  7437 00003B96 0000                    add [bx+si],al	; 00003A51  0000                              
  7438 00003B98 0000                    add [bx+si],al	; 00003A53  0000                              
  7439 00003B9A 0000                    add [bx+si],al	; 00003A55  0000                              
  7440 00003B9C 0000                    add [bx+si],al	; 00003A57  0000                              
  7441 00003B9E 0000                    add [bx+si],al	; 00003A59  0000                              
  7442 00003BA0 0000                    add [bx+si],al	; 00003A5B  0000                              
  7443 00003BA2 0000                    add [bx+si],al	; 00003A5D  0000                              
  7444 00003BA4 0000                    add [bx+si],al	; 00003A5F  0000                              
  7445 00003BA6 0000                    add [bx+si],al	; 00003A61  0000                              
  7446 00003BA8 0000                    add [bx+si],al	; 00003A63  0000                              
  7447 00003BAA 0000                    add [bx+si],al	; 00003A65  0000                              
  7448 00003BAC 0000                    add [bx+si],al	; 00003A67  0000                              
  7449 00003BAE 0000                    add [bx+si],al	; 00003A69  0000                              
  7450 00003BB0 0000                    add [bx+si],al	; 00003A6B  0000                              
  7451 00003BB2 0000                    add [bx+si],al	; 00003A6D  0000                              
  7452 00003BB4 0000                    add [bx+si],al	; 00003A6F  0000                              
  7453 00003BB6 0000                    add [bx+si],al	; 00003A71  0000                              
  7454 00003BB8 0000                    add [bx+si],al	; 00003A73  0000                              
  7455 00003BBA 0000                    add [bx+si],al	; 00003A75  0000                              
  7456 00003BBC 0000                    add [bx+si],al	; 00003A77  0000                              
  7457 00003BBE 0000                    add [bx+si],al	; 00003A79  0000                              
  7458 00003BC0 0000                    add [bx+si],al	; 00003A7B  0000                              
  7459 00003BC2 0000                    add [bx+si],al	; 00003A7D  0000                              
  7460 00003BC4 0000                    add [bx+si],al	; 00003A7F  0000                              
  7461 00003BC6 0000                    add [bx+si],al	; 00003A81  0000                              
  7462 00003BC8 0000                    add [bx+si],al	; 00003A83  0000                              
  7463 00003BCA 0000                    add [bx+si],al	; 00003A85  0000                              
  7464 00003BCC 0000                    add [bx+si],al	; 00003A87  0000                              
  7465 00003BCE 0000                    add [bx+si],al	; 00003A89  0000                              
  7466 00003BD0 0000                    add [bx+si],al	; 00003A8B  0000                              
  7467 00003BD2 0000                    add [bx+si],al	; 00003A8D  0000                              
  7468 00003BD4 0000                    add [bx+si],al	; 00003A8F  0000                              
  7469 00003BD6 0000                    add [bx+si],al	; 00003A91  0000                              
  7470 00003BD8 0000                    add [bx+si],al	; 00003A93  0000                              
  7471 00003BDA 0000                    add [bx+si],al	; 00003A95  0000                              
  7472 00003BDC 0000                    add [bx+si],al	; 00003A97  0000                              
  7473 00003BDE 0000                    add [bx+si],al	; 00003A99  0000                              
  7474 00003BE0 0000                    add [bx+si],al	; 00003A9B  0000                              
  7475 00003BE2 0000                    add [bx+si],al	; 00003A9D  0000                              
  7476 00003BE4 0000                    add [bx+si],al	; 00003A9F  0000                              
  7477 00003BE6 0000                    add [bx+si],al	; 00003AA1  0000                              
  7478 00003BE8 0000                    add [bx+si],al	; 00003AA3  0000                              
  7479 00003BEA 0000                    add [bx+si],al	; 00003AA5  0000                              
  7480 00003BEC 0000                    add [bx+si],al	; 00003AA7  0000                              
  7481 00003BEE 026D30                  add ch,[di+0x30]	; 00003AA9  026D30                            
  7482 00003BF1 1A26006D                sbb ah,[0x6d00]	; 00003AAC  1A26006D                          
  7483 00003BF5 300E0E00                xor [0xe],cl	; 00003AB0  300E0E00                          
  7484 00003BF9 0400                    add al,0x0	; 00003AB4  0400                              
  7485 00003BFB 0000                    add [bx+si],al	; 00003AB6  0000                              
  7486 00003BFD 0000                    add [bx+si],al	; 00003AB8  0000                              
  7487 00003BFF 0000                    add [bx+si],al	; 00003ABA  0000                              
  7488 00003C01 0000                    add [bx+si],al	; 00003ABC  0000                              
  7489 00003C03 0000                    add [bx+si],al	; 00003ABE  0000                              
  7490 00003C05 0000                    add [bx+si],al	; 00003AC0  0000                              
  7491 00003C07 0000                    add [bx+si],al	; 00003AC2  0000                              
  7492 00003C09 0000                    add [bx+si],al	; 00003AC4  0000                              
  7493 00003C0B 0000                    add [bx+si],al	; 00003AC6  0000                              
  7494 00003C0D 0000                    add [bx+si],al	; 00003AC8  0000                              
  7495 00003C0F 0000                    add [bx+si],al	; 00003ACA  0000                              
  7496 00003C11 0000                    add [bx+si],al	; 00003ACC  0000                              
  7497 00003C13 0000                    add [bx+si],al	; 00003ACE  0000                              
  7498 00003C15 0000                    add [bx+si],al	; 00003AD0  0000                              
  7499 00003C17 0000                    add [bx+si],al	; 00003AD2  0000                              
  7500 00003C19 0000                    add [bx+si],al	; 00003AD4  0000                              
  7501 00003C1B 0000                    add [bx+si],al	; 00003AD6  0000                              
  7502 00003C1D 0000                    add [bx+si],al	; 00003AD8  0000                              
  7503 00003C1F 0000                    add [bx+si],al	; 00003ADA  0000                              
  7504 00003C21 0000                    add [bx+si],al	; 00003ADC  0000                              
  7505 00003C23 0000                    add [bx+si],al	; 00003ADE  0000                              
  7506 00003C25 0000                    add [bx+si],al	; 00003AE0  0000                              
  7507 00003C27 0000                    add [bx+si],al	; 00003AE2  0000                              
  7508 00003C29 0000                    add [bx+si],al	; 00003AE4  0000                              
  7509 00003C2B 0000                    add [bx+si],al	; 00003AE6  0000                              
  7510 00003C2D 0000                    add [bx+si],al	; 00003AE8  0000                              
  7511 00003C2F 0000                    add [bx+si],al	; 00003AEA  0000                              
  7512 00003C31 0000                    add [bx+si],al	; 00003AEC  0000                              
  7513 00003C33 0000                    add [bx+si],al	; 00003AEE  0000                              
  7514 00003C35 0000                    add [bx+si],al	; 00003AF0  0000                              
  7515 00003C37 0000                    add [bx+si],al	; 00003AF2  0000                              
  7516 00003C39 0000                    add [bx+si],al	; 00003AF4  0000                              
  7517 00003C3B 0000                    add [bx+si],al	; 00003AF6  0000                              
  7518 00003C3D 0000                    add [bx+si],al	; 00003AF8  0000                              
  7519 00003C3F 0000                    add [bx+si],al	; 00003AFA  0000                              
  7520 00003C41 0000                    add [bx+si],al	; 00003AFC  0000                              
  7521 00003C43 0000                    add [bx+si],al	; 00003AFE  0000                              
  7522 00003C45 0000                    add [bx+si],al	; 00003B00  0000                              
  7523 00003C47 0000                    add [bx+si],al	; 00003B02  0000                              
  7524 00003C49 0000                    add [bx+si],al	; 00003B04  0000                              
  7525 00003C4B 0000                    add [bx+si],al	; 00003B06  0000                              
  7526 00003C4D 0000                    add [bx+si],al	; 00003B08  0000                              
  7527 00003C4F 0000                    add [bx+si],al	; 00003B0A  0000                              
  7528 00003C51 0000                    add [bx+si],al	; 00003B0C  0000                              
  7529 00003C53 0000                    add [bx+si],al	; 00003B0E  0000                              
  7530 00003C55 0000                    add [bx+si],al	; 00003B10  0000                              
  7531 00003C57 0000                    add [bx+si],al	; 00003B12  0000                              
  7532 00003C59 0000                    add [bx+si],al	; 00003B14  0000                              
  7533 00003C5B 0000                    add [bx+si],al	; 00003B16  0000                              
  7534 00003C5D 0000                    add [bx+si],al	; 00003B18  0000                              
  7535 00003C5F 0000                    add [bx+si],al	; 00003B1A  0000                              
  7536 00003C61 0000                    add [bx+si],al	; 00003B1C  0000                              
  7537 00003C63 0000                    add [bx+si],al	; 00003B1E  0000                              
  7538 00003C65 0000                    add [bx+si],al	; 00003B20  0000                              
  7539 00003C67 0000                    add [bx+si],al	; 00003B22  0000                              
  7540 00003C69 0003                    add [bp+di],al	; 00003B24  0003                              
  7541 00003C6B 8B2E1A26                mov bp,[0x261a]	; 00003B26  8B2E1A26                          
  7542 00003C6F 008B2E0E                add [bp+di+0xe2e],cl	; 00003B2A  008B2E0E                          
  7543 00003C73 0E                      push cs	; 00003B2E  0E                                
  7544 00003C74 0004                    add [si],al	; 00003B2F  0004                              
  7545 00003C76 0000                    add [bx+si],al	; 00003B31  0000                              
  7546 00003C78 0000                    add [bx+si],al	; 00003B33  0000                              
  7547 00003C7A 0000                    add [bx+si],al	; 00003B35  0000                              
  7548 00003C7C 0000                    add [bx+si],al	; 00003B37  0000                              
  7549 00003C7E 0000                    add [bx+si],al	; 00003B39  0000                              
  7550 00003C80 0000                    add [bx+si],al	; 00003B3B  0000                              
  7551 00003C82 0000                    add [bx+si],al	; 00003B3D  0000                              
  7552 00003C84 0000                    add [bx+si],al	; 00003B3F  0000                              
  7553 00003C86 0000                    add [bx+si],al	; 00003B41  0000                              
  7554 00003C88 0000                    add [bx+si],al	; 00003B43  0000                              
  7555 00003C8A 0000                    add [bx+si],al	; 00003B45  0000                              
  7556 00003C8C 0000                    add [bx+si],al	; 00003B47  0000                              
  7557 00003C8E 0000                    add [bx+si],al	; 00003B49  0000                              
  7558 00003C90 0000                    add [bx+si],al	; 00003B4B  0000                              
  7559 00003C92 0000                    add [bx+si],al	; 00003B4D  0000                              
  7560 00003C94 0000                    add [bx+si],al	; 00003B4F  0000                              
  7561 00003C96 0000                    add [bx+si],al	; 00003B51  0000                              
  7562 00003C98 0000                    add [bx+si],al	; 00003B53  0000                              
  7563 00003C9A 0000                    add [bx+si],al	; 00003B55  0000                              
  7564 00003C9C 0000                    add [bx+si],al	; 00003B57  0000                              
  7565 00003C9E 0000                    add [bx+si],al	; 00003B59  0000                              
  7566 00003CA0 0000                    add [bx+si],al	; 00003B5B  0000                              
  7567 00003CA2 0000                    add [bx+si],al	; 00003B5D  0000                              
  7568 00003CA4 0000                    add [bx+si],al	; 00003B5F  0000                              
  7569 00003CA6 0000                    add [bx+si],al	; 00003B61  0000                              
  7570 00003CA8 0000                    add [bx+si],al	; 00003B63  0000                              
  7571 00003CAA 0000                    add [bx+si],al	; 00003B65  0000                              
  7572 00003CAC 0000                    add [bx+si],al	; 00003B67  0000                              
  7573 00003CAE 0000                    add [bx+si],al	; 00003B69  0000                              
  7574 00003CB0 0000                    add [bx+si],al	; 00003B6B  0000                              
  7575 00003CB2 0000                    add [bx+si],al	; 00003B6D  0000                              
  7576 00003CB4 0000                    add [bx+si],al	; 00003B6F  0000                              
  7577 00003CB6 0000                    add [bx+si],al	; 00003B71  0000                              
  7578 00003CB8 0000                    add [bx+si],al	; 00003B73  0000                              
  7579 00003CBA 0000                    add [bx+si],al	; 00003B75  0000                              
  7580 00003CBC 0000                    add [bx+si],al	; 00003B77  0000                              
  7581 00003CBE 0000                    add [bx+si],al	; 00003B79  0000                              
  7582 00003CC0 0000                    add [bx+si],al	; 00003B7B  0000                              
  7583 00003CC2 0000                    add [bx+si],al	; 00003B7D  0000                              
  7584 00003CC4 0000                    add [bx+si],al	; 00003B7F  0000                              
  7585 00003CC6 0000                    add [bx+si],al	; 00003B81  0000                              
  7586 00003CC8 0000                    add [bx+si],al	; 00003B83  0000                              
  7587 00003CCA 0000                    add [bx+si],al	; 00003B85  0000                              
  7588 00003CCC 0000                    add [bx+si],al	; 00003B87  0000                              
  7589 00003CCE 0000                    add [bx+si],al	; 00003B89  0000                              
  7590 00003CD0 0000                    add [bx+si],al	; 00003B8B  0000                              
  7591 00003CD2 0000                    add [bx+si],al	; 00003B8D  0000                              
  7592 00003CD4 0000                    add [bx+si],al	; 00003B8F  0000                              
  7593 00003CD6 0000                    add [bx+si],al	; 00003B91  0000                              
  7594 00003CD8 0000                    add [bx+si],al	; 00003B93  0000                              
  7595 00003CDA 0000                    add [bx+si],al	; 00003B95  0000                              
  7596 00003CDC 0000                    add [bx+si],al	; 00003B97  0000                              
  7597 00003CDE 0000                    add [bx+si],al	; 00003B99  0000                              
  7598 00003CE0 0000                    add [bx+si],al	; 00003B9B  0000                              
  7599 00003CE2 0000                    add [bx+si],al	; 00003B9D  0000                              
  7600 00003CE4 0000                    add [bx+si],al	; 00003B9F  0000                              
  7601 00003CE6 00922E19                add [bp+si+0x192e],dl	; 00003BA1  00922E19                          
  7602 00003CEA 2600922E0E              add [es:bp+si+0xe2e],dl	; 00003BA5  2600922E0E                        
  7603 00003CEF 0E                      push cs	; 00003BAA  0E                                
  7604 00003CF0 0000                    add [bx+si],al	; 00003BAB  0000                              
  7605 00003CF2 0000                    add [bx+si],al	; 00003BAD  0000                              
  7606 00003CF4 0000                    add [bx+si],al	; 00003BAF  0000                              
  7607 00003CF6 0000                    add [bx+si],al	; 00003BB1  0000                              
  7608 00003CF8 0000                    add [bx+si],al	; 00003BB3  0000                              
  7609 00003CFA 0000                    add [bx+si],al	; 00003BB5  0000                              
  7610 00003CFC 0000                    add [bx+si],al	; 00003BB7  0000                              
  7611 00003CFE 0000                    add [bx+si],al	; 00003BB9  0000                              
  7612 00003D00 0000                    add [bx+si],al	; 00003BBB  0000                              
  7613 00003D02 0000                    add [bx+si],al	; 00003BBD  0000                              
  7614 00003D04 0000                    add [bx+si],al	; 00003BBF  0000                              
  7615 00003D06 0000                    add [bx+si],al	; 00003BC1  0000                              
  7616 00003D08 0000                    add [bx+si],al	; 00003BC3  0000                              
  7617 00003D0A 0000                    add [bx+si],al	; 00003BC5  0000                              
  7618 00003D0C 0000                    add [bx+si],al	; 00003BC7  0000                              
  7619 00003D0E 0000                    add [bx+si],al	; 00003BC9  0000                              
  7620 00003D10 0000                    add [bx+si],al	; 00003BCB  0000                              
  7621 00003D12 0000                    add [bx+si],al	; 00003BCD  0000                              
  7622 00003D14 0000                    add [bx+si],al	; 00003BCF  0000                              
  7623 00003D16 0000                    add [bx+si],al	; 00003BD1  0000                              
  7624 00003D18 0000                    add [bx+si],al	; 00003BD3  0000                              
  7625 00003D1A 0000                    add [bx+si],al	; 00003BD5  0000                              
  7626 00003D1C 0000                    add [bx+si],al	; 00003BD7  0000                              
  7627 00003D1E 0000                    add [bx+si],al	; 00003BD9  0000                              
  7628 00003D20 0000                    add [bx+si],al	; 00003BDB  0000                              
  7629 00003D22 0000                    add [bx+si],al	; 00003BDD  0000                              
  7630 00003D24 0000                    add [bx+si],al	; 00003BDF  0000                              
  7631 00003D26 0000                    add [bx+si],al	; 00003BE1  0000                              
  7632 00003D28 0000                    add [bx+si],al	; 00003BE3  0000                              
  7633 00003D2A 0000                    add [bx+si],al	; 00003BE5  0000                              
  7634 00003D2C 0000                    add [bx+si],al	; 00003BE7  0000                              
  7635 00003D2E 0000                    add [bx+si],al	; 00003BE9  0000                              
  7636 00003D30 0000                    add [bx+si],al	; 00003BEB  0000                              
  7637 00003D32 0000                    add [bx+si],al	; 00003BED  0000                              
  7638 00003D34 0000                    add [bx+si],al	; 00003BEF  0000                              
  7639 00003D36 0000                    add [bx+si],al	; 00003BF1  0000                              
  7640 00003D38 0000                    add [bx+si],al	; 00003BF3  0000                              
  7641 00003D3A 0000                    add [bx+si],al	; 00003BF5  0000                              
  7642 00003D3C 0000                    add [bx+si],al	; 00003BF7  0000                              
  7643 00003D3E 0000                    add [bx+si],al	; 00003BF9  0000                              
  7644 00003D40 0000                    add [bx+si],al	; 00003BFB  0000                              
  7645 00003D42 0000                    add [bx+si],al	; 00003BFD  0000                              
  7646 00003D44 0000                    add [bx+si],al	; 00003BFF  0000                              
  7647 00003D46 0000                    add [bx+si],al	; 00003C01  0000                              
  7648 00003D48 0000                    add [bx+si],al	; 00003C03  0000                              
  7649 00003D4A 0000                    add [bx+si],al	; 00003C05  0000                              
  7650 00003D4C 0000                    add [bx+si],al	; 00003C07  0000                              
  7651 00003D4E 0000                    add [bx+si],al	; 00003C09  0000                              
  7652 00003D50 0000                    add [bx+si],al	; 00003C0B  0000                              
  7653 00003D52 0000                    add [bx+si],al	; 00003C0D  0000                              
  7654 00003D54 0000                    add [bx+si],al	; 00003C0F  0000                              
  7655 00003D56 0000                    add [bx+si],al	; 00003C11  0000                              
  7656 00003D58 0000                    add [bx+si],al	; 00003C13  0000                              
  7657 00003D5A 0000                    add [bx+si],al	; 00003C15  0000                              
  7658 00003D5C 0000                    add [bx+si],al	; 00003C17  0000                              
  7659 00003D5E 0000                    add [bx+si],al	; 00003C19  0000                              
  7660 00003D60 0000                    add [bx+si],al	; 00003C1B  0000                              
  7661 00003D62 02AD2C1A                add ch,[di+0x1a2c]	; 00003C1D  02AD2C1A                          
  7662 00003D66 2600AD2C0E              add [es:di+0xe2c],ch	; 00003C21  2600AD2C0E                        
  7663 00003D6B 0E                      push cs	; 00003C26  0E                                
  7664 00003D6C 0004                    add [si],al	; 00003C27  0004                              
  7665 00003D6E 0000                    add [bx+si],al	; 00003C29  0000                              
  7666 00003D70 0000                    add [bx+si],al	; 00003C2B  0000                              
  7667 00003D72 0000                    add [bx+si],al	; 00003C2D  0000                              
  7668 00003D74 0000                    add [bx+si],al	; 00003C2F  0000                              
  7669 00003D76 0000                    add [bx+si],al	; 00003C31  0000                              
  7670 00003D78 0000                    add [bx+si],al	; 00003C33  0000                              
  7671 00003D7A 0000                    add [bx+si],al	; 00003C35  0000                              
  7672 00003D7C 0000                    add [bx+si],al	; 00003C37  0000                              
  7673 00003D7E 0000                    add [bx+si],al	; 00003C39  0000                              
  7674 00003D80 0000                    add [bx+si],al	; 00003C3B  0000                              
  7675 00003D82 0000                    add [bx+si],al	; 00003C3D  0000                              
  7676 00003D84 0000                    add [bx+si],al	; 00003C3F  0000                              
  7677 00003D86 0000                    add [bx+si],al	; 00003C41  0000                              
  7678 00003D88 0000                    add [bx+si],al	; 00003C43  0000                              
  7679 00003D8A 0000                    add [bx+si],al	; 00003C45  0000                              
  7680 00003D8C 0000                    add [bx+si],al	; 00003C47  0000                              
  7681 00003D8E 0000                    add [bx+si],al	; 00003C49  0000                              
  7682 00003D90 0000                    add [bx+si],al	; 00003C4B  0000                              
  7683 00003D92 0000                    add [bx+si],al	; 00003C4D  0000                              
  7684 00003D94 0000                    add [bx+si],al	; 00003C4F  0000                              
  7685 00003D96 0000                    add [bx+si],al	; 00003C51  0000                              
  7686 00003D98 0000                    add [bx+si],al	; 00003C53  0000                              
  7687 00003D9A 0000                    add [bx+si],al	; 00003C55  0000                              
  7688 00003D9C 0000                    add [bx+si],al	; 00003C57  0000                              
  7689 00003D9E 0000                    add [bx+si],al	; 00003C59  0000                              
  7690 00003DA0 0000                    add [bx+si],al	; 00003C5B  0000                              
  7691 00003DA2 0000                    add [bx+si],al	; 00003C5D  0000                              
  7692 00003DA4 0000                    add [bx+si],al	; 00003C5F  0000                              
  7693 00003DA6 0000                    add [bx+si],al	; 00003C61  0000                              
  7694 00003DA8 0000                    add [bx+si],al	; 00003C63  0000                              
  7695 00003DAA 0000                    add [bx+si],al	; 00003C65  0000                              
  7696 00003DAC 0000                    add [bx+si],al	; 00003C67  0000                              
  7697 00003DAE 0000                    add [bx+si],al	; 00003C69  0000                              
  7698 00003DB0 0000                    add [bx+si],al	; 00003C6B  0000                              
  7699 00003DB2 0000                    add [bx+si],al	; 00003C6D  0000                              
  7700 00003DB4 0000                    add [bx+si],al	; 00003C6F  0000                              
  7701 00003DB6 0000                    add [bx+si],al	; 00003C71  0000                              
  7702 00003DB8 0000                    add [bx+si],al	; 00003C73  0000                              
  7703 00003DBA 0000                    add [bx+si],al	; 00003C75  0000                              
  7704 00003DBC 0000                    add [bx+si],al	; 00003C77  0000                              
  7705 00003DBE 0000                    add [bx+si],al	; 00003C79  0000                              
  7706 00003DC0 0000                    add [bx+si],al	; 00003C7B  0000                              
  7707 00003DC2 0000                    add [bx+si],al	; 00003C7D  0000                              
  7708 00003DC4 0000                    add [bx+si],al	; 00003C7F  0000                              
  7709 00003DC6 0000                    add [bx+si],al	; 00003C81  0000                              
  7710 00003DC8 0000                    add [bx+si],al	; 00003C83  0000                              
  7711 00003DCA 0000                    add [bx+si],al	; 00003C85  0000                              
  7712 00003DCC 0000                    add [bx+si],al	; 00003C87  0000                              
  7713 00003DCE 0000                    add [bx+si],al	; 00003C89  0000                              
  7714 00003DD0 0000                    add [bx+si],al	; 00003C8B  0000                              
  7715 00003DD2 0000                    add [bx+si],al	; 00003C8D  0000                              
  7716 00003DD4 0000                    add [bx+si],al	; 00003C8F  0000                              
  7717 00003DD6 0000                    add [bx+si],al	; 00003C91  0000                              
  7718 00003DD8 0000                    add [bx+si],al	; 00003C93  0000                              
  7719 00003DDA 0000                    add [bx+si],al	; 00003C95  0000                              
  7720 00003DDC 0000                    add [bx+si],al	; 00003C97  0000                              
  7721 00003DDE E6C8                    out byte 0xc8,al	; 00003C99  E6C8                              
  7722 00003DE0 0000                    add [bx+si],al	; 00003C9B  0000                              
  7723 00003DE2 0038                    add [bx+si],bh	; 00003C9D  0038                              
  7724 00003DE4 0030                    add [bx+si+0x0],dh	; 00003C9F  007000                            
  7725 00003DE6 A800                    test al,0x0	; 00003CA2  A800                              
  7726 00003DE8 E0(A6)                  loopne 0x3ca6	; 00003CA4  E000                              
  7727 00003DEA 1801                    sbb [bx+di],al	; 00003CA6  1801                              
  7728 00003DEC 50                      push ax	; 00003CA8  50                                
  7729 00003DED 018801C0                add [bx+si-0x3fff],cx	; 00003CA9  018801C0                          
  7730 00003DF1 01F8                    add ax,di	; 00003CAD  01F8                              
  7731 00003DF3 0130                    add [bx+si],si	; 00003CAF  0130                              
  7732 00003DF5 026802                  add ch,[bx+si+0x2]	; 00003CB1  026802                            
  7733 00003DF8 A002D8                  mov al,[0xd802]	; 00003CB4  A002D8                            
  7734 00003DFB 0210                    add dl,[bx+si]	; 00003CB7  0210                              
  7735 00003DFD 034803                  add cx,[bx+si+0x3]	; 00003CB9  034803                            
  7736 00003E00 00E2                    add dl,ah	; 00003CBC  00E2                              
  7737 00003E02 1E                      push ds	; 00003CBE  1E                                
  7738 00003E03 FF01                    inc word [bx+di]	; 00003CBF  FF01                              
  7739 00003E05 60                      pusha	; 00003CC1  60                                
  7740 00003E06 FFA000FF                jmp word near [bx+si-0x100]	; 00003CC2  FFA000FF                          
  7741 00003E0A FF01                    inc word [bx+di]	; 00003CC6  FF01                              
  7742 00003E0C 0000                    add [bx+si],al	; 00003CC8  0000                              
  7743 00003E0E 000E0100                add [0x1],cl	; 00003CCA  000E0100                          
  7744 00003E12 0000                    add [bx+si],al	; 00003CCE  0000                              
  7745 00003E14 0200                    add al,[bx+si]	; 00003CD0  0200                              
  7746 00003E16 0200                    add al,[bx+si]	; 00003CD2  0200                              
  7747 00003E18 E3(DE)                  jcxz 0x3cde	; 00003CD4  E308                              
  7748 00003E1A 280A                    sub [bp+si],cl	; 00003CD6  280A                              
  7749 00003E1C D9                      db 0xd9	; 00003CD8  D9                                
  7750 00003E1D 0B550D                  or dx,[di+0xd]	; 00003CD9  0B550D                            
  7751 00003E20 C6                      db 0xc6	; 00003CDC  C6                                
  7752 00003E21 11D9                    adc cx,bx	; 00003CDD  11D9                              
  7753 00003E23 0B550D                  or dx,[di+0xd]	; 00003CDF  0B550D                            
  7754 00003E26 3C0F                    cmp al,0xf	; 00003CE2  3C0F                              
  7755 00003E28 C6                      db 0xc6	; 00003CE4  C6                                
  7756 00003E29 11FF                    adc di,di	; 00003CE5  11FF                              
  7757 00003E2B 13A91AC6                adc bp,[bx+di-0x39e6]	; 00003CE7  13A91AC6                          
  7758 00003E2F 11FF                    adc di,di	; 00003CEB  11FF                              
  7759 00003E31 11D3                    adc bx,dx	; 00003CED  13DA                              
  7760 00003E33 16                      push ss	; 00003CEF  16                                
  7761 00003E34 A91AFE                  test ax,0xfe1a	; 00003CF0  A91AFE                            
  7762 00003E37 1DFE27                  sbb ax,0x27fe	; 00003CF3  1DFE27                            
  7763 00003E3A A91AFE                  test ax,0xfe1a	; 00003CF6  A91AFE                            
  7764 00003E3D 1D4722                  sbb ax,0x2247	; 00003CF9  1D4722                            
  7765 00003E40 FE                      db 0xfe	; 00003CFC  FE                                
  7766 00003E41 27                      daa	; 00003CFD  27                                
  7767 00003E42 FD                      std	; 00003CFE  FD                                
  7768 00003E43 2CFC                    sub al,0xfc	; 00003CFF  2CFC                              
  7769 00003E45 39F7                    cmp di,si	; 00003D01  3BFE                              
  7770 00003E47 27                      daa	; 00003D03  27                                
  7771 00003E48 0200                    add al,[bx+si]	; 00003D04  0200                              
  7772 00003E4A F0                      lock	; 00003D06  F0                                
  7772          ******************       warning: instruction is not lockable [-w+prefix-lock-error]
  7773 00003E4B 05F603                  add ax,0x3f6	; 00003D07  05F603                            
  7774 00003E4E 0200                    add al,[bx+si]	; 00003D0A  0200                              
  7775 00003E50 F0                      lock	; 00003D0C  F0                                
  7775          ******************       warning: instruction is not lockable [-w+prefix-lock-error]
  7776 00003E51 05F603                  add ax,0x3f6	; 00003D0D  05F603                            
  7777 00003E54 0200                    add al,[bx+si]	; 00003D10  0200                              
  7778 00003E56 0200                    add al,[bx+si]	; 00003D12  0200                              
  7779 00003E58 6A30                    push word 0x30	; 00003D14  6A30                              
  7780 00003E5A 6E                      outsb	; 00003D16  6E                                
  7781 00003E5B 308A2E8E                xor [bp+si-0x71d2],cl	; 00003D17  308A2E8E                          
  7782 00003E5F 2E8A2E8E2E              mov ch,[cs:0x2e8e]	; 00003D1B  2E8A2E8E2E                        
  7783 00003E64 AA                      stosb	; 00003D20  AA                                
  7784 00003E65 2CAE                    sub al,0xae	; 00003D21  2CAE                              
  7785 00003E67 2C00                    sub al,0x0	; 00003D23  2C00                              
  7786 00003E69 003C                    add [si],bh	; 00003D25  003C                              
  7787 00003E6B 0020                    add [bx+si],ah	; 00003D27  0020                              
  7788 00003E6D 3C00                    cmp al,0x0	; 00003D29  3C00                              
  7789 00003E6F 0000                    add [bx+si],al	; 00003D2B  0000                              
  7790 00003E71 0000                    add [bx+si],al	; 00003D2D  0000                              
  7791 00003E73 0105                    add [di],ax	; 00003D2F  0105                              
  7792 00003E75 0009                    add [bx+di],cl	; 00003D31  0009                              
  7793 00003E77 60                      pusha	; 00003D33  60                                
  7794 00003E78 0000                    add [bx+si],al	; 00003D34  0000                              
  7795 00003E7A 25A800                  and ax,0xa8	; 00003D36  25A800                            
  7796 00003E7D 006815                  add [bx+si+0x15],ch	; 00003D39  006815                            
  7797 00003E80 0000                    add [bx+si],al	; 00003D3C  0000                              
  7798 00003E82 50                      push ax	; 00003D3E  50                                
  7799 00003E83 0900                    or [bx+si],ax	; 00003D3F  0900                              
  7800 00003E85 00500A                  add [bx+si+0xa],dl	; 00003D41  00900A00                          
  7801 00003E88 006006                  add [bx+si+0x6],ah	; 00003D45  00A00600                          
  7802 00003E8B 0020                    add [bx+si+0x0],ah	; 00003D49  006000                            
  7803 00003E8D 0000                    add [bx+si],al	; 00003D4C  0000                              
  7804 00003E8F 50                      push ax	; 00003D4E  50                                
  7805 00003E90 0000                    add [bx+si],al	; 00003D4F  0000                              
  7806 00003E92 0010                    add [bx+si+0x0],dl	; 00003D51  00900000                          
  7807 00003E94 0020                    add [bx+si+0x0],ah	; 00003D55  00A00000                          
  7808 00003E96 0020                    add [bx+si+0x0],ah	; 00003D59  006000                            
  7809 00003E98 0000                    add [bx+si],al	; 00003D5C  0000                              
  7810 00003E9A 50                      push ax	; 00003D5E  50                                
  7811 00003E9B 0000                    add [bx+si],al	; 00003D5F  0000                              
  7812 00003E9D 0010                    add [bx+si+0x0],dl	; 00003D61  00900000                          
  7813 00003E9F 0020                    add [bx+si+0x0],ah	; 00003D65  00A00000                          
  7814 00003EA1 0003                    add [bp+di],al	; 00003D69  0003                              
  7815 00003EA3 0000                    add [bx+si],al	; 00003D6B  0000                              
  7816 00003EA5 0000                    add [bx+si],al	; 00003D6D  0000                              
  7817 00003EA7 0007                    add [bx],al	; 00003D6F  0007                              
  7818 00003EA9 AA                      stosb	; 00003D71  AA                                
  7819 00003EAA AA                      stosb	; 00003D72  AA                                
  7820 00003EAB A007A2                  mov al,[0xa207]	; 00003D73  A007A2                            
  7821 00003EAE AA                      stosb	; 00003D76  AA                                
  7822 00003EAF A007AA                  mov al,[0xaa07]	; 00003D77  A007AA                            
  7823 00003EB2 AA                      stosb	; 00003D7A  AA                                
  7824 00003EB3 2007                    and [bx],al	; 00003D7B  2007                              
  7825 00003EB5 AA                      stosb	; 00003D7D  AA                                
  7826 00003EB6 8AA007EA                mov ah,[bx+si-0x15f9]	; 00003D7E  8AA007EA                          
  7827 00003EBA AA                      stosb	; 00003D82  AA                                
  7828 00003EBB A005E2                  mov al,[0xe205]	; 00003D83  A005E2                            
  7829 00003EBE AA                      stosb	; 00003D86  AA                                
  7830 00003EBF A001EA                  mov al,[0xea01]	; 00003D87  A001EA                            
  7831 00003EC2 AA                      stosb	; 00003D8A  AA                                
  7832 00003EC3 A001FA                  mov al,[0xfa01]	; 00003D8B  A001FA                            
  7833 00003EC6 A2A001                  mov [0x1a0],al	; 00003D8E  A2A001                            
  7834 00003EC9 0F8E(3D3D)              jng 0x3d3d	; 00003D91  7EAA                              
  7835 00003ECD A0005F                  mov al,[0x5f00]	; 00003D93  A0005F                            
  7836 00003ED0 FA                      cli	; 00003D96  FA                                
  7837 00003ED1 A00015                  mov al,[0x1500]	; 00003D97  A00015                            
  7838 00003ED4 0F8F(8C3D)              jg 0x3d8c	; 00003D9A  7FF0                              
  7839 00003ED8 0000                    add [bx+si],al	; 00003D9C  0000                              
  7840 00003EDA 55                      push bp	; 00003D9E  55                                
  7841 00003EDB 50                      push ax	; 00003D9F  50                                
  7842 00003EDC 0000                    add [bx+si],al	; 00003DA0  0000                              
  7843 00003EDE 0000                    add [bx+si],al	; 00003DA2  0000                              
  7844 00003EE0 00060000                add [0x0],al	; 00003DA4  00060000                          
  7845 00003EE4 0000                    add [bx+si],al	; 00003DA8  0000                              
  7846 00003EE6 40                      inc ax	; 00003DAA  40                                
  7847 00003EE7 0000                    add [bx+si],al	; 00003DAB  0000                              
  7848 00003EE9 0000                    add [bx+si+0x0],al	; 00003DAD  004000                            
  7849 00003EEB 0001                    add [bx+di],al	; 00003DB0  0001                              
  7850 00003EED 40                      inc ax	; 00003DB2  40                                
  7851 00003EEE 0000                    add [bx+si],al	; 00003DB3  0000                              
  7852 00003EF0 0300                    add ax,[bx+si+0x0]	; 00003DB5  034000                            
  7853 00003EF2 000F                    add [bx],cl	; 00003DB8  000F                              
  7854 00003EF4 C00000                  rol byte [bx+si],byte 0x0	; 00003DBA  C00000                            
  7855 00003EF7 3F                      aas	; 00003DBD  3F                                
  7856 00003EF8 C00000                  rol byte [bx+si],byte 0x0	; 00003DBE  C00000                            
  7857 00003EFB FF00                    inc word [bx+si]	; 00003DC1  FF00                              
  7858 00003EFD 0003                    add [bp+di],al	; 00003DC3  0003                              
  7859 00003EFF DF00                    fild word [bx+si]	; 00003DC5  DF00                              
  7860 00003F01 000F                    add [bx],cl	; 00003DC7  000F                              
  7861 00003F03 0F8C(CB3D)              jl 0x3dcb	; 00003DC9  7C00                              
  7862 00003F07 003D                    add [di],bh	; 00003DCB  003D                              
  7863 00003F09 F00000                  lock add [bx+si],al	; 00003DCD  F00000                            
  7864 00003F0C A9000F                  test ax,0xf00	; 00003DD0  F7C0000F                          
  7865 00003F0F FF00                    inc word [bx+si]	; 00003DD4  FF00                              
  7866 00003F11 0017                    add [bx],dl	; 00003DD6  0017                              
  7867 00003F13 F00000                  lock add [bx+si],al	; 00003DD8  F00000                            
  7868 00003F16 0000                    add [bx+si],al	; 00003DDB  0000                              
  7869 00003F18 0000                    add [bx+si],al	; 00003DDD  0000                              
  7870 00003F1A 0100                    add [bx+si],ax	; 00003DDF  0100                              
  7871 00003F1C 0000                    add [bx+si],al	; 00003DE1  0000                              
  7872 00003F1E 0020                    add [bx+si],ah	; 00003DE3  0020                              
  7873 00003F20 0000                    add [bx+si],al	; 00003DE5  0000                              
  7874 00003F22 40                      inc ax	; 00003DE7  40                                
  7875 00003F23 A00001                  mov al,[0x100]	; 00003DE8  A00001                            
  7876 00003F26 42                      inc dx	; 00003DEB  42                                
  7877 00003F27 AA                      stosb	; 00003DEC  AA                                
  7878 00003F28 80054A                  add byte [di],0x4a	; 00003DED  80054A                            
  7879 00003F2B AA                      stosb	; 00003DF0  AA                                
  7880 00003F2C 80054A                  add byte [di],0x4a	; 00003DF1  80054A                            
  7881 00003F2F AA                      stosb	; 00003DF4  AA                                
  7882 00003F30 80054A                  add byte [di],0x4a	; 00003DF5  80054A                            
  7883 00003F33 AA                      stosb	; 00003DF8  AA                                
  7884 00003F34 A815                    test al,0x15	; 00003DF9  A815                              
  7885 00003F36 0AAAA015                or ch,[bp+si+0x15a0]	; 00003DFB  0AAAA015                          
  7886 00003F3A 06                      push es	; 00003DFF  06                                
  7887 00003F3B AA                      stosb	; 00003E00  AA                                
  7888 00003F3C 801505                  adc byte [di],0x5	; 00003E01  801505                            
  7889 00003F3F AA                      stosb	; 00003E04  AA                                
  7890 00003F40 0014                    add [si],dl	; 00003E05  0014                              
  7891 00003F42 1000                    adc [bx+si],al	; 00003E07  1000                              
  7892 00003F44 0015                    add [di],dl	; 00003E09  0015                              
  7893 00003F46 40                      inc ax	; 00003E0B  40                                
  7894 00003F47 0000                    add [bx+si],al	; 00003E0C  0000                              
  7895 00003F49 155555                  adc ax,0x5555	; 00003E0E  155555                            
  7896 00003F4C 40                      inc ax	; 00003E11  40                                
  7897 00003F4D 155550                  adc ax,0x5055	; 00003E12  155550                            
  7898 00003F50 0015                    add [di],dl	; 00003E15  0015                              
  7899 00003F52 54                      push sp	; 00003E17  54                                
  7900 00003F53 0000                    add [bx+si],al	; 00003E18  0000                              
  7901 00003F55 0105                    add [di],ax	; 00003E1A  0105                              
  7902 00003F57 0000                    add [bx+si],al	; 00003E1C  0000                              
  7903 00003F59 0000                    add [bx+si],al	; 00003E1E  0000                              
  7904 00003F5B 0002                    add [bp+si],al	; 00003E20  0002                              
  7905 00003F5D A00A80                  mov al,[0x800a]	; 00003E22  A00A80                            
  7906 00003F60 0AA82AA0                or ch,[bx+si-0x5fd6]	; 00003E25  0AA82AA0                          
  7907 00003F64 29D5                    sub bp,dx	; 00003E29  2BEA                              
  7908 00003F66 AA                      stosb	; 00003E2B  AA                                
  7909 00003F67 A82F                    test al,0x2f	; 00003E2C  A82F                              
  7910 00003F69 AA                      stosb	; 00003E2E  AA                                
  7911 00003F6A AA                      stosb	; 00003E2F  AA                                
  7912 00003F6B A82F                    test al,0x2f	; 00003E30  A82F                              
  7913 00003F6D AA                      stosb	; 00003E32  AA                                
  7914 00003F6E AA                      stosb	; 00003E33  AA                                
  7915 00003F6F A82B                    test al,0x2b	; 00003E34  A82B                              
  7916 00003F71 AA                      stosb	; 00003E36  AA                                
  7917 00003F72 AA                      stosb	; 00003E37  AA                                
  7918 00003F73 A80A                    test al,0xa	; 00003E38  A80A                              
  7919 00003F75 EAAAA00AAA              jmp word 0xaa0a:word 0xa0aa	; 00003E3A  EAAAA00AAA                        
  7920 00003F7A AA                      stosb	; 00003E3F  AA                                
  7921 00003F7B A002AA                  mov al,[0xaa02]	; 00003E40  A002AA                            
  7922 00003F7E AA                      stosb	; 00003E43  AA                                
  7923 00003F7F 8000AA                  add byte [bx+si],0xaa	; 00003E44  8000AA                            
  7924 00003F82 AA                      stosb	; 00003E47  AA                                
  7925 00003F83 0000                    add [bx+si],al	; 00003E48  0000                              
  7926 00003F85 2A28                    sub ch,[bx+si+0x0]	; 00003E4A  2AA80000                          
  7927 00003F87 0200                    add al,[bx+si+0x0]	; 00003E4E  02800000                          
  7928 00003F89 0000                    add [bx+si],al	; 00003E52  0000                              
  7929 00003F8B 0002                    add [bp+si],al	; 00003E54  0002                              
  7930 00003F8D 83C000                  add ax,0x0	; 00003E56  050000                            
  7931 00003F90 0000                    add [bx+si],al	; 00003E59  0000                              
  7932 00003F92 0000                    add [bx+si],al	; 00003E5B  0000                              
  7933 00003F94 0200                    add al,[bx+si]	; 00003E5D  0200                              
  7934 00003F96 0000                    add [bx+si],al	; 00003E5F  0000                              
  7935 00003F98 0200                    add al,[bx+si+0x0]	; 00003E61  02800000                          
  7936 00003F9A 0000                    add [bx+si+0x0],al	; 00003E65  00800000                          
  7937 00003F9C 01C0                    add ax,ax	; 00003E69  03C0                              
  7938 00003F9E 0000                    add [bx+si],al	; 00003E6B  0000                              
  7939 00003FA0 01C0                    add ax,ax	; 00003E6D  03C0                              
  7940 00003FA2 0000                    add [bx+si],al	; 00003E6F  0000                              
  7941 00003FA4 01C0                    add ax,ax	; 00003E71  03C0                              
  7942 00003FA6 0000                    add [bx+si],al	; 00003E73  0000                              
  7943 00003FA8 01C0                    add ax,ax	; 00003E75  03C0                              
  7944 00003FAA 0000                    add [bx+si],al	; 00003E77  0000                              
  7945 00003FAC 01C0                    add ax,ax	; 00003E79  03C0                              
  7946 00003FAE 0000                    add [bx+si],al	; 00003E7B  0000                              
  7947 00003FB0 055150                  add ax,0x5051	; 00003E7D  055150                            
  7948 00003FB3 0401                    add al,0x1	; 00003E80  0401                              
  7949 00003FB5 41                      inc cx	; 00003E82  41                                
  7950 00003FB6 1005                    adc [di],al	; 00003E83  1005                              
  7951 00003FB8 55                      push bp	; 00003E85  55                                
  7952 00003FB9 55                      push bp	; 00003E86  55                                
  7953 00003FBA 50                      push ax	; 00003E87  50                                
  7954 00003FBB 015554                  add [di+0x54],dx	; 00003E88  015554                            
  7955 00003FBE 0000                    add [bx+si],al	; 00003E8B  0000                              
  7956 00003FC0 0000                    add [bx+si],al	; 00003E8D  0000                              
  7957 00003FC2 0004                    add [si],al	; 00003E8F  0004                              
  7958 00003FC4 0000                    add [bx+si],al	; 00003E91  0000                              
  7959 00003FC6 002A                    add [bp+si],ch	; 00003E93  002A                              
  7960 00003FC8 A800                    test al,0x0	; 00003E95  A800                              
  7961 00003FCA 0283C280                add al,[bp+di-0x7f3e]	; 00003E97  0283C280                          
  7962 00003FCE 0803                    or [bp+di],al	; 00003E9B  0803                              
  7963 00003FD0 C02008                  shl byte [bx+si],byte 0x8	; 00003E9D  C02008                            
  7964 00003FD3 0F                      db 0x0f	; 00003EA0  0F                                
  7965 00003FD4 F02023                  lock and [bp+di],ah	; 00003EA1  F02023                            
  7966 00003FD7 FF                      db 0xff	; 00003EA4  FF                                
  7967 00003FD8 48                      dec ax	; 00003EA5  FFC8                              
  7968 00003FD9 2F                      das	; 00003EA7  2F                                
  7969 00003FDA FF                      db 0xff	; 00003EA8  FF                                
  7970 00003FDB FF                      db 0xff	; 00003EA9  FF                                
  7971 00003FDC F8                      clc	; 00003EAA  F8                                
  7972 00003FDD 21FF                    and di,di	; 00003EAB  23FF                              
  7973 00003FDF 48                      dec ax	; 00003EAD  FFC8                              
  7974 00003FE0 20FF                    and bh,bh	; 00003EAF  20FF                              
  7975 00003FE2 FF08                    dec word [bx+si]	; 00003EB1  FF08                              
  7976 00003FE4 203F                    and [bx],bh	; 00003EB3  203F                              
  7977 00003FE6 FC                      cld	; 00003EB5  FC                                
  7978 00003FE7 0820                    or [bx+si],ah	; 00003EB6  0820                              
  7979 00003FE9 3F                      aas	; 00003EB8  3F                                
  7980 00003FEA FC                      cld	; 00003EB9  FC                                
  7981 00003FEB 0808                    or [bx+si],cl	; 00003EBA  0808                              
  7982 00003FED FF                      db 0xff	; 00003EBC  FF                                
  7983 00003FEE FF20                    jmp word near [bx+si]	; 00003EBD  FF20                              
  7984 00003FF0 08FC                    or ah,bh	; 00003EBF  08FC                              
  7985 00003FF2 3F                      aas	; 00003EC1  3F                                
  7986 00003FF3 2002                    and [bp+si],al	; 00003EC2  2002                              
  7987 00003FF5 800280                  add byte [bp+si],0x80	; 00003EC4  800280                            
  7988 00003FF8 002A                    add [bp+si],ch	; 00003EC7  002A                              
  7989 00003FFA A800                    test al,0x0	; 00003EC9  A800                              
  7990 00003FFC 06                      push es	; 00003ECB  06                                
  7991 00003FFD 0000                    add [bx+si],al	; 00003ECC  0000                              
  7992 00003FFF 003F                    add [bx],bh	; 00003ECE  003F                              
  7993 00004001 F00000                  lock add [bx+si],al	; 00003ED0  F00000                            
  7994 00004004 FF                      db 0xff	; 00003ED3  FF                                
  7995 00004005 FC                      cld	; 00003ED4  FC                                
  7996 00004006 0003                    add [bp+di],al	; 00003ED5  0003                              
  7997 00004008 FF                      db 0xff	; 00003ED7  FF                                
  7998 00004009 FF00                    inc word [bx+si]	; 00003ED8  FF00                              
  7999 0000400B 0F                      db 0x0f	; 00003EDA  0F                                
  8000 0000400C F0                      lock	; 00003EDB  F0                                
  8000          ******************       warning: instruction is not lockable [-w+prefix-lock-error]
  8001 0000400D 3F                      aas	; 00003EDC  3F                                
  8002 0000400E C00FCF                  ror byte [bx],byte 0xcf	; 00003EDD  C00FCF                            
  8003 00004011 CF                      iret	; 00003EE0  CF                                
  8004 00004012 C00FCF                  ror byte [bx],byte 0xcf	; 00003EE1  C00FCF                            
  8005 00004015 CF                      iret	; 00003EE4  CF                                
  8006 00004016 C00FCF                  ror byte [bx],byte 0xcf	; 00003EE5  C00FCF                            
  8007 00004019 CF                      iret	; 00003EE8  CF                                
  8008 0000401A C003F3                  rol byte [bp+di],byte 0xf3	; 00003EE9  C003F3                            
  8009 0000401D 3F                      aas	; 00003EEC  3F                                
  8010 0000401E 0000                    add [bx+si],al	; 00003EED  0000                              
  8011 00004020 F33C00                  rep cmp al,0x0	; 00003EEF  F33C00                            
  8012 00004023 0033                    add [bp+di],dh	; 00003EF2  0033                              
  8013 00004025 3000                    xor [bx+si],al	; 00003EF4  3000                              
  8014 00004027 0020                    add [bx+si],ah	; 00003EF6  0020                              
  8015 00004029 2000                    and [bx+si],al	; 00003EF8  2000                              
  8016 0000402B 002A                    add [bp+si],ch	; 00003EFA  002A                              
  8017 0000402D A00000                  mov al,[0x0]	; 00003EFC  A00000                            
  8018 00004030 2020                    and [bx+si],ah	; 00003EFF  2020                              
  8019 00004032 0000                    add [bx+si],al	; 00003F01  0000                              
  8020 00004034 0A80003F                or al,[bx+si+0x3f00]	; 00003F03  0A80003F                          
  8021 00004038 F0                      lock	; 00003F07  F0                                
  8021          ******************       warning: instruction is not lockable [-w+prefix-lock-error]
  8022 00004039 C00CC0                  ror byte [si],byte 0xc0	; 00003F08  C00CC0                            
  8023 0000403C 0C3F                    or al,0x3f	; 00003F0B  0C3F                              
  8024 0000403E F00000                  lock add [bx+si],al	; 00003F0D  F00000                            
  8025 00004041 C0                      db 0xc0	; 00003F10  C0                                
  8026 00004042 30FF                    xor bh,bh	; 00003F11  30FF                              
  8027 00004044 FC                      cld	; 00003F13  FC                                
  8028 00004045 C000F0                  rol byte [bx+si],byte 0xf0	; 00003F14  C000F0                            
  8029 00004048 30CC                    xor ah,cl	; 00003F17  30CC                              
  8030 0000404A 0CC3                    or al,0xc3	; 00003F19  0CC3                              
  8031 0000404C 0CC0                    or al,0xc0	; 00003F1B  0CC0                              
  8032 0000404E F03030                  lock xor [bx+si],dh	; 00003F1D  F03030                            
  8033 00004051 C00CC3                  ror byte [si],byte 0xc3	; 00003F20  C00CC3                            
  8034 00004054 0C3C                    or al,0x3c	; 00003F23  0C3C                              
  8035 00004056 F0                      lock	; 00003F25  F0                                
  8035          ******************       warning: instruction is not lockable [-w+prefix-lock-error]
  8036 00004057 01E7                    add di,sp	; 00003F26  03FC                              
  8037 00004059 0300                    add ax,[bx+si]	; 00003F28  0300                              
  8038 0000405B 0300                    add ax,[bx+si]	; 00003F2A  0300                              
  8039 0000405D FF                      db 0xff	; 00003F2C  FF                                
  8040 0000405E FC                      cld	; 00003F2D  FC                                
  8041 0000405F 31E7                    xor di,sp	; 00003F2E  33FC                              
  8042 00004061 C3                      ret	; 00003F30  C3                                
  8043 00004062 0CC3                    or al,0xc3	; 00003F31  0CC3                              
  8044 00004064 0C3C                    or al,0x3c	; 00003F33  0C3C                              
  8045 00004066 0C3F                    or al,0x3f	; 00003F35  0C3F                              
  8046 00004068 F0                      lock	; 00003F37  F0                                
  8046          ******************       warning: instruction is not lockable [-w+prefix-lock-error]
  8047 00004069 C3                      ret	; 00003F38  C3                                
  8048 0000406A 0CC3                    or al,0xc3	; 00003F39  0CC3                              
  8049 0000406C 0C3C                    or al,0x3c	; 00003F3B  0C3C                              
  8050 0000406E 300E0100                xor [0x1],cl	; 00003F3D  300E0100                          
  8051 00004072 0000                    add [bx+si],al	; 00003F41  0000                              
  8052 00004074 0000                    add [bx+si],al	; 00003F43  0000                              
  8053 00004076 0000                    add [bx+si],al	; 00003F45  0000                              
  8054 00004078 0000                    add [bx+si],al	; 00003F47  0000                              
  8055 0000407A 0000                    add [bx+si],al	; 00003F49  0000                              
  8056 0000407C 0000                    add [bx+si],al	; 00003F4B  0000                              
  8057 0000407E 0000                    add [bx+si],al	; 00003F4D  0000                              
  8058 00004080 0000                    add [bx+si],al	; 00003F4F  0000                              
  8059 00004082 0000                    add [bx+si],al	; 00003F51  0000                              
  8060 00004084 0000                    add [bx+si],al	; 00003F53  0000                              
  8061 00004086 0000                    add [bx+si],al	; 00003F55  0000                              
  8062 00004088 0000                    add [bx+si],al	; 00003F57  0000                              
  8063 0000408A 0000                    add [bx+si],al	; 00003F59  0000                              
  8064 0000408C 0000                    add [bx+si],al	; 00003F5B  0000                              
  8065 0000408E 0000                    add [bx+si],al	; 00003F5D  0000                              
  8066 00004090 0000                    add [bx+si],al	; 00003F5F  0000                              
  8067 00004092 0000                    add [bx+si],al	; 00003F61  0000                              
  8068 00004094 0000                    add [bx+si],al	; 00003F63  0000                              
  8069 00004096 0000                    add [bx+si],al	; 00003F65  0000                              
  8070 00004098 0000                    add [bx+si],al	; 00003F67  0000                              
  8071 0000409A 0000                    add [bx+si],al	; 00003F69  0000                              
  8072 0000409C 0000                    add [bx+si],al	; 00003F6B  0000                              
  8073 0000409E 0000                    add [bx+si],al	; 00003F6D  0000                              
  8074 000040A0 0000                    add [bx+si],al	; 00003F6F  0000                              
  8075 000040A2 0000                    add [bx+si],al	; 00003F71  0000                              
  8076 000040A4 0000                    add [bx+si],al	; 00003F73  0000                              
  8077 000040A6 0000                    add [bx+si],al	; 00003F75  0000                              
  8078 000040A8 0000                    add [bx+si],al	; 00003F77  0000                              
  8079 000040AA 0000                    add [bx+si],al	; 00003F79  0000                              
  8080 000040AC 0000                    add [bx+si],al	; 00003F7B  0000                              
  8081 000040AE 0000                    add [bx+si],al	; 00003F7D  0000                              
  8082 000040B0 0000                    add [bx+si],al	; 00003F7F  0000                              
  8083 000040B2 0000                    add [bx+si],al	; 00003F81  0000                              
  8084 000040B4 0000                    add [bx+si],al	; 00003F83  0000                              
  8085 000040B6 0000                    add [bx+si],al	; 00003F85  0000                              
  8086 000040B8 0000                    add [bx+si],al	; 00003F87  0000                              
  8087 000040BA 0000                    add [bx+si],al	; 00003F89  0000                              
  8088 000040BC 0000                    add [bx+si],al	; 00003F8B  0000                              
  8089 000040BE 0000                    add [bx+si],al	; 00003F8D  0000                              
  8090 000040C0 0100                    add [bx+si],ax	; 00003F8F  0100                              
  8091 000040C2 0000                    add [bx+si],al	; 00003F91  0000                              
  8092 000040C4 0000                    add [bx+si],al	; 00003F93  0000                              
  8093 000040C6 0000                    add [bx+si],al	; 00003F95  0000                              
  8094 000040C8 009B0F8A                add [bp+di-0x75f1],bl	; 00003F97  009B0F8A                          
  8095 000040CC 0F790F                  vmwrite ecx,dword [bx]	; 00003F9B  0F790F                            
  8096 000040CF 6A0F                    push word 0xf	; 00003F9E  6A0F                              
  8097 000040D1 0100                    add [bx+si],ax	; 00003FA0  0100                              
  8098 000040D3 90                      nop	; 00003FA2  90                                
  8099 000040D4 01B401E0                add [si-0x1fff],si	; 00003FA3  01B401E0                          
  8100 000040D8 0115                    add [di],dx	; 00003FA7  0115                              
  8101 000040DA 025802                  add bl,[bx+si+0x2]	; 00003FA9  025802                            
  8102 000040DD 1502E0                  adc ax,0xe002	; 00003FAC  1502E0                            
  8103 000040E0 01B40190                add [si-0x6fff],si	; 00003FAF  01B40190                          
  8104 000040E4 01881302                add [bx+si+0x213],cx	; 00003FB3  01881302                          
  8105 000040E8 007017                  add [bx+si+0x17],dh	; 00003FB7  007017                            
  8106 000040EB 0200                    add al,[bx+si]	; 00003FBA  0200                              
  8107 000040ED 4C                      dec sp	; 00003FBC  4C                                
  8108 000040EE 83D802                  sbb ax,0x2	; 00003FBD  1D0200                            
  8109 000040F1 1027                    adc [bx],ah	; 00003FC0  1027                              
  8110 000040F3 0200                    add al,[bx+si]	; 00003FC2  0200                              
  8111 000040F5 A302E0                  mov [0xe002],ax	; 00003FC4  A302E0                            
  8112 000040F8 0223                    add ah,[bp+di]	; 00003FC7  0223                              
  8113 000040FA 036B03                  add bp,[bp+di+0x3]	; 00003FC9  036B03                            
  8114 000040FD BB0311                  mov bx,0x1103	; 00003FCC  BB0311                            
  8115 00004100 046F                    add al,0x6f	; 00003FCF  046F                              
  8116 00004102 04D6                    add al,0xd6	; 00003FD1  04D6                              
  8117 00004104 0446                    add al,0x46	; 00003FD3  0446                              
  8118 00004106 05C005                  add ax,0x5c0	; 00003FD5  05C005                            
  8119 00004109 45                      inc bp	; 00003FD8  45                                
  8120 0000410A 06                      push es	; 00003FD9  06                                
  8121 0000410B D7                      xlatb	; 00003FDA  D7                                
  8122 0000410C 06                      push es	; 00003FDB  06                                
  8123 0000410D 0F85(E53F)              jnz 0x3fe5	; 00003FDC  7507                              
  8124 00004111 2208                    and cl,[bx+si]	; 00003FDE  2208                              
  8125 00004113 DE08                    fimul word [bx+si]	; 00003FE0  DE08                              
  8126 00004115 AC                      lodsb	; 00003FE2  AC                                
  8127 00004116 098C0A80                or [si-0x7ff6],cx	; 00003FE3  098C0A80                          
  8128 0000411A 0B8B0CAD                or cx,[bp+di-0x52f4]	; 00003FE7  0B8B0CAD                          
  8129 0000411E 0DEA0E                  or ax,0xeea	; 00003FEB  0DEA0E                            
  8130 00004121 44                      inc sp	; 00003FEE  44                                
  8131 00004122 10BD1158                adc [di+0x5811],bh	; 00003FEF  10BD1158                          
  8132 00004126 1318                    adc bx,[bx+si]	; 00003FF3  1318                              
  8133 00004128 15EA06                  adc ax,0x6ea	; 00003FF5  15EA06                            
  8134 0000412B D40D                    aam byte 0xd	; 00003FF8  D40D                              
  8135 0000412D 1E                      push ds	; 00003FFA  1E                                
  8136 0000412E 06                      push es	; 00003FFB  06                                
  8137 0000412F 3D0C6A                  cmp ax,0x6a0c	; 00003FFC  3D0C6A                            
  8138 00004132 05D40A                  add ax,0xad4	; 00003FFF  05D40A                            
  8139 00004135 CB                      retf	; 00004002  CB                                
  8140 00004136 0495                    add al,0x95	; 00004003  0495                              
  8141 00004138 093E047B                or [0x7b04],di	; 00004005  093E047B                          
  8142 0000413C 08C1                    or cl,al	; 00004009  08C1                              
  8143 0000413E 03810752                add ax,[bx+di+0x5207]	; 0000400B  03810752                          
  8144 00004142 03A406F0                add sp,[si-0xffa]	; 0000400F  03A406F0                          
  8145 00004146 00CC                    add ah,cl	; 00004013  02E1                              
  8146 00004148 059A02                  add ax,0x29a	; 00004015  059A02                            
  8147 0000414B 3405                    xor al,0x5	; 00004018  3405                              
  8148 0000414D 4D                      dec bp	; 0000401A  4D                                
  8149 0000414E 029A0409                add bl,[bp+si+0x904]	; 0000401B  029A0409                          
  8150 00004152 0213                    add dl,[bp+di]	; 0000401F  0213                              
  8151 00004154 04CD                    add al,0xcd	; 00004021  04CD                              
  8152 00004156 015B03                  add [bp+di+0x3],bx	; 00004023  019B0300                          
  8153 00004159 0000                    add [bx+si],al	; 00004027  0000                              
  8154 0000415B 0000                    add [bx+si],al	; 00004029  0000                              
  8155 0000415D 0000                    add [bx+si],al	; 0000402B  0000                              
  8156 0000415F 0000                    add [bx+si],al	; 0000402D  0000                              
  8157 00004161 007374                  add [bp+di+0x74],dh	; 0000402F  007374                            
  8158 00004164 61                      popa	; 00004032  61                                
  8159 00004165 6B737461                imul si,[bp+di+0x74],0x61	; 00004033  6B737461                          
  8160 00004169 6B737461                imul si,[bp+di+0x74],0x61	; 00004037  6B737461                          
  8161 0000416D 6B737461                imul si,[bp+di+0x74],0x61	; 0000403B  6B737461                          
  8162 00004171 6B                      db 0x6b	; 0000403F  6B                                
